<?xml version="1.0" encoding="utf-8"?>
<COLLADA xmlns="http://www.collada.org/2005/11/COLLADASchema" version="1.4.1" xmlns:xsi="http://www.w3.org/2001/XMLSchema-instance">
  <asset>
    <contributor>
      <author>Blender User</author>
      <authoring_tool>Blender 3.6.5 commit date:2023-10-16, commit time:14:30, hash:cf1e1ed46b7e</authoring_tool>
    </contributor>
    <created>2023-11-11T15:25:18</created>
    <modified>2023-11-11T15:25:18</modified>
    <unit name="meter" meter="1"/>
    <up_axis>Z_UP</up_axis>
  </asset>
  <library_effects>
    <effect id="Material_003-effect">
      <profile_COMMON>
        <newparam sid="wrld_001-surface">
          <surface type="2D">
            <init_from>wrld_001</init_from>
          </surface>
        </newparam>
        <newparam sid="wrld_001-sampler">
          <sampler2D>
            <source>wrld_001-surface</source>
          </sampler2D>
        </newparam>
        <technique sid="common">
          <lambert>
            <emission>
              <color sid="emission">0 0 0 1</color>
            </emission>
            <diffuse>
              <texture texture="wrld_001-sampler" texcoord="UVMap"/>
            </diffuse>
            <index_of_refraction>
              <float sid="ior">1.45</float>
            </index_of_refraction>
          </lambert>
        </technique>
      </profile_COMMON>
    </effect>
  </library_effects>
  <library_images>
    <image id="wrld_001" name="wrld_001">
      <init_from>/C:/Users/rarit/Desktop/wrld.001.png</init_from>
    </image>
  </library_images>
  <library_materials>
    <material id="Material_003-material" name="Material.003">
      <instance_effect url="#Material_003-effect"/>
    </material>
  </library_materials>
  <library_geometries>
    <geometry id="Sphere_001-mesh" name="Sphere.001">
      <mesh>
        <source id="Sphere_001-mesh-positions">
          <float_array id="Sphere_001-mesh-positions-array" count="7356">0 54.07397 114.913 0 68.05001 107.2296 0 97.85518 80.95286 0 97.85518 -80.95286 0 68.05001 -107.2296 0 54.07397 -114.913 0 23.79743 -124.7505 0.9994569 7.911516 126.7494 1.994969 15.79181 125.9986 2.982608 23.60978 124.7505 3.958477 31.33457 123.0101 4.918723 38.9357 120.7842 5.859556 46.38316 118.0816 6.777266 53.64758 114.913 7.668228 60.70028 111.291 8.528928 67.51342 107.2296 9.355967 74.06011 102.7452 10.14608 80.31452 97.85518 10.89616 86.25196 92.57902 11.60323 91.84901 86.93749 12.26451 97.08357 80.95286 12.87738 101.935 74.64873 13.43944 106.3841 68.05001 13.94845 110.4134 61.18272 14.40242 114.0069 54.07397 14.79955 117.1505 46.75181 15.13827 119.8318 39.24516 15.41725 122.0401 31.58362 15.63538 123.7668 23.79743 15.79181 125.005 15.91732 15.88591 125.75 7.974396 15.91732 125.9986 0 15.88591 125.75 -7.974396 15.79181 125.005 -15.91732 15.63538 123.7668 -23.79743 15.41725 122.0401 -31.58362 15.13827 119.8318 -39.24516 14.79955 117.1505 -46.75181 14.40242 114.0069 -54.07397 13.94845 110.4134 -61.18272 13.43944 106.3841 -68.05001 12.87738 101.935 -74.64873 12.26451 97.08357 -80.95286 11.60323 91.84901 -86.93749 10.89616 86.25196 -92.57902 10.14608 80.31452 -97.85518 9.355967 74.06011 -102.7452 8.528928 67.51342 -107.2296 7.668228 60.70028 -111.291 6.777266 53.64758 -114.913 5.859556 46.38316 -118.0816 4.918723 38.9357 -120.7842 3.958477 31.33457 -123.0101 2.982608 23.60978 -124.7505 1.994969 15.79181 -125.9986 0.9994569 7.911516 -126.7494 0 0 127 1.983152 7.723866 126.7494 3.958477 15.41725 125.9986 5.918179 23.04979 124.7505 7.854526 30.59136 123.0101 9.759875 38.0122 120.7842 11.6267 45.28302 118.0816 13.44765 52.37514 114.913 15.21552 59.26056 111.291 16.92335 65.9121 107.2296 18.56439 72.30351 102.7452 20.13216 78.40958 97.85518 21.62047 84.20619 92.57902 23.02347 89.67048 86.93749 24.33559 94.78089 80.95286 25.55168 99.51725 74.64873 26.66693 103.8608 68.05001 27.67693 107.7945 61.18272 28.57771 111.3028 54.07397 29.3657 114.3719 46.75181 30.03781 116.9895 39.24516 30.59136 119.1455 31.58362 31.02419 120.8312 23.79743 31.33457 122.0401 15.91732 31.52129 122.7673 7.974396 31.58362 123.0101 0 31.52129 122.7673 -7.974396 31.33457 122.0401 -15.91732 31.02419 120.8312 -23.79743 30.59136 119.1455 -31.58362 30.03781 116.9895 -39.24516 29.3657 114.3719 -46.75181 28.57771 111.3028 -54.07397 27.67693 107.7945 -61.18272 26.66693 103.8608 -68.05001 25.55168 99.51725 -74.64873 24.33559 94.78089 -80.95286 23.02347 89.67048 -86.93749 21.62047 84.20619 -92.57902 20.13216 78.40958 -97.85518 18.56439 72.30351 -102.7452 16.92335 65.9121 -107.2296 15.21552 59.26056 -111.291 13.44765 52.37514 -114.913 11.6267 45.28302 -118.0816 9.759875 38.0122 -120.7842 7.854526 30.59136 -123.0101 5.918179 23.04979 -124.7505 3.958477 15.41725 -125.9986 1.983152 7.723866 -126.7494 2.935571 7.414406 126.7494 5.859557 14.79955 125.9986 8.760417 22.12629 124.7505 11.62671 29.36571 123.0101 14.44711 36.48923 120.7842 17.21049 43.46873 118.0816 19.90596 50.27671 114.913 22.52286 56.88626 111.291 25.05088 63.2713 107.2296 27.48003 69.40664 102.7452 29.80074 75.26807 97.85518 32.00382 80.83244 92.57902 34.08061 86.0778 86.93749 36.02289 90.98345 80.95286 37.82302 95.53005 74.64873 39.47387 99.69961 68.05001 40.96893 103.4757 61.18272 42.30231 106.8435 54.07397 43.46874 109.7895 46.75181 44.46362 112.3023 39.24516 45.28303 114.3719 31.58362 45.92372 115.9901 23.79743 46.38317 117.1505 15.91732 46.65957 117.8486 7.974396 46.75182 118.0816 0 46.65957 117.8486 -7.974396 46.38317 117.1505 -15.91732 45.92372 115.9901 -23.79743 45.28303 114.3719 -31.58362 44.46362 112.3023 -39.24516 43.46874 109.7895 -46.75181 42.30231 106.8435 -54.07397 40.96893 103.4757 -61.18272 39.47387 99.69961 -68.05001 37.82302 95.53005 -74.64873 36.02289 90.98345 -80.95286 34.08061 86.0778 -86.93749 32.00382 80.83244 -92.57902 29.80074 75.26807 -97.85518 27.48003 69.40664 -102.7452 25.05088 63.2713 -107.2296 22.52286 56.88626 -111.291 19.90596 50.27671 -114.913 17.21049 43.46873 -118.0816 14.44711 36.48923 -120.7842 11.62671 29.36571 -123.0101 8.760417 22.12629 -124.7505 5.859557 14.79955 -125.9986 2.935571 7.414406 -126.7494 3.841695 6.988017 126.7494 7.668229 13.94846 125.9986 11.4645 20.85385 124.7505 15.21553 27.67694 123.0101 18.9065 34.3908 120.7842 22.52286 40.96892 118.0816 26.05034 47.38539 114.913 29.475 53.61484 111.291 32.78335 59.63268 107.2296 35.9623 65.41519 102.7452 38.99934 70.93954 97.85518 41.88245 76.18392 92.57902 44.60029 81.12762 86.93749 47.1421 85.75116 80.95286 49.49786 90.03629 74.64873 51.65828 93.96607 68.05001 53.61482 97.525 61.18272 55.35979 100.6991 54.07397 56.88625 103.4757 46.75181 58.18822 105.844 39.24516 59.26055 107.7945 31.58362 60.09901 109.3197 23.79743 60.70028 110.4134 15.91732 61.06199 111.0714 7.974396 61.18272 111.291 0 61.06199 111.0714 -7.974396 60.70028 110.4134 -15.91732 60.09901 109.3197 -23.79743 59.26055 107.7945 -31.58362 58.18822 105.844 -39.24516 56.88625 103.4757 -46.75181 55.35979 100.6991 -54.07397 53.61482 97.525 -61.18272 51.65828 93.96607 -68.05001 49.49786 90.03629 -74.64873 47.1421 85.75116 -80.95286 44.60029 81.12762 -86.93749 41.88245 76.18392 -92.57902 38.99934 70.93954 -97.85518 35.9623 65.41519 -102.7452 32.78335 59.63268 -107.2296 29.475 53.61484 -111.291 26.05034 47.38539 -114.913 22.52286 40.96892 -118.0816 18.9065 34.3908 -120.7842 15.21553 27.67694 -123.0101 11.4645 20.85385 -124.7505 7.668229 13.94846 -125.9986 3.841695 6.988017 -126.7494 4.687232 6.451423 126.7494 9.355968 12.87738 125.9986 13.98778 19.25253 124.7505 18.56439 25.55169 123.0101 23.06773 31.75001 120.7842 27.48003 37.82301 118.0816 31.78389 43.74677 114.913 35.96231 49.49787 111.291 39.9988 55.05362 107.2296 43.87742 60.3921 102.7452 47.5829 65.49224 97.85518 51.10058 70.33393 92.57902 54.41659 74.89801 86.93749 57.51784 79.16652 80.95286 60.3921 83.1226 74.64873 63.02801 86.75061 68.05001 65.41518 90.03627 61.18272 67.5442 92.96662 54.07397 69.40664 95.53004 46.75181 70.99517 97.71647 39.24516 72.30351 99.51724 31.58362 73.3265 100.9253 23.79743 74.06011 101.935 15.91732 74.50144 102.5424 7.974396 74.64874 102.7452 0 74.50144 102.5424 -7.974396 74.06011 101.935 -15.91732 73.3265 100.9253 -23.79743 72.30351 99.51724 -31.58362 70.99517 97.71647 -39.24516 69.40664 95.53004 -46.75181 67.5442 92.96662 -54.07397 65.41518 90.03627 -61.18272 63.02801 86.75061 -68.05001 60.3921 83.1226 -74.64873 57.51784 79.16652 -80.95286 54.41659 74.89801 -86.93749 51.10058 70.33393 -92.57902 47.5829 65.49224 -97.85518 43.87742 60.3921 -102.7452 39.9988 55.05362 -107.2296 35.96231 49.49787 -111.291 31.78389 43.74677 -114.913 27.48003 37.82301 -118.0816 23.06773 31.75001 -120.7842 18.56439 25.55169 -123.0101 13.98778 19.25253 -124.7505 9.355968 12.87738 -125.9986 4.687232 6.451423 -126.7494 5.45885 5.813086 126.7494 10.89616 11.60323 125.9986 16.29046 17.34758 124.7505 21.62048 23.02347 123.0101 26.86517 28.6085 120.7842 32.00382 34.08061 118.0816 37.01619 39.41823 114.913 41.88246 44.60029 111.291 46.58344 49.60633 107.2296 51.10057 54.4166 102.7452 55.41605 59.0121 97.85518 59.51281 63.37472 92.57902 63.37471 67.48721 86.93749 66.9865 71.33337 80.95286 70.33392 74.89802 74.64873 73.40375 78.16706 68.05001 76.1839 81.12762 61.18272 78.6634 83.76802 54.07397 80.83245 86.0778 46.75181 82.68247 88.04789 39.24516 84.20619 89.67048 31.58362 85.39759 90.93921 23.79743 86.25197 91.84901 15.91732 86.76595 92.39635 7.974396 86.9375 92.57903 0 86.76595 92.39635 -7.974396 86.25197 91.84901 -15.91732 85.39759 90.93921 -23.79743 84.20619 89.67048 -31.58362 82.68247 88.04789 -39.24516 80.83245 86.0778 -46.75181 78.6634 83.76802 -54.07397 76.1839 81.12762 -61.18272 73.40375 78.16706 -68.05001 70.33392 74.89802 -74.64873 66.9865 71.33337 -80.95286 63.37471 67.48721 -86.93749 59.51281 63.37472 -92.57902 55.41605 59.0121 -97.85518 51.10057 54.4166 -102.7452 46.58344 49.60633 -107.2296 41.88246 44.60029 -111.291 37.01619 39.41823 -114.913 32.00382 34.08061 -118.0816 26.86517 28.6085 -120.7842 21.62048 23.02347 -123.0101 16.29046 17.34758 -124.7505 10.89616 11.60323 -125.9986 5.45885 5.813086 -126.7494 6.144378 5.083072 126.7494 12.26451 10.14608 125.9986 18.33624 15.16905 124.7505 24.3356 20.13216 123.0101 30.23892 25.01581 120.7842 36.02289 29.80073 118.0816 41.66472 34.46805 114.913 47.14211 38.99935 111.291 52.43344 43.37671 107.2296 57.51784 47.58291 102.7452 62.37525 51.60129 97.85518 66.9865 55.41606 92.57902 71.33338 59.01209 86.93749 75.39873 62.37525 80.95286 79.16652 65.49225 74.64873 82.62187 68.35076 68.05001 85.75115 70.93953 61.18272 88.54203 73.24834 54.07397 90.98347 75.26806 46.75181 93.06582 76.99075 39.24516 94.7809 78.40957 31.58362 96.12191 79.51898 23.79743 97.08358 80.31452 15.91732 97.6621 80.79312 7.974396 97.8552 80.95286 0 97.6621 80.79312 -7.974396 97.08358 80.31452 -15.91732 96.12191 79.51898 -23.79743 94.7809 78.40957 -31.58362 93.06582 76.99075 -39.24516 90.98347 75.26806 -46.75181 88.54203 73.24834 -54.07397 85.75115 70.93953 -61.18272 82.62187 68.35076 -68.05001 79.16652 65.49225 -74.64873 75.39873 62.37525 -80.95286 71.33338 59.01209 -86.93749 66.9865 55.41606 -92.57902 62.37525 51.60129 -97.85518 57.51784 47.58291 -102.7452 52.43344 43.37671 -107.2296 47.14211 38.99935 -111.291 41.66472 34.46805 -114.913 36.02289 29.80073 -118.0816 30.23892 25.01581 -120.7842 24.3356 20.13216 -123.0101 18.33624 15.16905 -124.7505 12.26451 10.14608 -125.9986 6.144378 5.083072 -126.7494 6.733006 4.272896 126.7494 13.43944 8.528929 125.9986 20.09284 12.7513 124.7505 26.66694 16.92335 123.0101 33.13579 21.02862 120.7842 39.47386 25.05088 118.0816 45.65618 28.97429 114.913 51.65829 32.78335 111.291 57.45653 36.46302 107.2296 63.02801 39.9988 102.7452 68.35076 43.37671 97.85518 73.40377 46.58345 92.57902 78.16707 49.60632 86.93749 82.62187 52.43343 80.95286 86.75063 55.05363 74.64873 90.53699 57.45652 68.05001 93.96607 59.63268 61.18272 97.0243 61.57349 54.07397 99.69963 63.2713 46.75181 101.9815 64.71942 39.24516 103.8609 65.9121 31.58362 105.3303 66.84468 23.79743 106.3841 67.51342 15.91732 107.0181 67.91574 7.974396 107.2297 68.05001 0 107.0181 67.91574 -7.974396 106.3841 67.51342 -15.91732 105.3303 66.84468 -23.79743 103.8609 65.9121 -31.58362 101.9815 64.71942 -39.24516 99.69963 63.2713 -46.75181 97.0243 61.57349 -54.07397 93.96607 59.63268 -61.18272 90.53699 57.45652 -68.05001 86.75063 55.05363 -74.64873 82.62187 52.43343 -80.95286 78.16707 49.60632 -86.93749 73.40377 46.58345 -92.57902 68.35076 43.37671 -97.85518 63.02801 39.9988 -102.7452 57.45653 36.46302 -107.2296 51.65829 32.78335 -111.291 45.65618 28.97429 -114.913 39.47386 25.05088 -118.0816 33.13579 21.02862 -120.7842 26.66694 16.92335 -123.0101 20.09284 12.7513 -124.7505 13.43944 8.528929 -125.9986 6.733006 4.272896 -126.7494 7.21545 3.395334 126.7494 14.40243 6.777267 125.9986 21.53256 10.13245 124.7505 28.57772 13.44765 123.0101 35.51009 16.70978 120.7842 42.30231 19.90596 118.0816 48.92761 23.02358 114.913 55.3598 26.05035 111.291 61.5735 28.97429 107.2296 67.54421 31.7839 102.7452 73.24835 34.46805 97.85518 78.66341 37.0162 92.57902 83.76802 39.41823 86.93749 88.54203 41.66471 80.95286 92.96662 43.74678 74.64873 97.02429 45.65617 68.05001 100.6991 47.38539 61.18272 103.9764 48.9276 54.07397 106.8435 50.27671 46.75181 109.2888 51.42741 39.24516 111.3029 52.37514 31.58362 112.8776 53.11619 23.79743 114.0069 53.64758 15.91732 114.6863 53.96728 7.974396 114.9131 54.07398 0 114.6863 53.96728 -7.974396 114.0069 53.64758 -15.91732 112.8776 53.11619 -23.79743 111.3029 52.37514 -31.58362 109.2888 51.42741 -39.24516 106.8435 50.27671 -46.75181 103.9764 48.9276 -54.07397 100.6991 47.38539 -61.18272 97.02429 45.65617 -68.05001 92.96662 43.74678 -74.64873 88.54203 41.66471 -80.95286 83.76802 39.41823 -86.93749 78.66341 37.0162 -92.57902 73.24835 34.46805 -97.85518 67.54421 31.7839 -102.7452 61.5735 28.97429 -107.2296 55.3598 26.05035 -111.291 48.92761 23.02358 -114.913 42.30231 19.90596 -118.0816 35.51009 16.70978 -120.7842 28.57772 13.44765 -123.0101 21.53256 10.13245 -124.7505 14.40243 6.777267 -125.9986 7.21545 3.395334 -126.7494 7.584103 2.464225 126.7494 15.13827 4.918724 125.9986 22.6327 7.35381 124.7505 30.03781 9.759878 123.0101 37.32438 12.12742 120.7842 44.46362 14.44711 118.0816 51.42742 16.70978 114.913 58.18824 18.90651 111.291 64.71942 21.02861 107.2296 70.99518 23.06774 102.7452 76.99076 25.01581 97.85518 82.68248 26.86518 92.57902 88.0479 28.60849 86.93749 93.06583 30.23892 80.95286 97.71648 31.75001 74.64873 101.9815 33.13579 68.05001 105.844 34.39081 61.18272 109.2888 35.51009 54.07397 112.3023 36.48923 46.75181 114.8726 37.32437 39.24516 116.9896 38.0122 31.58362 118.6448 38.55003 23.79743 119.8318 38.9357 15.91732 120.5459 39.16773 7.974396 120.7842 39.24517 0 120.5459 39.16773 -7.974396 119.8318 38.9357 -15.91732 118.6448 38.55003 -23.79743 116.9896 38.0122 -31.58362 114.8726 37.32437 -39.24516 112.3023 36.48923 -46.75181 109.2888 35.51009 -54.07397 105.844 34.39081 -61.18272 101.9815 33.13579 -68.05001 97.71648 31.75001 -74.64873 93.06583 30.23892 -80.95286 88.0479 28.60849 -86.93749 82.68248 26.86518 -92.57902 76.99076 25.01581 -97.85518 70.99518 23.06774 -102.7452 64.71942 21.02861 -107.2296 58.18824 18.90651 -111.291 51.42742 16.70978 -114.913 44.46362 14.44711 -118.0816 37.32438 12.12742 -120.7842 30.03781 9.759878 -123.0101 22.6327 7.35381 -124.7505 15.13827 4.918724 -125.9986 7.584103 2.464225 -126.7494 7.833149 1.494253 126.7494 15.63539 2.98261 125.9986 23.37592 4.459194 124.7505 31.02419 5.918181 123.0101 38.55004 7.353812 120.7842 45.92371 8.760421 118.0816 53.11619 10.13245 114.913 60.09902 11.4645 111.291 66.84468 12.7513 107.2296 73.32652 13.98779 102.7452 79.51898 15.16906 97.85518 85.3976 16.29047 92.57902 90.93921 17.34757 86.93749 96.12192 18.33624 80.95286 100.9253 19.25253 74.64873 105.3303 20.09284 68.05001 109.3197 20.85386 61.18272 112.8776 21.53256 54.07397 115.9901 22.12629 46.75181 118.6448 22.63271 39.24516 120.8312 23.04979 31.58362 122.5409 23.37592 23.79743 123.7668 23.60978 15.91732 124.5043 23.75048 7.974396 124.7505 23.79744 0 124.5043 23.75048 -7.974396 123.7668 23.60978 -15.91732 122.5409 23.37592 -23.79743 120.8312 23.04979 -31.58362 118.6448 22.63271 -39.24516 115.9901 22.12629 -46.75181 112.8776 21.53256 -54.07397 109.3197 20.85386 -61.18272 105.3303 20.09284 -68.05001 100.9253 19.25253 -74.64873 96.12192 18.33624 -80.95286 90.93921 17.34757 -86.93749 85.3976 16.29047 -92.57902 79.51898 15.16906 -97.85518 73.32652 13.98779 -102.7452 66.84468 12.7513 -107.2296 60.09902 11.4645 -111.291 53.11619 10.13245 -114.913 45.92371 8.760421 -118.0816 38.55004 7.353812 -120.7842 31.02419 5.918181 -123.0101 23.37592 4.459194 -124.7505 15.63539 2.98261 -125.9986 7.833149 1.494253 -126.7494 7.958662 0.5007168 126.7494 15.88592 0.9994575 125.9986 23.75048 1.494253 124.7505 31.5213 1.983152 123.0101 39.16773 2.464225 120.7842 46.65956 2.935575 118.0816 53.96729 3.395331 114.913 61.06201 3.841698 111.291 67.91574 4.272896 107.2296 74.50145 4.68724 102.7452 80.79313 5.083075 97.85518 86.76596 5.458862 92.57902 92.39636 5.813076 86.93749 97.66211 6.144378 80.95286 102.5424 6.451428 74.64873 107.0181 6.733014 68.05001 111.0714 6.988029 61.18272 114.6863 7.215453 54.07397 117.8487 7.414399 46.75181 120.5459 7.584109 39.24516 122.7674 7.723862 31.58362 124.5044 7.833153 23.79743 125.75 7.91151 15.91732 126.4993 7.95867 7.974396 126.7494 7.974401 0 126.4993 7.95867 -7.974396 125.75 7.91151 -15.91732 124.5044 7.833153 -23.79743 122.7674 7.723862 -31.58362 120.5459 7.584109 -39.24516 117.8487 7.414399 -46.75181 114.6863 7.215453 -54.07397 111.0714 6.988029 -61.18272 107.0181 6.733014 -68.05001 102.5424 6.451428 -74.64873 97.66211 6.144378 -80.95286 92.39636 5.813076 -86.93749 86.76596 5.458862 -92.57902 80.79313 5.083075 -97.85518 74.50145 4.68724 -102.7452 67.91574 4.272896 -107.2296 61.06201 3.841698 -111.291 53.96729 3.395331 -114.913 46.65956 2.935575 -118.0816 39.16773 2.464225 -120.7842 31.5213 1.983152 -123.0101 23.75048 1.494253 -124.7505 15.88592 0.9994575 -125.9986 7.958662 0.5007168 -126.7494 7.958663 -0.5007165 126.7494 15.88592 -0.9994568 125.9986 23.75048 -1.494254 124.7505 31.5213 -1.983152 123.0101 39.16773 -2.464225 120.7842 46.65956 -2.935568 118.0816 53.96729 -3.395337 114.913 61.06201 -3.841694 111.291 67.91574 -4.272896 107.2296 74.50145 -4.687228 102.7452 80.79313 -5.083071 97.85518 86.76596 -5.45884 92.57902 92.39636 -5.813096 86.93749 97.66211 -6.14438 80.95286 102.5424 -6.451419 74.64873 107.0181 -6.732997 68.05001 111.0714 -6.988006 61.18272 114.6863 -7.215449 54.07397 117.8487 -7.414418 46.75181 120.5459 -7.584098 39.24516 122.7674 -7.723874 31.58362 124.5044 -7.833148 23.79743 125.75 -7.911524 15.91732 126.4993 -7.958655 7.974396 126.7494 -7.974395 0 126.4993 -7.958655 -7.974396 125.75 -7.911524 -15.91732 124.5044 -7.833148 -23.79743 122.7674 -7.723874 -31.58362 120.5459 -7.584098 -39.24516 117.8487 -7.414418 -46.75181 114.6863 -7.215449 -54.07397 111.0714 -6.988006 -61.18272 107.0181 -6.732997 -68.05001 102.5424 -6.451419 -74.64873 97.66211 -6.14438 -80.95286 92.39636 -5.813096 -86.93749 86.76596 -5.45884 -92.57902 80.79313 -5.083071 -97.85518 74.50145 -4.687228 -102.7452 67.91574 -4.272896 -107.2296 61.06201 -3.841694 -111.291 53.96729 -3.395337 -114.913 46.65956 -2.935568 -118.0816 39.16773 -2.464225 -120.7842 31.5213 -1.983152 -123.0101 23.75048 -1.494254 -124.7505 15.88592 -0.9994568 -125.9986 7.958663 -0.5007165 -126.7494 7.83315 -1.494253 126.7494 15.63539 -2.982609 125.9986 23.37592 -4.459195 124.7505 31.0242 -5.918181 123.0101 38.55004 -7.353813 120.7842 45.92372 -8.760415 118.0816 53.11619 -10.13246 114.913 60.09903 -11.4645 111.291 66.84467 -12.7513 107.2296 73.32653 -13.98777 102.7452 79.51898 -15.16905 97.85518 85.39761 -16.29045 92.57902 90.93921 -17.34759 86.93749 96.12192 -18.33624 80.95286 100.9253 -19.25253 74.64873 105.3303 -20.09283 68.05001 109.3197 -20.85384 61.18272 112.8776 -21.53256 54.07397 115.9901 -22.12631 46.75181 118.6448 -22.6327 39.24516 120.8312 -23.0498 31.58362 122.5409 -23.37592 23.79743 123.7668 -23.60979 15.91732 124.5044 -23.75047 7.974396 124.7505 -23.79743 0 124.5044 -23.75047 -7.974396 123.7668 -23.60979 -15.91732 122.5409 -23.37592 -23.79743 120.8312 -23.0498 -31.58362 118.6448 -22.6327 -39.24516 115.9901 -22.12631 -46.75181 112.8776 -21.53256 -54.07397 109.3197 -20.85384 -61.18272 105.3303 -20.09283 -68.05001 100.9253 -19.25253 -74.64873 96.12192 -18.33624 -80.95286 90.93921 -17.34759 -86.93749 85.39761 -16.29045 -92.57902 79.51898 -15.16905 -97.85518 73.32653 -13.98777 -102.7452 66.84467 -12.7513 -107.2296 60.09903 -11.4645 -111.291 53.11619 -10.13246 -114.913 45.92372 -8.760415 -118.0816 38.55004 -7.353813 -120.7842 31.0242 -5.918181 -123.0101 23.37592 -4.459195 -124.7505 15.63539 -2.982609 -125.9986 7.83315 -1.494253 -126.7494 7.584104 -2.464225 126.7494 15.13828 -4.918724 125.9986 22.63271 -7.353812 124.7505 30.03782 -9.759878 123.0101 37.32438 -12.12743 120.7842 44.46362 -14.4471 118.0816 51.42742 -16.70979 114.913 58.18825 -18.90651 111.291 64.71942 -21.02861 107.2296 70.99519 -23.06773 102.7452 76.99076 -25.01581 97.85518 82.68249 -26.86516 92.57902 88.0479 -28.60851 86.93749 93.06583 -30.23892 80.95286 97.71649 -31.75001 74.64873 101.9815 -33.13578 68.05001 105.844 -34.39079 61.18272 109.2888 -35.51008 54.07397 112.3023 -36.48925 46.75181 114.8726 -37.32437 39.24516 116.9896 -38.01221 31.58362 118.6448 -38.55003 23.79743 119.8318 -38.93571 15.91732 120.5459 -39.16772 7.974396 120.7842 -39.24517 0 120.5459 -39.16772 -7.974396 119.8318 -38.93571 -15.91732 118.6448 -38.55003 -23.79743 116.9896 -38.01221 -31.58362 114.8726 -37.32437 -39.24516 112.3023 -36.48925 -46.75181 109.2888 -35.51008 -54.07397 105.844 -34.39079 -61.18272 101.9815 -33.13578 -68.05001 97.71649 -31.75001 -74.64873 93.06583 -30.23892 -80.95286 88.0479 -28.60851 -86.93749 82.68249 -26.86516 -92.57902 76.99076 -25.01581 -97.85518 70.99519 -23.06773 -102.7452 64.71942 -21.02861 -107.2296 58.18825 -18.90651 -111.291 51.42742 -16.70979 -114.913 44.46362 -14.4471 -118.0816 37.32438 -12.12743 -120.7842 30.03782 -9.759878 -123.0101 22.63271 -7.353812 -124.7505 15.13828 -4.918724 -125.9986 7.584104 -2.464225 -126.7494 7.215452 -3.395334 126.7494 14.40243 -6.777268 125.9986 21.53256 -10.13246 124.7505 28.57772 -13.44765 123.0101 35.5101 -16.70979 120.7842 42.30231 -19.90596 118.0816 48.92761 -23.02359 114.913 55.3598 -26.05035 111.291 61.5735 -28.97429 107.2296 67.54422 -31.78389 102.7452 73.24835 -34.46805 97.85518 78.66342 -37.01618 92.57902 83.76802 -39.41825 86.93749 88.54204 -41.66472 80.95286 92.96663 -43.74677 74.64873 97.02432 -45.65616 68.05001 100.6991 -47.38538 61.18272 103.9765 -48.9276 54.07397 106.8435 -50.27673 46.75181 109.2888 -51.42742 39.24516 111.3029 -52.37516 31.58362 112.8777 -53.11619 23.79743 114.0069 -53.6476 15.91732 114.6863 -53.96728 7.974396 114.9131 -54.07399 0 114.6863 -53.96728 -7.974396 114.0069 -53.6476 -15.91732 112.8777 -53.11619 -23.79743 111.3029 -52.37516 -31.58362 109.2888 -51.42742 -39.24516 106.8435 -50.27673 -46.75181 103.9765 -48.9276 -54.07397 100.6991 -47.38538 -61.18272 97.02432 -45.65616 -68.05001 92.96663 -43.74677 -74.64873 88.54204 -41.66472 -80.95286 83.76802 -39.41825 -86.93749 78.66342 -37.01618 -92.57902 73.24835 -34.46805 -97.85518 67.54422 -31.78389 -102.7452 61.5735 -28.97429 -107.2296 55.3598 -26.05035 -111.291 48.92761 -23.02359 -114.913 42.30231 -19.90596 -118.0816 35.5101 -16.70979 -120.7842 28.57772 -13.44765 -123.0101 21.53256 -10.13246 -124.7505 14.40243 -6.777268 -125.9986 7.215452 -3.395334 -126.7494 6.733008 -4.272897 126.7494 13.43944 -8.528931 125.9986 20.09284 -12.7513 124.7505 26.66694 -16.92335 123.0101 33.1358 -21.02862 120.7842 39.47387 -25.05088 118.0816 45.65618 -28.9743 114.913 51.6583 -32.78335 111.291 57.45653 -36.46302 107.2296 63.02803 -39.9988 102.7452 68.35078 -43.37672 97.85518 73.40377 -46.58344 92.57902 78.16707 -49.60634 86.93749 82.62188 -52.43344 80.95286 86.75064 -55.05363 74.64873 90.53702 -57.45652 68.05001 93.96608 -59.63267 61.18272 97.02433 -61.5735 54.07397 99.69964 -63.27132 46.75181 101.9815 -64.71942 39.24516 103.8609 -65.91211 31.58362 105.3304 -66.84468 23.79743 106.3841 -67.51344 15.91732 107.0181 -67.91574 7.974396 107.2297 -68.05004 0 107.0181 -67.91574 -7.974396 106.3841 -67.51344 -15.91732 105.3304 -66.84468 -23.79743 103.8609 -65.91211 -31.58362 101.9815 -64.71942 -39.24516 99.69964 -63.27132 -46.75181 97.02433 -61.5735 -54.07397 93.96608 -59.63267 -61.18272 90.53702 -57.45652 -68.05001 86.75064 -55.05363 -74.64873 82.62188 -52.43344 -80.95286 78.16707 -49.60634 -86.93749 73.40377 -46.58344 -92.57902 68.35078 -43.37672 -97.85518 63.02803 -39.9988 -102.7452 57.45653 -36.46302 -107.2296 51.6583 -32.78335 -111.291 45.65618 -28.9743 -114.913 39.47387 -25.05088 -118.0816 33.1358 -21.02862 -120.7842 26.66694 -16.92335 -123.0101 20.09284 -12.7513 -124.7505 13.43944 -8.528931 -125.9986 6.733008 -4.272897 -126.7494 6.144381 -5.083074 126.7494 12.26451 -10.14609 125.9986 18.33624 -15.16906 124.7505 24.3356 -20.13216 123.0101 30.23893 -25.01582 120.7842 36.0229 -29.80073 118.0816 41.66473 -34.46807 114.913 47.14212 -38.99935 111.291 52.43344 -43.37672 107.2296 57.51786 -47.5829 102.7452 62.37527 -51.60131 97.85518 66.98651 -55.41605 92.57902 71.33338 -59.01211 86.93749 75.39873 -62.37526 80.95286 79.16654 -65.49225 74.64873 82.6219 -68.35076 68.05001 85.75118 -70.93953 61.18272 88.54206 -73.24835 54.07397 90.98348 -75.26809 46.75181 93.06585 -76.99076 39.24516 94.78092 -78.40959 31.58362 96.12196 -79.51898 23.79743 97.0836 -80.31454 15.91732 97.66213 -80.79312 7.974396 97.85523 -80.95289 0 97.66213 -80.79312 -7.974396 97.0836 -80.31454 -15.91732 96.12196 -79.51898 -23.79743 94.78092 -78.40959 -31.58362 93.06585 -76.99076 -39.24516 90.98348 -75.26809 -46.75181 88.54206 -73.24835 -54.07397 85.75118 -70.93953 -61.18272 82.6219 -68.35076 -68.05001 79.16654 -65.49225 -74.64873 75.39873 -62.37526 -80.95286 71.33338 -59.01211 -86.93749 66.98651 -55.41605 -92.57902 62.37527 -51.60131 -97.85518 57.51786 -47.5829 -102.7452 52.43344 -43.37672 -107.2296 47.14212 -38.99935 -111.291 41.66473 -34.46807 -114.913 36.0229 -29.80073 -118.0816 30.23893 -25.01582 -120.7842 24.3356 -20.13216 -123.0101 18.33624 -15.16906 -124.7505 12.26451 -10.14609 -125.9986 6.144381 -5.083074 -126.7494 5.458853 -5.813087 126.7494 10.89616 -11.60323 125.9986 16.29047 -17.34759 124.7505 21.62048 -23.02347 123.0101 26.86518 -28.60851 120.7842 32.00382 -34.08061 118.0816 37.0162 -39.41825 114.913 41.88248 -44.6003 111.291 46.58344 -49.60633 107.2296 51.1006 -54.41659 102.7452 55.41606 -59.01211 97.85518 59.51282 -63.37472 92.57902 63.37471 -67.48723 86.93749 66.98649 -71.33338 80.95286 70.33393 -74.89802 74.64873 73.40378 -78.16707 68.05001 76.18392 -81.12763 61.18272 78.66342 -83.76803 54.07397 80.83246 -86.07783 46.75181 82.68251 -88.04792 39.24516 84.20621 -89.67051 31.58362 85.39764 -90.93923 23.79743 86.25199 -91.84904 15.91732 86.76597 -92.39636 7.974396 86.93753 -92.57907 0 86.76597 -92.39636 -7.974396 86.25199 -91.84904 -15.91732 85.39764 -90.93923 -23.79743 84.20621 -89.67051 -31.58362 82.68251 -88.04792 -39.24516 80.83246 -86.07783 -46.75181 78.66342 -83.76803 -54.07397 76.18392 -81.12763 -61.18272 73.40378 -78.16707 -68.05001 70.33393 -74.89802 -74.64873 66.98649 -71.33338 -80.95286 63.37471 -67.48723 -86.93749 59.51282 -63.37472 -92.57902 55.41606 -59.01211 -97.85518 51.1006 -54.41659 -102.7452 46.58344 -49.60633 -107.2296 41.88248 -44.6003 -111.291 37.0162 -39.41825 -114.913 32.00382 -34.08061 -118.0816 26.86518 -28.60851 -120.7842 21.62048 -23.02347 -123.0101 16.29047 -17.34759 -124.7505 10.89616 -11.60323 -125.9986 5.458853 -5.813087 -126.7494 4.687235 -6.451425 126.7494 9.355971 -12.87739 125.9986 13.98778 -19.25253 124.7505 18.56439 -25.55169 123.0101 23.06774 -31.75002 120.7842 27.48003 -37.82302 118.0816 31.7839 -43.74678 114.913 35.96232 -49.49789 111.291 39.99879 -55.05363 107.2296 43.87744 -60.39211 102.7452 47.58291 -65.49226 97.85518 51.10059 -70.33393 92.57902 54.41659 -74.89803 86.93749 57.51784 -79.16652 80.95286 60.39211 -83.12261 74.64873 63.02803 -86.75064 68.05001 65.41521 -90.03629 61.18272 67.54422 -92.96663 54.07397 69.40666 -95.53008 46.75181 70.9952 -97.71649 39.24516 72.30353 -99.51727 31.58362 73.32655 -100.9253 23.79743 74.06013 -101.935 15.91732 74.50147 -102.5424 7.974396 74.64877 -102.7452 0 74.50147 -102.5424 -7.974396 74.06013 -101.935 -15.91732 73.32655 -100.9253 -23.79743 72.30353 -99.51727 -31.58362 70.9952 -97.71649 -39.24516 69.40666 -95.53008 -46.75181 67.54422 -92.96663 -54.07397 65.41521 -90.03629 -61.18272 63.02803 -86.75064 -68.05001 60.39211 -83.12261 -74.64873 57.51784 -79.16652 -80.95286 54.41659 -74.89803 -86.93749 51.10059 -70.33393 -92.57902 47.58291 -65.49226 -97.85518 43.87744 -60.39211 -102.7452 39.99879 -55.05363 -107.2296 35.96232 -49.49789 -111.291 31.7839 -43.74678 -114.913 27.48003 -37.82302 -118.0816 23.06774 -31.75002 -120.7842 18.56439 -25.55169 -123.0101 13.98778 -19.25253 -124.7505 9.355971 -12.87739 -125.9986 4.687235 -6.451425 -126.7494 3.841697 -6.98802 126.7494 7.668231 -13.94846 125.9986 11.4645 -20.85385 124.7505 15.21553 -27.67695 123.0101 18.90651 -34.39081 120.7842 22.52287 -40.96894 118.0816 26.05035 -47.38541 114.913 29.47502 -53.61486 111.291 32.78334 -59.63269 107.2296 35.96232 -65.41521 102.7452 38.99935 -70.93955 97.85518 41.88247 -76.18392 92.57902 44.60029 -81.12764 86.93749 47.1421 -85.75117 80.95286 49.49787 -90.0363 74.64873 51.6583 -93.96609 68.05001 53.61485 -97.52503 61.18272 55.3598 -100.6991 54.07397 56.88628 -103.4758 46.75181 58.18825 -105.844 39.24516 59.26057 -107.7946 31.58362 60.09905 -109.3197 23.79743 60.7003 -110.4134 15.91732 61.06203 -111.0714 7.974396 61.18275 -111.291 0 61.06203 -111.0714 -7.974396 60.7003 -110.4134 -15.91732 60.09905 -109.3197 -23.79743 59.26057 -107.7946 -31.58362 58.18825 -105.844 -39.24516 56.88628 -103.4758 -46.75181 55.3598 -100.6991 -54.07397 53.61485 -97.52503 -61.18272 51.6583 -93.96609 -68.05001 49.49787 -90.0363 -74.64873 47.1421 -85.75117 -80.95286 44.60029 -81.12764 -86.93749 41.88247 -76.18392 -92.57902 38.99935 -70.93955 -97.85518 35.96232 -65.41521 -102.7452 32.78334 -59.63269 -107.2296 29.47502 -53.61486 -111.291 26.05035 -47.38541 -114.913 22.52287 -40.96894 -118.0816 18.90651 -34.39081 -120.7842 15.21553 -27.67695 -123.0101 11.4645 -20.85385 -124.7505 7.668231 -13.94846 -125.9986 3.841697 -6.98802 -126.7494 2.935573 -7.41441 126.7494 5.859559 -14.79956 125.9986 8.760423 -22.1263 124.7505 11.62671 -29.36572 123.0101 14.44712 -36.48925 120.7842 17.2105 -43.46875 118.0816 19.90597 -50.27673 114.913 22.52288 -56.88629 111.291 25.05088 -63.27132 107.2296 27.48005 -69.40666 102.7452 29.80075 -75.26809 97.85518 32.00384 -80.83246 92.57902 34.08062 -86.07782 86.93749 36.0229 -90.98347 80.95286 37.82303 -95.53007 74.64873 39.47389 -99.69964 68.05001 40.96896 -103.4757 61.18272 42.30233 -106.8435 54.07397 43.46876 -109.7896 46.75181 44.46365 -112.3023 39.24516 45.28304 -114.3719 31.58362 45.92375 -115.9901 23.79743 46.38319 -117.1506 15.91732 46.6596 -117.8486 7.974396 46.75185 -118.0817 0 46.6596 -117.8486 -7.974396 46.38319 -117.1506 -15.91732 45.92375 -115.9901 -23.79743 45.28304 -114.3719 -31.58362 44.46365 -112.3023 -39.24516 43.46876 -109.7896 -46.75181 42.30233 -106.8435 -54.07397 40.96896 -103.4757 -61.18272 39.47389 -99.69964 -68.05001 37.82303 -95.53007 -74.64873 36.0229 -90.98347 -80.95286 34.08062 -86.07782 -86.93749 32.00384 -80.83246 -92.57902 29.80075 -75.26809 -97.85518 27.48005 -69.40666 -102.7452 25.05088 -63.27132 -107.2296 22.52288 -56.88629 -111.291 19.90597 -50.27673 -114.913 17.2105 -43.46875 -118.0816 14.44712 -36.48925 -120.7842 11.62671 -29.36572 -123.0101 8.760423 -22.1263 -124.7505 5.859559 -14.79956 -125.9986 2.935573 -7.41441 -126.7494 1.983153 -7.72387 126.7494 3.958478 -15.41726 125.9986 5.918183 -23.0498 124.7505 7.854533 -30.59137 123.0101 9.759884 -38.01222 120.7842 11.62671 -45.28303 118.0816 13.44766 -52.37517 114.913 15.21554 -59.26059 111.291 16.92334 -65.91211 107.2296 18.5644 -72.30354 102.7452 20.13217 -78.4096 97.85518 21.62048 -84.20622 92.57902 23.02348 -89.6705 86.93749 24.3356 -94.78091 80.95286 25.55169 -99.51728 74.64873 26.66695 -103.8609 68.05001 27.67696 -107.7946 61.18272 28.57773 -111.3029 54.07397 29.36572 -114.3719 46.75181 30.03783 -116.9896 39.24516 30.59137 -119.1455 31.58362 31.02422 -120.8313 23.79743 31.33458 -122.0401 15.91732 31.52132 -122.7674 7.974396 31.58363 -123.0101 0 31.52132 -122.7674 -7.974396 31.33458 -122.0401 -15.91732 31.02422 -120.8313 -23.79743 30.59137 -119.1455 -31.58362 30.03783 -116.9896 -39.24516 29.36572 -114.3719 -46.75181 28.57773 -111.3029 -54.07397 27.67696 -107.7946 -61.18272 26.66695 -103.8609 -68.05001 25.55169 -99.51728 -74.64873 24.3356 -94.78091 -80.95286 23.02348 -89.6705 -86.93749 21.62048 -84.20622 -92.57902 20.13217 -78.4096 -97.85518 18.5644 -72.30354 -102.7452 16.92334 -65.91211 -107.2296 15.21554 -59.26059 -111.291 13.44766 -52.37517 -114.913 11.62671 -45.28303 -118.0816 9.759884 -38.01222 -120.7842 7.854533 -30.59137 -123.0101 5.918183 -23.0498 -124.7505 3.958478 -15.41726 -125.9986 1.983153 -7.72387 -126.7494 0.9994578 -7.91152 126.7494 1.99497 -15.79182 125.9986 2.982611 -23.60979 124.7505 3.958482 -31.33459 123.0101 4.918729 -38.93572 120.7842 5.859559 -46.38318 118.0816 6.777271 -53.64761 114.913 7.668237 -60.70032 111.291 8.528921 -67.51343 107.2296 9.355979 -74.06014 102.7452 10.14609 -80.31455 97.85518 10.89616 -86.25199 92.57902 11.60323 -91.84903 86.93749 12.26451 -97.08359 80.95286 12.87739 -101.935 74.64873 13.43945 -106.3842 68.05001 13.94848 -110.4134 61.18272 14.40243 -114.007 54.07397 14.79956 -117.1506 46.75181 15.13829 -119.8318 39.24516 15.41725 -122.0401 31.58362 15.6354 -123.7669 23.79743 15.79182 -125.0051 15.91732 15.88594 -125.75 7.974396 15.91733 -125.9987 0 15.88594 -125.75 -7.974396 15.79182 -125.0051 -15.91732 15.6354 -123.7669 -23.79743 15.41725 -122.0401 -31.58362 15.13829 -119.8318 -39.24516 14.79956 -117.1506 -46.75181 14.40243 -114.007 -54.07397 13.94848 -110.4134 -61.18272 13.43945 -106.3842 -68.05001 12.87739 -101.935 -74.64873 12.26451 -97.08359 -80.95286 11.60323 -91.84903 -86.93749 10.89616 -86.25199 -92.57902 10.14609 -80.31455 -97.85518 9.355979 -74.06014 -102.7452 8.528921 -67.51343 -107.2296 7.668237 -60.70032 -111.291 6.777271 -53.64761 -114.913 5.859559 -46.38318 -118.0816 4.918729 -38.93572 -120.7842 3.958482 -31.33459 -123.0101 2.982611 -23.60979 -124.7505 1.99497 -15.79182 -125.9986 0.9994578 -7.91152 -126.7494 4.17232e-7 -7.9744 126.7494 -8.34465e-7 -15.91733 125.9986 7.15256e-7 -23.79744 124.7505 3.8147e-6 -31.58363 123.0101 3.8147e-6 -39.24518 120.7842 9.53674e-7 -46.75183 118.0816 1.90735e-6 -54.074 114.913 3.33786e-6 -61.18276 111.291 -9.53674e-6 -68.05002 107.2296 8.58307e-6 -74.64877 102.7452 2.86102e-6 -80.9529 97.85518 3.8147e-6 -86.93753 92.57902 3.8147e-6 -92.57904 86.93749 1.90735e-6 -97.8552 80.95286 0 -102.7452 74.64873 7.62939e-6 -107.2297 68.05001 1.62125e-5 -111.291 61.18272 2.86102e-6 -114.9131 54.07397 2.86102e-6 -118.0817 46.75181 7.62939e-6 -120.7843 39.24516 -9.53674e-7 -123.0101 31.58362 1.14441e-5 -124.7506 23.79743 1.90735e-6 -125.9986 15.91732 2.00272e-5 -126.7494 7.974396 -1.90735e-6 -127.0001 0 2.00272e-5 -126.7494 -7.974396 1.90735e-6 -125.9986 -15.91732 1.14441e-5 -124.7506 -23.79743 -9.53674e-7 -123.0101 -31.58362 7.62939e-6 -120.7843 -39.24516 2.86102e-6 -118.0817 -46.75181 2.86102e-6 -114.9131 -54.07397 1.62125e-5 -111.291 -61.18272 7.62939e-6 -107.2297 -68.05001 0 -102.7452 -74.64873 1.90735e-6 -97.8552 -80.95286 3.8147e-6 -92.57904 -86.93749 3.8147e-6 -86.93753 -92.57902 2.86102e-6 -80.9529 -97.85518 8.58307e-6 -74.64877 -102.7452 -9.53674e-6 -68.05002 -107.2296 3.33786e-6 -61.18276 -111.291 1.90735e-6 -54.074 -114.913 9.53674e-7 -46.75183 -118.0816 3.8147e-6 -39.24518 -120.7842 3.8147e-6 -31.58363 -123.0101 7.15256e-7 -23.79744 -124.7505 -8.34465e-7 -15.91733 -125.9986 4.17232e-7 -7.9744 -126.7494 -0.999457 -7.91152 126.7494 -1.994971 -15.79182 125.9986 -2.982609 -23.60979 124.7505 -3.958475 -31.33459 123.0101 -4.918722 -38.93572 120.7842 -5.859557 -46.38318 118.0816 -6.777268 -53.64762 114.913 -7.668231 -60.70032 111.291 -8.528939 -67.51343 107.2296 -9.355963 -74.06015 102.7452 -10.14609 -80.31456 97.85518 -10.89616 -86.252 92.57902 -11.60323 -91.84903 86.93749 -12.26451 -97.08359 80.95286 -12.87739 -101.935 74.64873 -13.43944 -106.3842 68.05001 -13.94844 -110.4134 61.18272 -14.40243 -114.007 54.07397 -14.79955 -117.1506 46.75181 -15.13827 -119.8318 39.24516 -15.41726 -122.0401 31.58362 -15.63538 -123.7669 23.79743 -15.79181 -125.0051 15.91732 -15.8859 -125.75 7.974396 -15.91733 -125.9987 0 -15.8859 -125.75 -7.974396 -15.79181 -125.0051 -15.91732 -15.63538 -123.7669 -23.79743 -15.41726 -122.0401 -31.58362 -15.13827 -119.8318 -39.24516 -14.79955 -117.1506 -46.75181 -14.40243 -114.007 -54.07397 -13.94844 -110.4134 -61.18272 -13.43944 -106.3842 -68.05001 -12.87739 -101.935 -74.64873 -12.26451 -97.08359 -80.95286 -11.60323 -91.84903 -86.93749 -10.89616 -86.252 -92.57902 -10.14609 -80.31456 -97.85518 -9.355963 -74.06015 -102.7452 -8.528939 -67.51343 -107.2296 -7.668231 -60.70032 -111.291 -6.777268 -53.64762 -114.913 -5.859557 -46.38318 -118.0816 -4.918722 -38.93572 -120.7842 -3.958475 -31.33459 -123.0101 -2.982609 -23.60979 -124.7505 -1.994971 -15.79182 -125.9986 -0.999457 -7.91152 -126.7494 -1.983152 -7.72387 126.7494 -3.95848 -15.41726 125.9986 -5.918182 -23.0498 124.7505 -7.854526 -30.59138 123.0101 -9.759878 -38.01223 120.7842 -11.62671 -45.28303 118.0816 -13.44766 -52.37517 114.913 -15.21553 -59.2606 111.291 -16.92336 -65.9121 107.2296 -18.56439 -72.30355 102.7452 -20.13216 -78.40962 97.85518 -21.62048 -84.20623 92.57902 -23.02347 -89.6705 86.93749 -24.3356 -94.78091 80.95286 -25.5517 -99.51728 74.64873 -26.66694 -103.8609 68.05001 -27.67693 -107.7946 61.18272 -28.57772 -111.3029 54.07397 -29.36572 -114.3719 46.75181 -30.03782 -116.9896 39.24516 -30.59137 -119.1455 31.58362 -31.0242 -120.8313 23.79743 -31.33458 -122.0401 15.91732 -31.52129 -122.7674 7.974396 -31.58364 -123.0101 0 -31.52129 -122.7674 -7.974396 -31.33458 -122.0401 -15.91732 -31.0242 -120.8313 -23.79743 -30.59137 -119.1455 -31.58362 -30.03782 -116.9896 -39.24516 -29.36572 -114.3719 -46.75181 -28.57772 -111.3029 -54.07397 -27.67693 -107.7946 -61.18272 -26.66694 -103.8609 -68.05001 -25.5517 -99.51728 -74.64873 -24.3356 -94.78091 -80.95286 -23.02347 -89.6705 -86.93749 -21.62048 -84.20623 -92.57902 -20.13216 -78.40962 -97.85518 -18.56439 -72.30355 -102.7452 -16.92336 -65.9121 -107.2296 -15.21553 -59.2606 -111.291 -13.44766 -52.37517 -114.913 -11.62671 -45.28303 -118.0816 -9.759878 -38.01223 -120.7842 -7.854526 -30.59138 -123.0101 -5.918182 -23.0498 -124.7505 -3.95848 -15.41726 -125.9986 -1.983152 -7.72387 -126.7494 -2.935572 -7.414411 126.7494 -5.859562 -14.79956 125.9986 -8.760422 -22.1263 124.7505 -11.62671 -29.36572 123.0101 -14.44711 -36.48926 120.7842 -17.2105 -43.46875 118.0816 -19.90597 -50.27674 114.913 -22.52288 -56.8863 111.291 -25.05089 -63.2713 107.2296 -27.48004 -69.40667 102.7452 -29.80075 -75.26811 97.85518 -32.00383 -80.83248 92.57902 -34.08061 -86.07782 86.93749 -36.0229 -90.98348 80.95286 -37.82304 -95.53009 74.64873 -39.47388 -99.69966 68.05001 -40.96893 -103.4757 61.18272 -42.30233 -106.8435 54.07397 -43.46876 -109.7896 46.75181 -44.46364 -112.3024 39.24516 -45.28305 -114.3719 31.58362 -45.92374 -115.9902 23.79743 -46.38319 -117.1506 15.91732 -46.65956 -117.8487 7.974396 -46.75185 -118.0817 0 -46.65956 -117.8487 -7.974396 -46.38319 -117.1506 -15.91732 -45.92374 -115.9902 -23.79743 -45.28305 -114.3719 -31.58362 -44.46364 -112.3024 -39.24516 -43.46876 -109.7896 -46.75181 -42.30233 -106.8435 -54.07397 -40.96893 -103.4757 -61.18272 -39.47388 -99.69966 -68.05001 -37.82304 -95.53009 -74.64873 -36.0229 -90.98348 -80.95286 -34.08061 -86.07782 -86.93749 -32.00383 -80.83248 -92.57902 -29.80075 -75.26811 -97.85518 -27.48004 -69.40667 -102.7452 -25.05089 -63.2713 -107.2296 -22.52288 -56.8863 -111.291 -19.90597 -50.27674 -114.913 -17.2105 -43.46875 -118.0816 -14.44711 -36.48926 -120.7842 -11.62671 -29.36572 -123.0101 -8.760422 -22.1263 -124.7505 -5.859562 -14.79956 -125.9986 -2.935572 -7.414411 -126.7494 -3.841696 -6.988021 126.7494 -7.668235 -13.94847 125.9986 -11.4645 -20.85386 124.7505 -15.21553 -27.67695 123.0101 -18.90651 -34.39083 120.7842 -22.52287 -40.96894 118.0816 -26.05035 -47.38541 114.913 -29.47502 -53.61487 111.291 -32.78336 -59.63268 107.2296 -35.96231 -65.41522 102.7452 -38.99935 -70.93957 97.85518 -41.88247 -76.18394 92.57902 -44.60029 -81.12764 86.93749 -47.1421 -85.75118 80.95286 -49.49789 -90.03632 74.64873 -51.6583 -93.96612 68.05001 -53.61483 -97.52505 61.18272 -55.3598 -100.6991 54.07397 -56.88628 -103.4758 46.75181 -58.18825 -105.8441 39.24516 -59.26058 -107.7946 31.58362 -60.09904 -109.3198 23.79743 -60.7003 -110.4134 15.91732 -61.062 -111.0714 7.974396 -61.18276 -111.291 0 -61.062 -111.0714 -7.974396 -60.7003 -110.4134 -15.91732 -60.09904 -109.3198 -23.79743 -59.26058 -107.7946 -31.58362 -58.18825 -105.8441 -39.24516 -56.88628 -103.4758 -46.75181 -55.3598 -100.6991 -54.07397 -53.61483 -97.52505 -61.18272 -51.6583 -93.96612 -68.05001 -49.49789 -90.03632 -74.64873 -47.1421 -85.75118 -80.95286 -44.60029 -81.12764 -86.93749 -41.88247 -76.18394 -92.57902 -38.99935 -70.93957 -97.85518 -35.96231 -65.41522 -102.7452 -32.78336 -59.63268 -107.2296 -29.47502 -53.61487 -111.291 -26.05035 -47.38541 -114.913 -22.52287 -40.96894 -118.0816 -18.90651 -34.39083 -120.7842 -15.21553 -27.67695 -123.0101 -11.4645 -20.85386 -124.7505 -7.668235 -13.94847 -125.9986 -3.841696 -6.988021 -126.7494 -4.687235 -6.451427 126.7494 -9.355976 -12.87739 125.9986 -13.98779 -19.25254 124.7505 -18.56439 -25.5517 123.0101 -23.06774 -31.75003 120.7842 -27.48004 -37.82302 118.0816 -31.7839 -43.74679 114.913 -35.96233 -49.49791 111.291 -39.99881 -55.05362 107.2296 -43.87744 -60.39213 102.7452 -47.58292 -65.49227 97.85518 -51.10059 -70.33394 92.57902 -54.41659 -74.89803 86.93749 -57.51785 -79.16654 80.95286 -60.39212 -83.12263 74.64873 -63.02803 -86.75067 68.05001 -65.41519 -90.03632 61.18272 -67.54423 -92.96666 54.07397 -69.40667 -95.53009 46.75181 -70.9952 -97.71652 39.24516 -72.30354 -99.51728 31.58362 -73.32655 -100.9254 23.79743 -74.06014 -101.935 15.91732 -74.50144 -102.5425 7.974396 -74.64878 -102.7452 0 -74.50144 -102.5425 -7.974396 -74.06014 -101.935 -15.91732 -73.32655 -100.9254 -23.79743 -72.30354 -99.51728 -31.58362 -70.9952 -97.71652 -39.24516 -69.40667 -95.53009 -46.75181 -67.54423 -92.96666 -54.07397 -65.41519 -90.03632 -61.18272 -63.02803 -86.75067 -68.05001 -60.39212 -83.12263 -74.64873 -57.51785 -79.16654 -80.95286 -54.41659 -74.89803 -86.93749 -51.10059 -70.33394 -92.57902 -47.58292 -65.49227 -97.85518 -43.87744 -60.39213 -102.7452 -39.99881 -55.05362 -107.2296 -35.96233 -49.49791 -111.291 -31.7839 -43.74679 -114.913 -27.48004 -37.82302 -118.0816 -23.06774 -31.75003 -120.7842 -18.56439 -25.5517 -123.0101 -13.98779 -19.25254 -124.7505 -9.355976 -12.87739 -125.9986 -4.687235 -6.451427 -126.7494 -5.458853 -5.813089 126.7494 -10.89617 -11.60324 125.9986 -16.29047 -17.34759 124.7505 -21.62048 -23.02348 123.0101 -26.86518 -28.60852 120.7842 -32.00383 -34.08062 118.0816 -37.0162 -39.41825 114.913 -41.88249 -44.60033 111.291 -46.58345 -49.60633 107.2296 -51.10059 -54.41662 102.7452 -55.41607 -59.01212 97.85518 -59.51283 -63.37473 92.57902 -63.37472 -67.48723 86.93749 -66.98651 -71.33338 80.95286 -70.33395 -74.89805 74.64873 -73.40378 -78.16711 68.05001 -76.18392 -81.12766 61.18272 -78.66343 -83.76805 54.07397 -80.83248 -86.07785 46.75181 -82.68251 -88.04795 39.24516 -84.20623 -89.67053 31.58362 -85.39765 -90.93928 23.79743 -86.252 -91.84906 15.91732 -86.76596 -92.39638 7.974396 -86.93755 -92.57908 0 -86.76596 -92.39638 -7.974396 -86.252 -91.84906 -15.91732 -85.39765 -90.93928 -23.79743 -84.20623 -89.67053 -31.58362 -82.68251 -88.04795 -39.24516 -80.83248 -86.07785 -46.75181 -78.66343 -83.76805 -54.07397 -76.18392 -81.12766 -61.18272 -73.40378 -78.16711 -68.05001 -70.33395 -74.89805 -74.64873 -66.98651 -71.33338 -80.95286 -63.37472 -67.48723 -86.93749 -59.51283 -63.37473 -92.57902 -55.41607 -59.01212 -97.85518 -51.10059 -54.41662 -102.7452 -46.58345 -49.60633 -107.2296 -41.88249 -44.60033 -111.291 -37.0162 -39.41825 -114.913 -32.00383 -34.08062 -118.0816 -26.86518 -28.60852 -120.7842 -21.62048 -23.02348 -123.0101 -16.29047 -17.34759 -124.7505 -10.89617 -11.60324 -125.9986 -5.458853 -5.813089 -126.7494 -6.144381 -5.083076 126.7494 -12.26452 -10.14609 125.9986 -18.33625 -15.16906 124.7505 -24.33561 -20.13217 123.0101 -30.23894 -25.01583 120.7842 -36.0229 -29.80074 118.0816 -41.66474 -34.46807 114.913 -47.14214 -38.99938 111.291 -52.43345 -43.37671 107.2296 -57.51786 -47.58293 102.7452 -62.37528 -51.60132 97.85518 -66.98652 -55.41607 92.57902 -71.33339 -59.01211 86.93749 -75.39875 -62.37526 80.95286 -79.16656 -65.49228 74.64873 -82.62191 -68.3508 68.05001 -85.75119 -70.93956 61.18272 -88.54207 -73.24837 54.07397 -90.9835 -75.26811 46.75181 -93.06587 -76.99079 39.24516 -94.78093 -78.40961 31.58362 -96.12197 -79.51904 23.79743 -97.08362 -80.31455 15.91732 -97.66213 -80.79315 7.974396 -97.85526 -80.95291 0 -97.66213 -80.79315 -7.974396 -97.08362 -80.31455 -15.91732 -96.12197 -79.51904 -23.79743 -94.78093 -78.40961 -31.58362 -93.06587 -76.99079 -39.24516 -90.9835 -75.26811 -46.75181 -88.54207 -73.24837 -54.07397 -85.75119 -70.93956 -61.18272 -82.62191 -68.3508 -68.05001 -79.16656 -65.49228 -74.64873 -75.39875 -62.37526 -80.95286 -71.33339 -59.01211 -86.93749 -66.98652 -55.41607 -92.57902 -62.37528 -51.60132 -97.85518 -57.51786 -47.58293 -102.7452 -52.43345 -43.37671 -107.2296 -47.14214 -38.99938 -111.291 -41.66474 -34.46807 -114.913 -36.0229 -29.80074 -118.0816 -30.23894 -25.01583 -120.7842 -24.33561 -20.13217 -123.0101 -18.33625 -15.16906 -124.7505 -12.26452 -10.14609 -125.9986 -6.144381 -5.083076 -126.7494 -6.73301 -4.272899 126.7494 -13.43945 -8.528935 125.9986 -20.09285 -12.75131 124.7505 -26.66695 -16.92336 123.0101 -33.13581 -21.02863 120.7842 -39.47388 -25.05089 118.0816 -45.6562 -28.9743 114.913 -51.65833 -32.78338 111.291 -57.45654 -36.46302 107.2296 -63.02804 -39.99882 102.7452 -68.35079 -43.37673 97.85518 -73.40379 -46.58346 92.57902 -78.16709 -49.60634 86.93749 -82.6219 -52.43344 80.95286 -86.75067 -55.05365 74.64873 -90.53704 -57.45656 68.05001 -93.9661 -59.6327 61.18272 -97.02435 -61.57352 54.07397 -99.69966 -63.27133 46.75181 -101.9815 -64.71945 39.24516 -103.8609 -65.91213 31.58362 -105.3304 -66.84473 23.79743 -106.3842 -67.51345 15.91732 -107.0181 -67.91577 7.974396 -107.2297 -68.05005 0 -107.0181 -67.91577 -7.974396 -106.3842 -67.51345 -15.91732 -105.3304 -66.84473 -23.79743 -103.8609 -65.91213 -31.58362 -101.9815 -64.71945 -39.24516 -99.69966 -63.27133 -46.75181 -97.02435 -61.57352 -54.07397 -93.9661 -59.6327 -61.18272 -90.53704 -57.45656 -68.05001 -86.75067 -55.05365 -74.64873 -82.6219 -52.43344 -80.95286 -78.16709 -49.60634 -86.93749 -73.40379 -46.58346 -92.57902 -68.35079 -43.37673 -97.85518 -63.02804 -39.99882 -102.7452 -57.45654 -36.46302 -107.2296 -51.65833 -32.78338 -111.291 -45.6562 -28.9743 -114.913 -39.47388 -25.05089 -118.0816 -33.13581 -21.02863 -120.7842 -26.66695 -16.92336 -123.0101 -20.09285 -12.75131 -124.7505 -13.43945 -8.528935 -125.9986 -6.73301 -4.272899 -126.7494 -7.215455 -3.395336 126.7494 -14.40244 -6.777271 125.9986 -21.53257 -10.13246 124.7505 -28.57773 -13.44766 123.0101 -35.51011 -16.7098 120.7842 -42.30232 -19.90597 118.0816 -48.92763 -23.02359 114.913 -55.35983 -26.05037 111.291 -61.57351 -28.97429 107.2296 -67.54423 -31.78391 102.7452 -73.24838 -34.46807 97.85518 -78.66343 -37.0162 92.57902 -83.76804 -39.41825 86.93749 -88.54206 -41.66472 80.95286 -92.96667 -43.74679 74.64873 -97.02434 -45.6562 68.05001 -100.6991 -47.38541 61.18272 -103.9765 -48.92762 54.07397 -106.8435 -50.27674 46.75181 -109.2889 -51.42745 39.24516 -111.3029 -52.37517 31.58362 -112.8777 -53.11623 23.79743 -114.007 -53.64761 15.91732 -114.6863 -53.9673 7.974396 -114.9131 -54.07401 0 -114.6863 -53.9673 -7.974396 -114.007 -53.64761 -15.91732 -112.8777 -53.11623 -23.79743 -111.3029 -52.37517 -31.58362 -109.2889 -51.42745 -39.24516 -106.8435 -50.27674 -46.75181 -103.9765 -48.92762 -54.07397 -100.6991 -47.38541 -61.18272 -97.02434 -45.6562 -68.05001 -92.96667 -43.74679 -74.64873 -88.54206 -41.66472 -80.95286 -83.76804 -39.41825 -86.93749 -78.66343 -37.0162 -92.57902 -73.24838 -34.46807 -97.85518 -67.54423 -31.78391 -102.7452 -61.57351 -28.97429 -107.2296 -55.35983 -26.05037 -111.291 -48.92763 -23.02359 -114.913 -42.30232 -19.90597 -118.0816 -35.51011 -16.7098 -120.7842 -28.57773 -13.44766 -123.0101 -21.53257 -10.13246 -124.7505 -14.40244 -6.777271 -125.9986 -7.215455 -3.395336 -126.7494 -7.584107 -2.464227 126.7494 -15.13829 -4.918727 125.9986 -22.63272 -7.353813 124.7505 -30.03783 -9.759885 123.0101 -37.3244 -12.12744 120.7842 -44.46364 -14.44712 118.0816 -51.42744 -16.70979 114.913 -58.18828 -18.90653 111.291 -64.71943 -21.02861 107.2296 -70.9952 -23.06775 102.7452 -76.99079 -25.01583 97.85518 -82.68251 -26.86518 92.57902 -88.04792 -28.6085 86.93749 -93.06585 -30.23892 80.95286 -97.71652 -31.75003 74.64873 -101.9815 -33.13582 68.05001 -105.844 -34.39082 61.18272 -109.2889 -35.5101 54.07397 -112.3024 -36.48925 46.75181 -114.8727 -37.3244 39.24516 -116.9896 -38.01222 31.58362 -118.6449 -38.55007 23.79743 -119.8318 -38.93572 15.91732 -120.5459 -39.16774 7.974396 -120.7843 -39.24518 0 -120.5459 -39.16774 -7.974396 -119.8318 -38.93572 -15.91732 -118.6449 -38.55007 -23.79743 -116.9896 -38.01222 -31.58362 -114.8727 -37.3244 -39.24516 -112.3024 -36.48925 -46.75181 -109.2889 -35.5101 -54.07397 -105.844 -34.39082 -61.18272 -101.9815 -33.13582 -68.05001 -97.71652 -31.75003 -74.64873 -93.06585 -30.23892 -80.95286 -88.04792 -28.6085 -86.93749 -82.68251 -26.86518 -92.57902 -76.99079 -25.01583 -97.85518 -70.9952 -23.06775 -102.7452 -64.71943 -21.02861 -107.2296 -58.18828 -18.90653 -111.291 -51.42744 -16.70979 -114.913 -44.46364 -14.44712 -118.0816 -37.3244 -12.12744 -120.7842 -30.03783 -9.759885 -123.0101 -22.63272 -7.353813 -124.7505 -15.13829 -4.918727 -125.9986 -7.584107 -2.464227 -126.7494 0 0 -127 -7.833154 -1.494255 126.7494 -15.6354 -2.982611 125.9986 -23.37593 -4.459195 124.7505 -31.02421 -5.918188 123.0101 -38.55006 -7.35382 120.7842 -45.92373 -8.760426 118.0816 -53.11621 -10.13246 114.913 -60.09907 -11.46451 111.291 -66.84468 -12.7513 107.2296 -73.32655 -13.98779 102.7452 -79.51901 -15.16907 97.85518 -85.39763 -16.29048 92.57902 -90.93923 -17.34759 86.93749 -96.12194 -18.33623 80.95286 -100.9253 -19.25254 74.64873 -105.3304 -20.09286 68.05001 -109.3197 -20.85387 61.18272 -112.8777 -21.53257 54.07397 -115.9901 -22.12631 46.75181 -118.6449 -22.63273 39.24516 -120.8313 -23.0498 31.58362 -122.5409 -23.37595 23.79743 -123.7669 -23.60979 15.91732 -124.5044 -23.75049 7.974396 -124.7506 -23.79744 0 -124.5044 -23.75049 -7.974396 -123.7669 -23.60979 -15.91732 -122.5409 -23.37595 -23.79743 -120.8313 -23.0498 -31.58362 -118.6449 -22.63273 -39.24516 -115.9901 -22.12631 -46.75181 -112.8777 -21.53257 -54.07397 -109.3197 -20.85387 -61.18272 -105.3304 -20.09286 -68.05001 -100.9253 -19.25254 -74.64873 -96.12194 -18.33623 -80.95286 -90.93923 -17.34759 -86.93749 -85.39763 -16.29048 -92.57902 -79.51901 -15.16907 -97.85518 -73.32655 -13.98779 -102.7452 -66.84468 -12.7513 -107.2296 -60.09907 -11.46451 -111.291 -53.11621 -10.13246 -114.913 -45.92373 -8.760426 -118.0816 -38.55006 -7.35382 -120.7842 -31.02421 -5.918188 -123.0101 -23.37593 -4.459195 -124.7505 -15.6354 -2.982611 -125.9986 -7.833154 -1.494255 -126.7494 -7.958667 -0.5007179 126.7494 -15.88593 -0.9994575 125.9986 -23.75049 -1.494253 124.7505 -31.52132 -1.983157 123.0101 -39.16775 -2.464231 120.7842 -46.65958 -2.935577 118.0816 -53.96731 -3.395332 114.913 -61.06206 -3.841703 111.291 -67.91575 -4.272888 107.2296 -74.50148 -4.687244 102.7452 -80.79317 -5.083078 97.85518 -86.76599 -5.45886 92.57902 -92.39638 -5.813089 86.93749 -97.66213 -6.144373 80.95286 -102.5425 -6.45143 74.64873 -107.0181 -6.733026 68.05001 -111.0714 -6.988032 61.18272 -114.6864 -7.215455 54.07397 -117.8487 -7.414416 46.75181 -120.5459 -7.584121 39.24516 -122.7674 -7.723873 31.58362 -124.5044 -7.833175 23.79743 -125.75 -7.911521 15.91732 -126.4993 -7.958673 7.974396 -126.7495 -7.9744 0 -126.4993 -7.958673 -7.974396 -125.75 -7.911521 -15.91732 -124.5044 -7.833175 -23.79743 -122.7674 -7.723873 -31.58362 -120.5459 -7.584121 -39.24516 -117.8487 -7.414416 -46.75181 -114.6864 -7.215455 -54.07397 -111.0714 -6.988032 -61.18272 -107.0181 -6.733026 -68.05001 -102.5425 -6.45143 -74.64873 -97.66213 -6.144373 -80.95286 -92.39638 -5.813089 -86.93749 -86.76599 -5.45886 -92.57902 -80.79317 -5.083078 -97.85518 -74.50148 -4.687244 -102.7452 -67.91575 -4.272888 -107.2296 -61.06206 -3.841703 -111.291 -53.96731 -3.395332 -114.913 -46.65958 -2.935577 -118.0816 -39.16775 -2.464231 -120.7842 -31.52132 -1.983157 -123.0101 -23.75049 -1.494253 -124.7505 -15.88593 -0.9994575 -125.9986 -7.958667 -0.5007179 -126.7494 -7.958667 0.5007159 126.7494 -15.88593 0.9994583 125.9986 -23.75049 1.494255 124.7505 -31.52132 1.983149 123.0101 -39.16775 2.464222 120.7842 -46.65958 2.935568 118.0816 -53.96731 3.395339 114.913 -61.06206 3.841695 111.291 -67.91575 4.272905 107.2296 -74.50149 4.687227 102.7452 -80.79317 5.083072 97.85518 -86.76599 5.458846 92.57902 -92.39639 5.813085 86.93749 -97.66213 6.144388 80.95286 -102.5425 6.451424 74.64873 -107.0181 6.732994 68.05001 -111.0714 6.988008 61.18272 -114.6864 7.215454 54.07397 -117.8487 7.414406 46.75181 -120.5459 7.584094 39.24516 -122.7674 7.723869 31.58362 -124.5044 7.833136 23.79743 -125.75 7.91152 15.91732 -126.4994 7.958655 7.974396 -126.7495 7.974404 0 -126.4994 7.958655 -7.974396 -125.75 7.91152 -15.91732 -124.5044 7.833136 -23.79743 -122.7674 7.723869 -31.58362 -120.5459 7.584094 -39.24516 -117.8487 7.414406 -46.75181 -114.6864 7.215454 -54.07397 -111.0714 6.988008 -61.18272 -107.0181 6.732994 -68.05001 -102.5425 6.451424 -74.64873 -97.66213 6.144388 -80.95286 -92.39639 5.813085 -86.93749 -86.76599 5.458846 -92.57902 -80.79317 5.083072 -97.85518 -74.50149 4.687227 -102.7452 -67.91575 4.272905 -107.2296 -61.06206 3.841695 -111.291 -53.96731 3.395339 -114.913 -46.65958 2.935568 -118.0816 -39.16775 2.464222 -120.7842 -31.52132 1.983149 -123.0101 -23.75049 1.494255 -124.7505 -15.88593 0.9994583 -125.9986 -7.958667 0.5007159 -126.7494 -7.833155 1.494253 126.7494 -15.6354 2.982612 125.9986 -23.37593 4.459198 124.7505 -31.02421 5.91818 123.0101 -38.55006 7.353812 120.7842 -45.92374 8.760416 118.0816 -53.11621 10.13246 114.913 -60.09908 11.46451 111.291 -66.84468 12.75131 107.2296 -73.32656 13.98778 102.7452 -79.51902 15.16906 97.85518 -85.39764 16.29046 92.57902 -90.93925 17.34758 86.93749 -96.12194 18.33625 80.95286 -100.9253 19.25254 74.64873 -105.3304 20.09283 68.05001 -109.3197 20.85384 61.18272 -112.8777 21.53257 54.07397 -115.9902 22.1263 46.75181 -118.6449 22.6327 39.24516 -120.8313 23.0498 31.58362 -122.5409 23.37591 23.79743 -123.7669 23.60979 15.91732 -124.5044 23.75047 7.974396 -124.7506 23.79745 0 -124.5044 23.75047 -7.974396 -123.7669 23.60979 -15.91732 -122.5409 23.37591 -23.79743 -120.8313 23.0498 -31.58362 -118.6449 22.6327 -39.24516 -115.9902 22.1263 -46.75181 -112.8777 21.53257 -54.07397 -109.3197 20.85384 -61.18272 -105.3304 20.09283 -68.05001 -100.9253 19.25254 -74.64873 -96.12194 18.33625 -80.95286 -90.93925 17.34758 -86.93749 -85.39764 16.29046 -92.57902 -79.51902 15.16906 -97.85518 -73.32656 13.98778 -102.7452 -66.84468 12.75131 -107.2296 -60.09908 11.46451 -111.291 -53.11621 10.13246 -114.913 -45.92374 8.760416 -118.0816 -38.55006 7.353812 -120.7842 -31.02421 5.91818 -123.0101 -23.37593 4.459198 -124.7505 -15.6354 2.982612 -125.9986 -7.833155 1.494253 -126.7494 -7.584108 2.464225 126.7494 -15.13829 4.918728 125.9986 -22.63272 7.353816 124.7505 -30.03783 9.759879 123.0101 -37.3244 12.12743 120.7842 -44.46364 14.44711 118.0816 -51.42744 16.70979 114.913 -58.1883 18.90652 111.291 -64.71942 21.02862 107.2296 -70.99523 23.06774 102.7452 -76.9908 25.01582 97.85518 -82.68252 26.86517 92.57902 -88.04794 28.6085 86.93749 -93.06585 30.23894 80.95286 -97.71654 31.75003 74.64873 -101.9815 33.13579 68.05001 -105.8441 34.3908 61.18272 -109.2889 35.5101 54.07397 -112.3024 36.48925 46.75181 -114.8727 37.32438 39.24516 -116.9896 38.01222 31.58362 -118.6449 38.55004 23.79743 -119.8318 38.93572 15.91732 -120.5459 39.16773 7.974396 -120.7843 39.24519 0 -120.5459 39.16773 -7.974396 -119.8318 38.93572 -15.91732 -118.6449 38.55004 -23.79743 -116.9896 38.01222 -31.58362 -114.8727 37.32438 -39.24516 -112.3024 36.48925 -46.75181 -109.2889 35.5101 -54.07397 -105.8441 34.3908 -61.18272 -101.9815 33.13579 -68.05001 -97.71654 31.75003 -74.64873 -93.06585 30.23894 -80.95286 -88.04794 28.6085 -86.93749 -82.68252 26.86517 -92.57902 -76.9908 25.01582 -97.85518 -70.99523 23.06774 -102.7452 -64.71942 21.02862 -107.2296 -58.1883 18.90652 -111.291 -51.42744 16.70979 -114.913 -44.46364 14.44711 -118.0816 -37.3244 12.12743 -120.7842 -30.03783 9.759879 -123.0101 -22.63272 7.353816 -124.7505 -15.13829 4.918728 -125.9986 -7.584108 2.464225 -126.7494 -7.215456 3.395335 126.7494 -14.40244 6.777274 125.9986 -21.53257 10.13246 124.7505 -28.57774 13.44766 123.0101 -35.51012 16.70979 120.7842 -42.30233 19.90596 118.0816 -48.92763 23.0236 114.913 -55.35985 26.05036 111.291 -61.5735 28.9743 107.2296 -67.54426 31.7839 102.7452 -73.24839 34.46807 97.85518 -78.66345 37.0162 92.57902 -83.76806 39.41825 86.93749 -88.54206 41.66474 80.95286 -92.96669 43.74679 74.64873 -97.02438 45.65619 68.05001 -100.6991 47.3854 61.18272 -103.9765 48.92763 54.07397 -106.8435 50.27674 46.75181 -109.2889 51.42744 39.24516 -111.3029 52.37517 31.58362 -112.8777 53.11621 23.79743 -114.007 53.64761 15.91732 -114.6864 53.96729 7.974396 -114.9131 54.07402 0 -114.6864 53.96729 -7.974396 -114.007 53.64761 -15.91732 -112.8777 53.11621 -23.79743 -111.3029 52.37517 -31.58362 -109.2889 51.42744 -39.24516 -106.8435 50.27674 -46.75181 -103.9765 48.92763 -54.07397 -100.6991 47.3854 -61.18272 -97.02438 45.65619 -68.05001 -92.96669 43.74679 -74.64873 -88.54206 41.66474 -80.95286 -83.76806 39.41825 -86.93749 -78.66345 37.0162 -92.57902 -73.24839 34.46807 -97.85518 -67.54426 31.7839 -102.7452 -61.5735 28.9743 -107.2296 -55.35985 26.05036 -111.291 -48.92763 23.0236 -114.913 -42.30233 19.90596 -118.0816 -35.51012 16.70979 -120.7842 -28.57774 13.44766 -123.0101 -21.53257 10.13246 -124.7505 -14.40244 6.777274 -125.9986 -7.215456 3.395335 -126.7494 -6.733012 4.272898 126.7494 -13.43945 8.528938 125.9986 -20.09285 12.75131 124.7505 -26.66695 16.92336 123.0101 -33.13582 21.02863 120.7842 -39.47389 25.05088 118.0816 -45.6562 28.97431 114.913 -51.65835 32.78338 111.291 -57.45654 36.46303 107.2296 -63.02807 39.99882 102.7452 -68.35082 43.37674 97.85518 -73.4038 46.58346 92.57902 -78.16711 49.60634 86.93749 -82.6219 52.43346 80.95286 -86.75069 55.05366 74.64873 -90.53708 57.45655 68.05001 -93.96613 59.6327 61.18272 -97.02436 61.57353 54.07397 -99.6997 63.27134 46.75181 -101.9816 64.71945 39.24516 -103.8609 65.91213 31.58362 -105.3304 66.84471 23.79743 -106.3842 67.51345 15.91732 -107.0181 67.91576 7.974396 -107.2297 68.05007 0 -107.0181 67.91576 -7.974396 -106.3842 67.51345 -15.91732 -105.3304 66.84471 -23.79743 -103.8609 65.91213 -31.58362 -101.9816 64.71945 -39.24516 -99.6997 63.27134 -46.75181 -97.02436 61.57353 -54.07397 -93.96613 59.6327 -61.18272 -90.53708 57.45655 -68.05001 -86.75069 55.05366 -74.64873 -82.6219 52.43346 -80.95286 -78.16711 49.60634 -86.93749 -73.4038 46.58346 -92.57902 -68.35082 43.37674 -97.85518 -63.02807 39.99882 -102.7452 -57.45654 36.46303 -107.2296 -51.65835 32.78338 -111.291 -45.6562 28.97431 -114.913 -39.47389 25.05088 -118.0816 -33.13582 21.02863 -120.7842 -26.66695 16.92336 -123.0101 -20.09285 12.75131 -124.7505 -13.43945 8.528938 -125.9986 -6.733012 4.272898 -126.7494 -6.144384 5.083075 126.7494 -12.26452 10.14609 125.9986 -18.33625 15.16907 124.7505 -24.33562 20.13217 123.0101 -30.23895 25.01583 120.7842 -36.02291 29.80074 118.0816 -41.66474 34.46808 114.913 -47.14216 38.99938 111.291 -52.43345 43.37673 107.2296 -57.5179 47.58293 102.7452 -62.3753 51.60133 97.85518 -66.98654 55.41607 92.57902 -71.33341 59.01212 86.93749 -75.39875 62.37528 80.95286 -79.16658 65.49229 74.64873 -82.62195 68.3508 68.05001 -85.75122 70.93956 61.18272 -88.54209 73.24839 54.07397 -90.98354 75.26811 46.75181 -93.06591 76.99079 39.24516 -94.78096 78.40962 31.58362 -96.12202 79.51903 23.79743 -97.08364 80.31456 15.91732 -97.66217 80.79315 7.974396 -97.85527 80.95293 0 -97.66217 80.79315 -7.974396 -97.08364 80.31456 -15.91732 -96.12202 79.51903 -23.79743 -94.78096 78.40962 -31.58362 -93.06591 76.99079 -39.24516 -90.98354 75.26811 -46.75181 -88.54209 73.24839 -54.07397 -85.75122 70.93956 -61.18272 -82.62195 68.3508 -68.05001 -79.16658 65.49229 -74.64873 -75.39875 62.37528 -80.95286 -71.33341 59.01212 -86.93749 -66.98654 55.41607 -92.57902 -62.3753 51.60133 -97.85518 -57.5179 47.58293 -102.7452 -52.43345 43.37673 -107.2296 -47.14216 38.99938 -111.291 -41.66474 34.46808 -114.913 -36.02291 29.80074 -118.0816 -30.23895 25.01583 -120.7842 -24.33562 20.13217 -123.0101 -18.33625 15.16907 -124.7505 -12.26452 10.14609 -125.9986 -6.144384 5.083075 -126.7494 -5.458856 5.813089 126.7494 -10.89617 11.60324 125.9986 -16.29047 17.3476 124.7505 -21.6205 23.02348 123.0101 -26.8652 28.60852 120.7842 -32.00384 34.08062 118.0816 -37.01621 39.41827 114.913 -41.88251 44.60034 111.291 -46.58345 49.60634 107.2296 -51.10063 54.41662 102.7452 -55.41609 59.01214 97.85518 -59.51285 63.37474 92.57902 -63.37475 67.48724 86.93749 -66.98651 71.33341 80.95286 -70.33397 74.89807 74.64873 -73.40383 78.16712 68.05001 -76.18396 81.12766 61.18272 -78.66345 83.76807 54.07397 -80.83251 86.07786 46.75181 -82.68256 88.04795 39.24516 -84.20625 89.67054 31.58362 -85.39769 90.93929 23.79743 -86.25202 91.84907 15.91732 -86.766 92.39638 7.974396 -86.93756 92.57911 0 -86.766 92.39638 -7.974396 -86.25202 91.84907 -15.91732 -85.39769 90.93929 -23.79743 -84.20625 89.67054 -31.58362 -82.68256 88.04795 -39.24516 -80.83251 86.07786 -46.75181 -78.66345 83.76807 -54.07397 -76.18396 81.12766 -61.18272 -73.40383 78.16712 -68.05001 -70.33397 74.89807 -74.64873 -66.98651 71.33341 -80.95286 -63.37475 67.48724 -86.93749 -59.51285 63.37474 -92.57902 -55.41609 59.01214 -97.85518 -51.10063 54.41662 -102.7452 -46.58345 49.60634 -107.2296 -41.88251 44.60034 -111.291 -37.01621 39.41827 -114.913 -32.00384 34.08062 -118.0816 -26.8652 28.60852 -120.7842 -21.6205 23.02348 -123.0101 -16.29047 17.3476 -124.7505 -10.89617 11.60324 -125.9986 -5.458856 5.813089 -126.7494 -4.687238 6.451427 126.7494 -9.355978 12.8774 125.9986 -13.98779 19.25254 124.7505 -18.56441 25.5517 123.0101 -23.06776 31.75003 120.7842 -27.48005 37.82304 118.0816 -31.78391 43.74681 114.913 -35.96236 49.49793 111.291 -39.9988 55.05364 107.2296 -43.87747 60.39214 102.7452 -47.58294 65.49229 97.85518 -51.10061 70.33395 92.57902 -54.41662 74.89804 86.93749 -57.51785 79.16656 80.95286 -60.39215 83.12266 74.64873 -63.02807 86.75068 68.05001 -65.41524 90.03632 61.18272 -67.54425 92.96668 54.07397 -69.40671 95.53011 46.75181 -70.99525 97.71654 39.24516 -72.30356 99.51731 31.58362 -73.32659 100.9254 23.79743 -74.06015 101.9351 15.91732 -74.50149 102.5425 7.974396 -74.6488 102.7453 0 -74.50149 102.5425 -7.974396 -74.06015 101.9351 -15.91732 -73.32659 100.9254 -23.79743 -72.30356 99.51731 -31.58362 -70.99525 97.71654 -39.24516 -69.40671 95.53011 -46.75181 -67.54425 92.96668 -54.07397 -65.41524 90.03632 -61.18272 -63.02807 86.75068 -68.05001 -60.39215 83.12266 -74.64873 -57.51785 79.16656 -80.95286 -54.41662 74.89804 -86.93749 -51.10061 70.33395 -92.57902 -47.58294 65.49229 -97.85518 -43.87747 60.39214 -102.7452 -39.9988 55.05364 -107.2296 -35.96236 49.49793 -111.291 -31.78391 43.74681 -114.913 -27.48005 37.82304 -118.0816 -23.06776 31.75003 -120.7842 -18.56441 25.5517 -123.0101 -13.98779 19.25254 -124.7505 -9.355978 12.8774 -125.9986 -4.687238 6.451427 -126.7494 -3.8417 6.988023 126.7494 -7.668238 13.94847 125.9986 -11.46451 20.85387 124.7505 -15.21554 27.67695 123.0101 -18.90653 34.39083 120.7842 -22.52288 40.96895 118.0816 -26.05036 47.38543 114.913 -29.47505 53.6149 111.291 -32.78335 59.63271 107.2296 -35.96235 65.41524 102.7452 -38.99938 70.93959 97.85518 -41.88249 76.18395 92.57902 -44.60032 81.12767 86.93749 -47.1421 85.75121 80.95286 -49.49791 90.03636 74.64873 -51.65834 93.96614 68.05001 -53.61488 97.52506 61.18272 -55.35982 100.6991 54.07397 -56.88631 103.4758 46.75181 -58.1883 105.8441 39.24516 -59.2606 107.7946 31.58362 -60.09909 109.3198 23.79743 -60.70032 110.4135 15.91732 -61.06204 111.0714 7.974396 -61.18278 111.2911 0 -61.06204 111.0714 -7.974396 -60.70032 110.4135 -15.91732 -60.09909 109.3198 -23.79743 -59.2606 107.7946 -31.58362 -58.1883 105.8441 -39.24516 -56.88631 103.4758 -46.75181 -55.35982 100.6991 -54.07397 -53.61488 97.52506 -61.18272 -51.65834 93.96614 -68.05001 -49.49791 90.03636 -74.64873 -47.1421 85.75121 -80.95286 -44.60032 81.12767 -86.93749 -41.88249 76.18395 -92.57902 -38.99938 70.93959 -97.85518 -35.96235 65.41524 -102.7452 -32.78335 59.63271 -107.2296 -29.47505 53.6149 -111.291 -26.05036 47.38543 -114.913 -22.52288 40.96895 -118.0816 -18.90653 34.39083 -120.7842 -15.21554 27.67695 -123.0101 -11.46451 20.85387 -124.7505 -7.668238 13.94847 -125.9986 -3.8417 6.988023 -126.7494 -2.935575 7.414413 126.7494 -5.859564 14.79957 125.9986 -8.760425 22.12631 124.7505 -11.62672 29.36573 123.0101 -14.44713 36.48926 120.7842 -17.21051 43.46877 118.0816 -19.90598 50.27676 114.913 -22.5229 56.88634 111.291 -25.05088 63.27133 107.2296 -27.48007 69.4067 102.7452 -29.80077 75.26812 97.85518 -32.00385 80.83248 92.57902 -34.08065 86.07785 86.93749 -36.0229 90.98351 80.95286 -37.82306 95.53013 74.64873 -39.47392 99.6997 68.05001 -40.96898 103.4758 61.18272 -42.30234 106.8435 54.07397 -43.46879 109.7896 46.75181 -44.46369 112.3024 39.24516 -45.28306 114.372 31.58362 -45.92378 115.9902 23.79743 -46.3832 117.1506 15.91732 -46.65961 117.8487 7.974396 -46.75186 118.0817 0 -46.65961 117.8487 -7.974396 -46.3832 117.1506 -15.91732 -45.92378 115.9902 -23.79743 -45.28306 114.372 -31.58362 -44.46369 112.3024 -39.24516 -43.46879 109.7896 -46.75181 -42.30234 106.8435 -54.07397 -40.96898 103.4758 -61.18272 -39.47392 99.6997 -68.05001 -37.82306 95.53013 -74.64873 -36.0229 90.98351 -80.95286 -34.08065 86.07785 -86.93749 -32.00385 80.83248 -92.57902 -29.80077 75.26812 -97.85518 -27.48007 69.4067 -102.7452 -25.05088 63.27133 -107.2296 -22.5229 56.88634 -111.291 -19.90598 50.27676 -114.913 -17.21051 43.46877 -118.0816 -14.44713 36.48926 -120.7842 -11.62672 29.36573 -123.0101 -8.760425 22.12631 -124.7505 -5.859564 14.79957 -125.9986 -2.935575 7.414413 -126.7494 -1.983155 7.723874 126.7494 -3.958482 15.41727 125.9986 -5.918184 23.04981 124.7505 -7.85454 30.59138 123.0101 -9.759892 38.01224 120.7842 -11.62671 45.28305 118.0816 -13.44766 52.3752 114.913 -15.21555 59.26064 111.291 -16.92335 65.91213 107.2296 -18.56442 72.30358 102.7452 -20.13219 78.40963 97.85518 -21.6205 84.20624 92.57902 -23.0235 89.67054 86.93749 -24.3356 94.78095 80.95286 -25.55172 99.51734 74.64873 -26.66697 103.8609 68.05001 -27.67698 107.7946 61.18272 -28.57774 111.3029 54.07397 -29.36575 114.372 46.75181 -30.03786 116.9896 39.24516 -30.59139 119.1456 31.58362 -31.02423 120.8314 23.79743 -31.3346 122.0402 15.91732 -31.52134 122.7674 7.974396 -31.58365 123.0102 0 -31.52134 122.7674 -7.974396 -31.3346 122.0402 -15.91732 -31.02423 120.8314 -23.79743 -30.59139 119.1456 -31.58362 -30.03786 116.9896 -39.24516 -29.36575 114.372 -46.75181 -28.57774 111.3029 -54.07397 -27.67698 107.7946 -61.18272 -26.66697 103.8609 -68.05001 -25.55172 99.51734 -74.64873 -24.3356 94.78095 -80.95286 -23.0235 89.67054 -86.93749 -21.6205 84.20624 -92.57902 -20.13219 78.40963 -97.85518 -18.56442 72.30358 -102.7452 -16.92335 65.91213 -107.2296 -15.21555 59.26064 -111.291 -13.44766 52.3752 -114.913 -11.62671 45.28305 -118.0816 -9.759892 38.01224 -120.7842 -7.85454 30.59138 -123.0101 -5.918184 23.04981 -124.7505 -3.958482 15.41727 -125.9986 -1.983155 7.723874 -126.7494 -0.9994595 7.911524 126.7494 -1.994972 15.79183 125.9986 -2.98261 23.6098 124.7505 -3.958488 31.3346 123.0101 -4.918734 38.93575 120.7842 -5.859563 46.3832 118.0816 -6.777271 53.64764 114.913 -7.668247 60.70037 111.291 -8.528923 67.51345 107.2296 -9.355994 74.06018 102.7452 -10.14611 80.31459 97.85518 -10.89617 86.25202 92.57902 -11.60325 91.84908 86.93749 -12.2645 97.08363 80.95286 -12.8774 101.9351 74.64873 -13.43947 106.3842 68.05001 -13.94849 110.4135 61.18272 -14.40244 114.007 54.07397 -14.79958 117.1506 46.75181 -15.13831 119.8319 39.24516 -15.41727 122.0402 31.58362 -15.63541 123.767 23.79743 -15.79182 125.0051 15.91732 -15.88594 125.75 7.974396 -15.91733 125.9987 0 -15.88594 125.75 -7.974396 -15.79182 125.0051 -15.91732 -15.63541 123.767 -23.79743 -15.41727 122.0402 -31.58362 -15.13831 119.8319 -39.24516 -14.79958 117.1506 -46.75181 -14.40244 114.007 -54.07397 -13.94849 110.4135 -61.18272 -13.43947 106.3842 -68.05001 -12.8774 101.9351 -74.64873 -12.2645 97.08363 -80.95286 -11.60325 91.84908 -86.93749 -10.89617 86.25202 -92.57902 -10.14611 80.31459 -97.85518 -9.355994 74.06018 -102.7452 -8.528923 67.51345 -107.2296 -7.668247 60.70037 -111.291 -6.777271 53.64764 -114.913 -5.859563 46.3832 -118.0816 -4.918734 38.93575 -120.7842 -3.958488 31.3346 -123.0101 -2.98261 23.6098 -124.7505 -1.994972 15.79183 -125.9986 -0.9994595 7.911524 -126.7494 -1.60933e-6 7.974405 126.7494 -1.19209e-7 15.91734 125.9986 1.90735e-6 23.79745 124.7505 -8.10623e-6 31.58364 123.0101 -5.24521e-6 39.24521 120.7842 -2.86102e-6 46.75185 118.0816 -7.15256e-6 61.18281 111.291 -1.81198e-5 74.64881 102.7452 -1.43051e-5 80.95293 97.85518 -7.62939e-6 86.93756 92.57902 -1.62125e-5 92.57909 86.93749 -7.62939e-6 102.7453 74.64873 -1.52588e-5 107.2298 68.05001 -2.67029e-5 111.291 61.18272 -9.53674e-7 114.9131 54.07397 -1.71661e-5 118.0817 46.75181 -2.28882e-5 120.7843 39.24516 -5.72205e-6 123.0102 31.58362 -7.62939e-6 124.7507 23.79743 -3.8147e-6 125.9987 15.91732 -2.19345e-5 126.7495 7.974396 3.8147e-6 127.0001 0 -2.19345e-5 126.7495 -7.974396 -3.8147e-6 125.9987 -15.91732 -7.62939e-6 124.7507 -23.79743 -5.72205e-6 123.0102 -31.58362 -2.28882e-5 120.7843 -39.24516 -1.71661e-5 118.0817 -46.75181 -9.53674e-7 114.9131 -54.07397 -2.67029e-5 111.291 -61.18272 -1.52588e-5 107.2298 -68.05001 -7.62939e-6 102.7453 -74.64873 -1.62125e-5 92.57909 -86.93749 -7.62939e-6 86.93756 -92.57902 -1.43051e-5 80.95293 -97.85518 -1.81198e-5 74.64881 -102.7452 -7.15256e-6 61.18281 -111.291 -2.86102e-6 46.75185 -118.0816 -5.24521e-6 39.24521 -120.7842 -8.10623e-6 31.58364 -123.0101 -1.19209e-7 15.91734 -125.9986 -1.60933e-6 7.974405 -126.7494</float_array>
          <technique_common>
            <accessor source="#Sphere_001-mesh-positions-array" count="2452" stride="3">
              <param name="X" type="float"/>
              <param name="Y" type="float"/>
              <param name="Z" type="float"/>
            </accessor>
          </technique_common>
        </source>
        <source id="Sphere_001-mesh-normals">
          <float_array id="Sphere_001-mesh-normals-array" count="14700">0.01372605 0.2181226 -0.9758249 0.02497845 0.3970243 0.9174683 0.05408102 0.8594826 -0.5082961 0.06031268 0.9585463 0.2784805 0.009846985 0.1564275 -0.9876404 0.02855569 0.4538012 0.8906453 0.05197167 0.8259627 -0.5613241 0.0612939 0.9740798 0.2177425 0.005908966 0.09410607 -0.9955447 0.03200811 0.5087848 0.8602986 0.04965114 0.7891823 -0.6121489 0.06202536 0.9857883 0.1561233 0.001983761 0.03141027 -0.9995046 0.03534543 0.5617272 0.8265673 0.04714471 0.7492753 -0.6605786 0.0625177 0.9936146 0.09392338 0.03853583 0.6124513 0.7895685 0.0444476 0.7064082 -0.7064078 0.06276786 0.9975358 0.03134715 0.0415737 0.6607411 0.7494618 0.04157555 0.66074 -0.7494626 0.0627644 0.9975357 -0.03135728 0.0444473 0.7064073 0.7064086 0.0385375 0.6124515 -0.7895684 0.06251776 0.9936146 -0.09392362 0.04714012 0.7492809 0.6605725 0.03533971 0.5617327 -0.8265638 0.001990079 0.03141027 0.9995047 0.06203055 0.9857861 -0.1561344 0.04965662 0.7891723 0.6121612 0.03201568 0.5087802 -0.8603011 0.005923986 0.09410607 0.9955446 0.06129026 0.9740823 -0.2177318 0.05197215 0.8259637 0.5613225 0.02855128 0.4538063 -0.8906429 0.009842336 0.1564276 0.9876405 0.06031435 0.9585455 -0.278483 0.05407959 0.8594838 0.5082942 0.0249809 0.3970227 -0.9174689 0.01372718 0.2181224 0.975825 0.05909866 0.9392366 -0.3381451 0.05597513 0.8896083 0.4532813 0.02130895 0.338661 -0.9406672 0.01754999 0.2789474 0.960146 0.05765014 0.9162284 -0.3964872 0.05765086 0.916227 0.3964905 0.01755285 0.2789478 -0.9601459 0.02130907 0.3386623 0.9406667 0.05597484 0.8896093 -0.4532794 0.05909955 0.9392359 0.3381471 0.1865528 0.977945 0.09392356 0.1149893 0.6027932 0.7895682 0.132629 0.695268 -0.7064078 0.187289 0.9818046 0.03134655 0.1240552 0.6503207 0.7494621 0.1240549 0.6503199 -0.7494628 0.1872889 0.9818045 -0.03134965 0.1326295 0.6952672 0.7064085 0.1149899 0.6027933 -0.7895681 0.1865531 0.9779449 -0.0939247 0.1406781 0.7374606 0.6605767 0.1054669 0.5528729 -0.8265641 0.005893766 0.03091496 0.9995048 0.1850831 0.9702408 -0.1561323 0.1481699 0.7767342 0.6121516 0.09552371 0.5007571 -0.8603008 0.01766473 0.0926221 0.9955446 0.1828857 0.9587209 -0.2177315 0.1550756 0.8129386 0.561322 0.08520287 0.4466484 -0.8906435 0.02936613 0.1539608 0.9876406 0.1799685 0.9434291 -0.2784832 0.1613699 0.8459284 0.5082961 0.07453835 0.3907619 -0.917469 0.04094773 0.2146826 0.9758252 0.1763432 0.9244241 -0.3381469 0.1670253 0.8755798 0.4532797 0.06358391 0.3333209 -0.940667 0.05237144 0.2745489 0.9601459 0.1720235 0.9017798 -0.3964859 0.1720238 0.9017799 0.3964857 0.05237191 0.274549 -0.960146 0.06358557 0.3333209 0.9406669 0.167026 0.8755795 -0.45328 0.1763433 0.9244242 0.3381465 0.04095828 0.2146824 -0.9758248 0.07454186 0.3907621 0.9174686 0.1613691 0.8459277 -0.5082976 0.1799687 0.9434287 0.2784844 0.02936995 0.1539606 -0.9876404 0.08520138 0.446649 0.8906432 0.1550766 0.8129376 -0.5613232 0.1828855 0.9587202 0.2177354 0.017681 0.09262204 -0.9955444 0.09552395 0.5007569 0.860301 0.1481693 0.776734 -0.612152 0.1850834 0.9702403 0.1561347 0.005892336 0.03091496 -0.9995048 0.1054645 0.552873 0.8265644 0.1406783 0.7374606 -0.6605767 0.2967919 0.9134333 -0.2784854 0.2661207 0.8190335 0.5082953 0.1229288 0.3783377 -0.9174689 0.06754148 0.2078568 0.9758247 0.2908134 0.8950331 -0.3381469 0.2754472 0.847741 0.4532815 0.1048575 0.3227233 -0.9406672 0.08637452 0.2658199 0.9601455 0.2836896 0.8731088 -0.3964862 0.2836899 0.8731082 0.3964875 0.08636766 0.26582 -0.9601461 0.1048613 0.3227234 0.9406667 0.2754478 0.8477414 -0.4532803 0.2908141 0.8950334 0.3381457 0.06753724 0.207857 -0.9758249 0.1229313 0.3783375 0.9174687 0.2661195 0.8190334 -0.5082959 0.2967929 0.9134346 0.2784801 0.04843568 0.1490657 -0.9876404 0.1405078 0.4324486 0.8906436 0.2557413 0.7870903 -0.5613245 0.3016031 0.9282395 0.2177316 0.02911919 0.08967727 -0.9955452 0.1575332 0.4848362 0.8603007 0.2443513 0.7520399 -0.6121507 0.3052271 0.9393932 0.1561309 0.009718 0.02993208 -0.9995048 0.1739282 0.5352957 0.8265637 0.2319961 0.7140133 -0.6605777 0.307651 0.9468522 0.09392547 0.1896323 0.5836284 0.789568 0.2187229 0.6731622 -0.7064085 0.3088653 0.9505891 0.03134888 0.2045837 0.6296435 0.7494629 0.2045834 0.629645 -0.7494618 0.3088651 0.9505892 -0.03134578 0.2187243 0.6731619 0.7064083 0.1896313 0.5836278 -0.7895687 0.3076505 0.9468523 -0.09392541 0.2319974 0.7140139 0.6605765 0.173927 0.5352954 -0.8265643 0.009720861 0.02993208 0.9995048 0.305227 0.9393925 -0.156136 0.2443529 0.7520402 0.6121498 0.1575329 0.4848353 -0.8603013 0.02913743 0.08967727 0.9955446 0.3016032 0.9282386 -0.2177354 0.2557412 0.7870908 0.5613239 0.1405115 0.4324487 -0.8906428 0.04843401 0.1490657 0.9876405 0.4205577 0.8937305 0.156132 0.01340544 0.02847713 -0.9995046 0.2396466 0.5092751 0.8265643 0.3196568 0.6793066 -0.6605771 0.4238969 0.9008273 0.09392356 0.2612854 0.5552585 0.7895683 0.3013674 0.640441 -0.7064086 0.4255699 0.9043826 0.03134602 0.2818854 0.5990378 0.7494628 0.2818849 0.599038 -0.7494628 0.4255699 0.9043825 -0.03134775 0.3013699 0.640442 0.7064067 0.2612856 0.5552586 -0.7895681 0.4238972 0.9008271 -0.09392428 0.3196569 0.6793057 0.6605779 0.2396474 0.5092754 -0.8265638 0.01341021 0.02847707 0.9995045 0.4205571 0.8937304 -0.156134 0.3366812 0.7154836 0.6121511 0.2170572 0.4612683 -0.860301 0.04014861 0.08531814 0.9955446 0.4155641 0.8831188 -0.2177332 0.3523725 0.7488315 0.5613244 0.193603 0.4114277 -0.8906431 0.06673562 0.1418197 0.9876405 0.4089357 0.8690343 -0.2784798 0.3666728 0.7792215 0.5082963 0.1693772 0.3599473 -0.917469 0.09306073 0.1977529 0.9758245 0.400698 0.8515267 -0.3381474 0.3795258 0.8065342 0.45328 0.1444779 0.3070368 -0.9406671 0.119009 0.2528986 0.9601454 0.3908827 0.8306689 -0.3964847 0.3908828 0.8306665 0.3964892 0.1190004 0.2528991 -0.9601464 0.144482 0.3070363 0.9406667 0.3795265 0.806534 -0.45328 0.4006983 0.8515264 0.3381475 0.09305113 0.1977534 -0.9758253 0.1693806 0.359947 0.9174685 0.3666741 0.7792224 -0.508294 0.4089362 0.8690325 0.2784846 0.06673872 0.1418198 -0.9876402 0.1936032 0.4114275 0.8906432 0.3523739 0.7488318 -0.5613231 0.4155639 0.8831188 0.2177334 0.04014307 0.08531832 -0.9955448 0.2170554 0.4612688 0.8603011 0.33668 0.7154841 -0.6121512 0.5229709 0.8240708 -0.217736 0.4434483 0.6987625 0.561324 0.2436445 0.3839187 -0.8906424 0.08398634 0.1323375 0.9876402 0.5146298 0.8109267 -0.2784855 0.4614446 0.7271209 0.5082953 0.2131528 0.3358808 -0.9174693 0.1171039 0.1845307 0.9758253 0.5042629 0.7945919 -0.338146 0.4776188 0.7526072 0.4532799 0.1818238 0.2865071 -0.9406667 0.1497651 0.2359893 0.9601455 0.4919101 0.7751278 -0.3964862 0.4919108 0.7751272 0.3964867 0.1497605 0.2359893 -0.9601463 0.1818209 0.2865073 0.9406673 0.4776191 0.752607 -0.4532802 0.5042627 0.7945914 0.3381476 0.1171051 0.1845312 -0.9758251 0.2131571 0.3358799 0.9174688 0.4614449 0.7271196 -0.5082969 0.5146301 0.8109284 0.2784799 0.08397597 0.1323375 -0.987641 0.243642 0.3839181 0.8906434 0.4434486 0.6987624 -0.561324 0.522971 0.8240713 0.2177333 0.05053639 0.07961362 -0.995544 0.2731568 0.4304273 0.860301 0.4237002 0.6676458 -0.6121498 0.5292558 0.8339733 0.1561313 0.01686614 0.02657306 -0.9995046 0.3015854 0.4752236 0.8265644 0.4022755 0.6338865 -0.6605773 0.5334581 0.8405954 0.09392535 0.3288162 0.5181337 0.7895679 0.3792607 0.5976201 -0.7064075 0.5355635 0.843913 0.03134727 0.3547418 0.5589849 0.7494627 0.3547415 0.5589832 -0.749464 0.5355635 0.843913 -0.03134769 0.3792625 0.5976195 0.7064071 0.3288173 0.5181325 -0.7895683 0.5334578 0.8405956 -0.09392446 0.4022756 0.6338858 0.660578 0.3015865 0.4752232 -0.8265644 0.01686996 0.02657306 0.9995045 0.5292551 0.8339733 -0.1561341 0.4237004 0.6676444 0.6121511 0.2731559 0.4304271 -0.8603013 0.05052512 0.07961362 0.9955446 0.6221306 0.7520272 0.2177354 0.06009262 0.07265353 -0.9955453 0.3249528 0.3927973 0.8603 0.5040361 0.6092752 -0.6121531 0.629607 0.761064 0.1561307 0.02006179 0.02424991 -0.9995046 0.3587688 0.4336781 0.8265643 0.4785512 0.5784692 -0.6605772 0.6346067 0.7671065 0.09392553 0.3911646 0.4728363 0.7895671 0.4511722 0.5453737 -0.7064073 0.6371108 0.7701347 0.03134709 0.4220039 0.5101155 0.7494631 0.4220038 0.5101149 -0.7494636 0.6371108 0.7701346 -0.03134775 0.4511723 0.5453736 0.7064073 0.3911628 0.4728348 -0.7895689 0.6346058 0.7671074 -0.09392505 0.4785526 0.5784688 0.6605765 0.3587682 0.4336777 -0.8265647 0.0200541 0.02424991 0.9995049 0.6296063 0.7610639 -0.1561341 0.5040381 0.6092771 0.6121495 0.3249479 0.3927975 -0.8603017 0.06010407 0.07265347 0.9955446 0.6221307 0.7520269 -0.2177358 0.5275292 0.6376748 0.5613234 0.2898387 0.350355 -0.890643 0.09991353 0.1207678 0.9876399 0.6122081 0.7400326 -0.2784835 0.5489377 0.6635546 0.5082941 0.2535701 0.3065164 -0.9174694 0.1393129 0.1683985 0.9758248 0.599875 0.7251259 -0.3381457 0.5681793 0.686812 0.4532788 0.2163001 0.2614595 -0.9406664 0.1781604 0.2153577 0.9601458 0.5851804 0.7073623 -0.3964879 0.5851811 0.7073622 0.3964871 0.1781592 0.2153581 -0.960146 0.2162986 0.2614595 0.9406668 0.5681794 0.6868099 -0.4532818 0.5998759 0.7251252 0.3381454 0.139315 0.1683987 -0.9758244 0.2535731 0.3065157 0.9174688 0.5489379 0.6635517 -0.5082976 0.6122084 0.7400333 0.2784811 0.09991019 0.1207677 -0.9876403 0.2898388 0.3503542 0.8906433 0.5275301 0.6376745 -0.5613228 0.7200289 0.6761519 -0.1561313 0.5764266 0.5413002 0.6121492 0.3716173 0.3489735 -0.8603013 0.06873768 0.06454747 0.9955446 0.7114791 0.6681237 -0.2177345 0.6032922 0.566529 0.5613231 0.3314643 0.3112655 -0.8906432 0.1142558 0.1072939 0.9876405 0.700132 0.6574668 -0.2784826 0.6277747 0.5895211 0.5082952 0.2899869 0.2723184 -0.9174696 0.1593154 0.1496104 0.9758256 0.6860272 0.6442239 -0.3381453 0.6497801 0.6101834 0.4532793 0.2473607 0.2322885 -0.9406673 0.2037506 0.1913305 0.9601451 0.6692223 0.6284423 -0.3964869 0.6692223 0.6284419 0.3964874 0.2037429 0.191331 -0.9601466 0.247362 0.2322885 0.9406668 0.649779 0.6101834 -0.4532809 0.6860282 0.644222 0.338147 0.159322 0.1496102 -0.9758244 0.2899898 0.272318 0.9174688 0.6277753 0.5895186 -0.5082973 0.7001314 0.6574676 0.2784827 0.1142551 0.1072937 -0.9876406 0.3314637 0.3112663 0.8906431 0.6032927 0.5665282 -0.5613234 0.7114792 0.6681234 0.2177352 0.06873601 0.06454741 -0.9955446 0.3716198 0.3489728 0.8603004 0.5764244 0.541299 -0.6121522 0.7200288 0.6761521 0.1561316 0.02294552 0.02154433 -0.9995046 0.4102939 0.3852924 0.8265645 0.5472791 0.5139294 -0.6605772 0.7257465 0.6815204 0.09392553 0.4473418 0.4200817 0.7895675 0.5159667 0.4845257 -0.7064087 0.72861 0.684211 0.03134936 0.4826111 0.4532012 0.7494633 0.4826101 0.4532018 -0.7494637 0.7286099 0.6842113 -0.03134769 0.5159686 0.4845263 0.7064069 0.4473415 0.4200817 -0.7895675 0.7257455 0.6815215 -0.09392488 0.5472794 0.5139285 0.6605778 0.4102937 0.3852913 -0.8265651 0.02294743 0.02154433 0.9995045 0.7770133 0.564533 0.2784832 0.1268017 0.09212756 -0.9876405 0.3678623 0.2672677 0.8906433 0.6695396 0.4864499 -0.5613227 0.7896067 0.5736838 0.2177342 0.07627534 0.05542367 -0.9955452 0.4124289 0.2996447 0.8602997 0.6397225 0.4647853 -0.6121518 0.7990957 0.5805762 0.1561325 0.0254485 0.01849901 -0.999505 0.4553487 0.3308304 0.8265644 0.6073759 0.4412845 -0.6605774 0.8054403 0.5851874 0.09392446 0.4964648 0.3607023 0.7895674 0.5726268 0.4160372 -0.7064076 0.8086199 0.5874959 0.03134858 0.5356069 0.3891416 0.7494626 0.5356057 0.3891396 -0.7494645 0.8086195 0.5874963 -0.03134775 0.5726263 0.4160382 0.7064074 0.4964644 0.3607027 -0.7895674 0.805441 0.5851863 -0.09392488 0.6073763 0.4412845 0.6605769 0.4553483 0.3308301 -0.8265648 0.02544271 0.01849901 0.9995051 0.7990953 0.5805771 -0.1561312 0.6397234 0.4647861 0.6121503 0.4124239 0.2996458 -0.8603017 0.07628613 0.05542361 0.9955444 0.7896075 0.5736826 -0.2177345 0.6695399 0.4864493 0.5613231 0.3678631 0.2672676 -0.8906429 0.1268079 0.09212756 0.9876399 0.777013 0.5645335 -0.2784835 0.6967105 0.5061906 0.5082969 0.3218315 0.2338258 -0.9174694 0.1768133 0.1284628 0.975825 0.7613606 0.5531616 -0.3381457 0.721132 0.5239335 0.4532796 0.2745226 0.1994544 -0.9406675 0.2261218 0.1642853 0.9601454 0.7427101 0.5396106 -0.3964874 0.7427103 0.5396099 0.396488 0.2261186 0.1642861 -0.960146 0.2745272 0.1994541 0.9406662 0.7211321 0.5239331 -0.45328 0.7613613 0.5531604 0.3381458 0.1768133 0.1284626 -0.9758251 0.3218347 0.2338256 0.9174683 0.696711 0.5061897 -0.508297 0.8724328 0.479624 -0.09392517 0.6578947 0.3616815 0.6605764 0.4932225 0.2711516 -0.8265642 0.02758592 0.01516193 0.9995045 0.8655593 0.4758464 -0.1561325 0.6929316 0.3809424 0.6121509 0.4467288 0.2455924 -0.860301 0.08263629 0.04542559 0.995544 0.8552826 0.4701952 -0.2177343 0.7252286 0.3986974 0.5613235 0.3984604 0.2190549 -0.8906427 0.1373491 0.07550853 0.9876405 0.841641 0.4626962 -0.278483 0.754659 0.4148783 0.508297 0.3486029 0.1916445 -0.9174684 0.1915208 0.1052891 0.9758248 0.8246865 0.4533757 -0.338146 0.7811117 0.4294208 0.4532796 0.2973582 0.1634745 -0.9406669 0.2449271 0.1346501 0.960146 0.8044845 0.4422698 -0.3964876 0.8044841 0.4422699 0.3964878 0.2449277 0.1346498 -0.9601458 0.2973571 0.1634739 0.9406673 0.7811128 0.4294193 -0.4532791 0.8246865 0.453376 0.3381458 0.1915239 0.1052887 -0.9758242 0.3485999 0.1916456 0.9174693 0.7546597 0.4148771 -0.5082971 0.8416407 0.4626967 0.2784829 0.1373485 0.07550877 -0.9876406 0.398459 0.2190549 0.8906434 0.725229 0.3986989 -0.5613219 0.8552824 0.4701958 0.2177332 0.08262449 0.04542571 -0.9955449 0.4467308 0.2455919 0.8603001 0.6929304 0.3809426 -0.6121522 0.8655595 0.4758461 0.1561324 0.02758783 0.01516193 -0.9995044 0.493222 0.271152 0.8265645 0.6578951 0.3616813 -0.6605762 0.8724323 0.479625 0.09392493 0.537757 0.2956349 0.7895679 0.6202545 0.3409875 -0.7064078 0.8758755 0.4815177 0.03134828 0.5801562 0.3189428 0.7494627 0.580154 0.3189436 -0.749464 0.8758759 0.4815172 -0.03134769 0.620254 0.3409878 0.7064081 0.5377575 0.2956335 -0.7895681 0.8750074 0.3464394 0.338145 0.2032061 0.08045512 -0.975825 0.3698729 0.1464427 0.9174686 0.800706 0.3170228 -0.5082976 0.8929956 0.3535619 0.2784831 0.1457251 0.05769896 -0.9876412 0.4227716 0.1673875 0.8906434 0.7694809 0.3046582 -0.5613222 0.9074691 0.3592938 0.2177333 0.08765906 0.03471124 -0.9955456 0.4739872 0.1876654 0.8603011 0.735212 0.291091 -0.6121514 0.9183744 0.363609 0.1561314 0.02925837 0.01158577 -0.9995048 0.5233169 0.2071962 0.8265648 0.6980369 0.2763731 -0.6605774 0.9256665 0.3664969 0.09392446 0.5705699 0.2259042 0.7895678 0.6580999 0.2605603 -0.7064085 0.9293195 0.3679438 0.031349 0.6155554 0.2437152 0.7494628 0.6155539 0.2437163 -0.7494637 0.9293195 0.3679437 -0.03134864 0.6581014 0.2605602 0.7064071 0.5705702 0.2259058 -0.7895671 0.9256665 0.3664966 -0.09392523 0.6980384 0.2763714 0.6605765 0.5233182 0.2071967 -0.8265638 0.02926218 0.01158577 0.9995046 0.9183737 0.3636105 -0.1561327 0.7352125 0.291091 0.6121509 0.4739881 0.1876647 -0.8603007 0.08767503 0.0347113 0.9955442 0.9074695 0.3592928 -0.217734 0.7694801 0.3046599 0.5613222 0.4227724 0.167387 -0.8906431 0.1457334 0.05769872 0.9876399 0.8929954 0.353562 -0.2784837 0.8007065 0.3170222 0.5082975 0.3698719 0.1464425 -0.917469 0.2032061 0.0804553 0.975825 0.8750063 0.346441 -0.338146 0.8287736 0.3281344 0.4532791 0.3155019 0.1249169 -0.940667 0.2598757 0.1028906 0.9601449 0.8535716 0.3379529 -0.396489 0.853572 0.3379523 0.3964887 0.2598701 0.1028902 -0.9601465 0.3155031 0.1249161 0.9406667 0.8287734 0.3281348 -0.4532797 0.968107 0.2485681 -0.03134888 0.6855684 0.1760234 0.7064077 0.5943847 0.1526112 -0.7895674 0.9643014 0.2475904 -0.09392529 0.7271724 0.1867057 0.6605765 0.5451599 0.1399738 -0.826564 0.03047919 0.007826864 0.9995048 0.9567045 0.245641 -0.1561315 0.7658983 0.1966494 0.6121511 0.4937694 0.1267787 -0.8603017 0.09132945 0.02344959 0.9955446 0.9453448 0.2427237 -0.2177348 0.801596 0.205815 0.5613237 0.4404184 0.1130811 -0.8906427 0.1518133 0.03897887 0.9876404 0.930267 0.2388525 -0.2784833 0.8341262 0.2141674 0.5082969 0.3853094 0.09893047 -0.917469 0.2116865 0.05435234 0.9758252 0.9115273 0.2340404 -0.3381467 0.8633643 0.221675 0.4532794 0.3286708 0.08438855 -0.9406669 0.2707208 0.06950891 0.9601452 0.8891974 0.2283087 -0.3964885 0.8891981 0.2283068 0.3964881 0.270716 0.06950885 -0.9601466 0.3286684 0.08438867 0.9406678 0.8633647 0.2216744 -0.453279 0.9115278 0.2340402 0.3381454 0.2116898 0.05435192 -0.9758244 0.3853102 0.09893095 0.9174687 0.8341263 0.2141678 -0.5082967 0.9302672 0.2388522 0.2784824 0.1518104 0.03897857 -0.9876409 0.4404169 0.1130799 0.8906436 0.8015969 0.2058153 -0.5613221 0.945345 0.2427238 0.2177342 0.09132719 0.02344936 -0.9955449 0.4937717 0.1267782 0.8603005 0.765898 0.1966494 -0.6121513 0.956705 0.2456399 0.1561306 0.0304811 0.007826864 -0.9995048 0.5451597 0.1399725 0.8265644 0.7271718 0.1867052 -0.6605773 0.9643011 0.2475914 0.09392493 0.5943834 0.1526131 0.7895681 0.6855669 0.1760241 -0.706409 0.9681071 0.2485678 0.03134912 0.6412478 0.1646436 0.7494624 0.6412469 0.1646444 -0.7494629 0.9108009 0.1150606 0.3964881 0.2772952 0.03503048 -0.960146 0.3366542 0.04252946 0.9406675 0.8843399 0.1117172 -0.4532793 0.9336728 0.1179512 0.3381461 0.216832 0.02739185 -0.9758246 0.3946716 0.04985928 0.9174685 0.8543913 0.1079348 -0.5082969 0.9528682 0.1203751 0.2784819 0.1554991 0.01964467 -0.9876407 0.4511173 0.05698925 0.8906434 0.8210715 0.1037251 -0.5613223 0.968312 0.1223258 0.2177345 0.0935412 0.01181799 -0.9955453 0.5057697 0.06389266 0.8602993 0.7845056 0.09910655 -0.6121512 0.9799478 0.1237962 0.156131 0.0312255 0.003944516 -0.9995046 0.558404 0.07054305 0.8265644 0.7448372 0.09409618 -0.6605781 0.987729 0.1247786 0.09392517 0.6088241 0.07691305 0.789568 0.7022229 0.08871227 -0.7064086 0.991627 0.1252729 0.03134918 0.656826 0.08297675 0.7494629 0.6568257 0.08297646 -0.7494632 0.9916272 0.1252707 -0.03134924 0.7022242 0.08871126 0.7064076 0.6088251 0.0769118 -0.7895674 0.9877288 0.1247795 -0.09392511 0.744839 0.09409552 0.6605764 0.5584031 0.07054227 -0.8265652 0.03122454 0.003944516 0.9995046 0.9799478 0.1237962 -0.1561307 0.7845056 0.09910672 0.6121511 0.505765 0.06389391 -0.860302 0.09355157 0.01181793 0.9955444 0.9683119 0.1223261 -0.217735 0.8210707 0.103726 0.5613233 0.4511179 0.05698907 -0.890643 0.1555039 0.01964414 0.9876399 0.9528678 0.120375 -0.278483 0.8543909 0.1079337 0.5082976 0.3946699 0.04985803 -0.9174693 0.2168298 0.02739208 0.9758251 0.9336726 0.1179512 -0.3381465 0.8843398 0.1117182 0.4532797 0.336655 0.04252958 -0.9406672 0.2772963 0.03503048 0.9601457 0.9108006 0.1150612 -0.3964886 0.9995086 0 0.03135019 0.6620462 0 0.7494631 0.6620461 0 -0.7494631 0.9995085 0 -0.03134924 0.7078051 0 0.7064079 0.6136651 0 -0.7895665 0.9955794 9.66976e-7 -0.09392398 0.7507601 0 0.660575 0.5628413 0 -0.826565 0.03147232 0 0.9995046 0.9877364 9.76681e-7 -0.1561312 0.7907413 0 0.6121506 0.5097886 0 -0.8602998 0.09429454 0 0.9955444 0.9760078 0 -0.2177358 0.8275964 0 0.5613237 0.4547037 0 -0.8906428 0.1567367 0 0.9876405 0.9604413 0 -0.2784826 0.8611819 0 0.5082971 0.3978053 0 -0.91747 0.2185533 0 0.9758251 0.9410937 0 -0.338146 0.8913683 0 0.4532799 0.3393322 0 -0.9406667 0.2795007 0 0.9601455 0.9180394 0 -0.3964892 0.9180399 0 0.3964884 0.2794999 0 -0.9601457 0.3393324 0 0.9406667 0.8913684 0 -0.4532798 0.9410939 0 0.3381453 0.2185518 0 -0.9758254 0.397809 0 0.9174683 0.8611823 1.13679e-6 -0.5082964 0.9604415 0 0.2784819 0.1567358 0 -0.9876406 0.4547016 0 0.8906439 0.8275969 0 -0.5613231 0.9760081 9.76724e-7 0.2177348 0.09429126 0 -0.9955447 0.509788 0 0.8603002 0.7907403 0 -0.6121517 0.9877364 0 0.1561311 0.03147232 0 -0.9995046 0.5628402 0 0.8265658 0.7507566 0 -0.660579 0.9955794 0 0.09392493 0.6136631 0 0.7895681 0.7078045 0 -0.7064085 0.8843393 -0.1117182 0.4532803 0.3366554 -0.04252952 -0.940667 0.2772972 -0.03503048 0.9601454 0.9108005 -0.1150602 -0.3964891 0.9108008 -0.1150616 0.3964883 0.2772935 -0.03503048 -0.9601464 0.3366565 -0.0425294 0.9406667 0.8843397 -0.1117172 -0.45328 0.9336732 -0.1179511 0.338145 0.2168295 -0.02739185 -0.9758251 0.3946717 -0.04985761 0.9174685 0.8543921 -0.1079349 -0.5082955 0.9528681 -0.1203752 0.2784823 0.155501 -0.0196442 -0.9876405 0.4511173 -0.05698925 0.8906433 0.8210708 -0.1037251 -0.5613235 0.9683118 -0.1223259 0.2177357 0.09354877 -0.01181793 -0.9955446 0.5057678 -0.06389367 0.8603004 0.7845053 -0.09910655 -0.6121514 0.9799479 -0.1237961 0.1561301 0.0312255 -0.003944516 -0.9995046 0.5584039 -0.07054221 0.8265646 0.7448382 -0.09409606 -0.6605769 0.987729 -0.1247796 0.0939238 0.6088233 -0.07691311 0.7895687 0.7022229 -0.08871155 -0.7064088 0.9916272 -0.125271 0.03135031 0.6568251 -0.0829761 0.7494637 0.6568262 -0.0829764 -0.7494627 0.9916272 -0.1252707 -0.03135025 0.7022243 -0.08871048 0.7064074 0.6088242 -0.07691192 -0.7895681 0.987729 -0.1247785 -0.0939247 0.7448388 -0.09409552 0.6605764 0.5584049 -0.07054293 -0.8265638 0.0312255 -0.003944516 0.9995046 0.9799479 -0.1237953 -0.1561313 0.7845062 -0.0991066 0.6121504 0.5057669 -0.0638929 -0.860301 0.09355157 -0.01181793 0.9955443 0.9683116 -0.122327 -0.217736 0.8210705 -0.1037258 0.5613238 0.4511183 -0.05698907 -0.8906428 0.1555014 -0.01964426 0.9876403 0.952868 -0.1203751 -0.2784826 0.8543913 -0.107935 0.508297 0.3946677 -0.0498594 -0.9174702 0.2168315 -0.02739185 0.9758247 0.9336729 -0.1179501 -0.3381461 0.9643015 -0.2475904 0.09392446 0.5943834 -0.1526116 0.7895683 0.6855673 -0.1760239 -0.7064086 0.9681071 -0.2485678 0.0313493 0.6412487 -0.1646435 0.7494617 0.6412461 -0.1646445 -0.7494636 0.9681071 -0.2485681 -0.03135031 0.6855678 -0.1760249 0.7064079 0.5943848 -0.152612 -0.7895673 0.9643012 -0.2475913 -0.09392499 0.7271727 -0.1867057 0.6605762 0.5451592 -0.1399718 -0.8265649 0.03047919 -0.007826864 0.9995048 0.9567047 -0.2456409 -0.1561303 0.7658993 -0.1966481 0.6121504 0.4937701 -0.1267789 -0.8603013 0.09132945 -0.02344936 0.9955446 0.9453448 -0.2427226 -0.2177364 0.8015962 -0.2058133 0.5613241 0.4404187 -0.1130793 -0.8906428 0.1518119 -0.03897869 0.9876406 0.9302672 -0.2388525 -0.2784824 0.8341271 -0.2141667 0.5082958 0.3853092 -0.09893107 -0.917469 0.2116893 -0.05435204 0.9758245 0.9115278 -0.2340396 -0.3381457 0.8633638 -0.2216749 0.4532806 0.3286707 -0.08438771 -0.9406669 0.2707207 -0.06950849 0.9601452 0.8891979 -0.2283065 -0.3964887 0.889198 -0.2283068 0.3964883 0.2707161 -0.06950891 -0.9601465 0.3286685 -0.08438873 0.9406676 0.8633643 -0.2216732 -0.4532804 0.9115278 -0.23404 0.3381455 0.2116849 -0.05435228 -0.9758256 0.3853098 -0.09893041 0.917469 0.8341274 -0.2141669 -0.5082953 0.9302676 -0.2388514 0.2784821 0.1518141 -0.03897875 -0.9876402 0.440417 -0.1130805 0.8906435 0.801596 -0.2058141 -0.561324 0.9453448 -0.2427227 0.217736 0.09132909 -0.02344959 -0.9955447 0.4937711 -0.1267784 0.8603007 0.7658973 -0.1966495 -0.6121522 0.956705 -0.2456399 0.1561301 0.0304811 -0.007826864 -0.9995048 0.5451599 -0.1399737 0.826564 0.7271717 -0.1867054 -0.6605774 0.800707 -0.3170227 0.5082961 0.3698716 -0.1464424 -0.9174692 0.2032043 -0.08045506 0.9758253 0.8750067 -0.3464393 -0.3381466 0.8287724 -0.3281353 0.4532811 0.3155021 -0.1249166 -0.940667 0.2598727 -0.1028903 0.9601457 0.8535717 -0.3379526 -0.3964891 0.8535728 -0.3379521 0.3964872 0.2598718 -0.1028906 -0.960146 0.3155031 -0.1249164 0.9406667 0.8287736 -0.3281334 -0.45328 0.8750065 -0.3464411 0.3381451 0.2032035 -0.08045482 -0.9758255 0.3698717 -0.1464432 0.9174691 0.8007077 -0.3170225 -0.5082952 0.8929963 -0.3535612 0.278482 0.1457288 -0.0576986 -0.9876407 0.4227703 -0.1673877 0.8906441 0.7694799 -0.3046587 -0.5613232 0.9074689 -0.3592926 0.2177363 0.0876742 -0.03471118 -0.9955443 0.4739886 -0.1876652 0.8603003 0.735212 -0.2910909 -0.6121515 0.9183747 -0.363609 0.1561298 0.02925837 -0.01158577 -0.9995048 0.5233179 -0.2071952 0.8265643 0.6980368 -0.276372 -0.6605779 0.9256665 -0.3664969 0.09392446 0.5705704 -0.2259042 0.7895675 0.6580997 -0.2605602 -0.7064086 0.9293195 -0.3679437 0.03135025 0.6155572 -0.2437148 0.7494614 0.6155537 -0.2437158 -0.749464 0.9293195 -0.3679435 -0.03134959 0.6581005 -0.2605601 0.706408 0.5705706 -0.2259044 -0.7895673 0.9256665 -0.3664965 -0.0939247 0.6980389 -0.2763724 0.6605755 0.5233154 -0.2071965 -0.8265656 0.02925455 -0.01158577 0.9995049 0.9183744 -0.3636094 -0.1561302 0.7352117 -0.2910923 0.6121513 0.4739886 -0.1876654 -0.8603003 0.0876674 -0.03471136 0.9955449 0.9074692 -0.3592918 -0.2177364 0.7694789 -0.3046587 0.5613247 0.422775 -0.1673873 -0.8906418 0.1457309 -0.05769872 0.9876403 0.8929957 -0.3535618 -0.278483 0.8655602 -0.4758455 0.1561305 0.02758783 -0.01516193 -0.9995045 0.4932205 -0.2711513 0.8265655 0.6578937 -0.3616816 -0.6605774 0.8724328 -0.4796243 0.0939235 0.5377578 -0.2956342 0.7895676 0.6202536 -0.3409876 -0.7064085 0.8758758 -0.4815173 0.03135073 0.5801566 -0.318943 0.7494623 0.5801554 -0.3189433 -0.7494631 0.8758762 -0.4815164 -0.03135061 0.6202547 -0.3409871 0.7064078 0.5377572 -0.295635 -0.7895678 0.872433 -0.479624 -0.0939238 0.6578957 -0.3616806 0.6605758 0.4932228 -0.2711507 -0.8265643 0.02758592 -0.01516193 0.9995045 0.8655597 -0.4758466 -0.1561297 0.6929325 -0.3809416 0.6121505 0.4467296 -0.2455922 -0.8603006 0.08263629 -0.04542565 0.995544 0.8552822 -0.4701949 -0.2177366 0.7252281 -0.3986976 0.5613239 0.3984575 -0.2190552 -0.8906438 0.1373491 -0.07550841 0.9876405 0.841641 -0.4626962 -0.278483 0.7546595 -0.4148776 0.5082967 0.3485978 -0.1916446 -0.9174704 0.1915208 -0.1052891 0.9758248 0.824686 -0.4533758 -0.3381471 0.7811116 -0.4294198 0.4532806 0.2973601 -0.1634743 -0.9406664 0.2449287 -0.1346498 0.9601455 0.8044841 -0.44227 -0.3964879 0.8044851 -0.4422684 0.3964876 0.2449271 -0.1346495 -0.960146 0.2973595 -0.1634742 0.9406665 0.781112 -0.4294188 -0.4532808 0.8246875 -0.4533745 0.3381454 0.1915189 -0.1052888 -0.9758251 0.3486027 -0.1916448 0.9174685 0.7546606 -0.414878 -0.508295 0.8416414 -0.4626961 0.2784819 0.1373502 -0.07550841 -0.9876403 0.3984608 -0.2190543 0.8906425 0.7252287 -0.3986963 -0.5613241 0.8552818 -0.4701957 0.2177366 0.082632 -0.04542541 -0.9955444 0.4467312 -0.2455917 0.8603 0.6929302 -0.3809425 -0.6121523 0.4553477 -0.3308302 -0.8265652 0.02544271 -0.01849901 0.9995051 0.7990965 -0.5805761 -0.1561295 0.6397233 -0.4647854 0.6121508 0.4124267 -0.2996459 -0.8603003 0.07628613 -0.05542349 0.9955444 0.7896069 -0.573683 -0.217736 0.6695396 -0.486449 0.5613237 0.3678603 -0.2672674 -0.8906441 0.1268028 -0.09212774 0.9876405 0.7770134 -0.5645334 -0.2784825 0.6967117 -0.5061908 0.5082949 0.3218312 -0.233825 -0.9174697 0.1768133 -0.1284626 0.9758251 0.7613607 -0.553161 -0.3381462 0.7211323 -0.5239328 0.45328 0.2745272 -0.1994544 -0.9406661 0.2261186 -0.1642854 0.9601463 0.7427096 -0.5396098 -0.3964892 0.7427105 -0.5396102 0.3964871 0.2261184 -0.1642856 -0.9601462 0.274525 -0.1994538 0.9406669 0.7211314 -0.5239325 -0.4532818 0.7613609 -0.5531612 0.3381456 0.1768082 -0.128463 -0.975826 0.321834 -0.2338252 0.9174686 0.6967114 -0.5061896 -0.5082967 0.7770135 -0.5645328 0.2784833 0.1268053 -0.09212744 -0.9876402 0.3678621 -0.2672675 0.8906434 0.6695389 -0.4864492 -0.5613242 0.7896066 -0.5736827 0.2177371 0.0762754 -0.05542361 -0.9955452 0.4124268 -0.2996455 0.8603004 0.6397224 -0.4647856 -0.6121517 0.7990952 -0.5805777 0.1561304 0.02544844 -0.01849901 -0.999505 0.4553483 -0.33083 0.8265649 0.6073758 -0.4412854 -0.660577 0.8054408 -0.5851867 0.09392446 0.4964648 -0.3607023 0.7895674 0.5726254 -0.416038 -0.7064083 0.8086194 -0.5874962 0.03135198 0.5356069 -0.3891416 0.7494626 0.5356059 -0.389141 -0.7494636 0.80862 -0.5874954 -0.03135061 0.5726265 -0.416036 0.7064086 0.4964638 -0.3607015 -0.7895684 0.8054411 -0.5851863 -0.09392392 0.6073765 -0.4412841 0.6605772 0.2899897 -0.2723178 0.9174688 0.6277751 -0.5895198 -0.5082962 0.7001317 -0.6574671 0.2784827 0.1142531 -0.1072939 -0.9876407 0.3314635 -0.3112661 0.8906433 0.6032917 -0.5665273 -0.5613253 0.7114792 -0.6681234 0.2177352 0.06873601 -0.06454753 -0.9955446 0.37162 -0.3489735 0.8603 0.5764241 -0.5412999 -0.6121519 0.720029 -0.6761518 0.1561316 0.02294552 -0.02154433 -0.9995046 0.4102947 -0.3852912 0.8265646 0.5472795 -0.5139297 -0.6605766 0.7257462 -0.6815209 0.09392446 0.4473415 -0.4200799 0.7895686 0.5159684 -0.4845261 -0.7064072 0.7286106 -0.6842103 0.03135091 0.4826117 -0.4532025 0.7494621 0.4826113 -0.4532022 -0.7494626 0.72861 -0.684211 -0.03135055 0.5159671 -0.4845254 0.7064086 0.4473397 -0.4200824 -0.7895681 0.7257459 -0.6815212 -0.09392398 0.5472792 -0.5139301 0.6605767 0.4102936 -0.3852921 -0.8265648 0.02294743 -0.02154433 0.9995046 0.7200294 -0.6761519 -0.1561294 0.5764257 -0.5412994 0.6121506 0.3716194 -0.3489731 -0.8603004 0.06873953 -0.06454741 0.9955443 0.7114793 -0.6681233 -0.2177352 0.6032915 -0.5665286 0.5613243 0.3314666 -0.3112656 -0.8906422 0.1142558 -0.1072937 0.9876405 0.7001313 -0.6574677 -0.2784826 0.6277753 -0.5895198 0.5082958 0.2899888 -0.2723178 -0.9174692 0.1593192 -0.1496101 0.975825 0.6860266 -0.6442236 -0.3381474 0.6497791 -0.610183 0.4532814 0.247362 -0.2322887 -0.9406669 0.2037472 -0.19133 0.9601458 0.6692227 -0.6284416 -0.3964872 0.669222 -0.6284423 0.3964875 0.2037464 -0.1913302 -0.960146 0.2473623 -0.2322888 0.9406667 0.6497803 -0.6101826 -0.45328 0.686029 -0.6442224 0.3381446 0.159322 -0.1496102 -0.9758244 0.3911625 -0.4728361 -0.7895683 0.6346063 -0.767107 -0.0939238 0.4785524 -0.5784701 0.6605755 0.3587676 -0.4336774 -0.8265652 0.0200541 -0.02424991 0.9995048 0.6296066 -0.7610639 -0.156132 0.5040383 -0.6092747 0.6121518 0.3249502 -0.3927983 -0.8603006 0.06009638 -0.07265347 0.9955451 0.6221311 -0.7520264 -0.2177367 0.5275287 -0.637674 0.5613247 0.2898384 -0.3503544 -0.8906434 0.09990847 -0.1207677 0.9876405 0.6122078 -0.7400328 -0.2784836 0.5489388 -0.6635528 0.5082951 0.2535707 -0.3065155 -0.9174695 0.1393092 -0.1683986 0.9758252 0.5998757 -0.7251251 -0.3381459 0.5681794 -0.6868118 0.453279 0.2162986 -0.2614591 -0.9406668 0.1781604 -0.2153577 0.9601459 0.5851802 -0.7073615 -0.3964895 0.5851811 -0.7073622 0.3964871 0.1781609 -0.2153579 -0.9601457 0.2162964 -0.2614603 0.940667 0.5681794 -0.6868105 -0.4532808 0.5998757 -0.7251245 0.3381476 0.1393125 -0.1683983 -0.9758249 0.2535728 -0.3065156 0.9174689 0.5489391 -0.6635522 -0.5082957 0.6122086 -0.7400324 0.2784832 0.09991014 -0.1207677 -0.9876403 0.2898389 -0.3503548 0.890643 0.5275294 -0.6376731 -0.561325 0.6221308 -0.7520272 0.2177351 0.06010782 -0.07265329 -0.9955444 0.3249515 -0.3927974 0.8603004 0.5040367 -0.6092765 -0.6121513 0.6296075 -0.7610636 0.1561301 0.02006173 -0.02424991 -0.9995047 0.3587698 -0.4336769 0.8265644 0.4785517 -0.5784698 -0.6605764 0.6346065 -0.7671067 0.09392547 0.3911634 -0.4728359 0.789568 0.4511719 -0.5453726 -0.7064082 0.6371108 -0.7701344 0.03135108 0.4220057 -0.5101152 0.7494623 0.4220033 -0.5101162 -0.749463 0.6371114 -0.7701339 -0.03135156 0.4511718 -0.545373 0.7064082 0.1818236 -0.2865073 0.9406667 0.4776195 -0.7526068 -0.45328 0.5042631 -0.7945913 0.3381475 0.1171052 -0.1845309 -0.9758252 0.2131571 -0.3358799 0.9174688 0.461445 -0.7271199 -0.5082964 0.5146305 -0.8109278 0.2784808 0.08398354 -0.1323375 -0.9876404 0.243642 -0.3839182 0.8906432 0.443449 -0.6987624 -0.5613236 0.5229712 -0.8240703 0.217737 0.05053639 -0.07961344 -0.995544 0.2731592 -0.4304285 0.8602997 0.4236992 -0.6676446 -0.6121518 0.5292556 -0.8339735 0.1561308 0.01686608 -0.02657306 -0.9995047 0.3015863 -0.4752224 0.8265649 0.4022753 -0.6338862 -0.6605777 0.5334585 -0.8405953 0.09392356 0.3288174 -0.5181333 0.7895676 0.3792613 -0.5976205 -0.706407 0.5355641 -0.8439125 0.0313515 0.3547427 -0.5589838 0.7494631 0.3547419 -0.5589848 -0.7494626 0.5355632 -0.8439131 -0.0313515 0.3792616 -0.5976191 0.7064079 0.3288162 -0.5181316 -0.7895692 0.5334583 -0.8405954 -0.0939241 0.4022778 -0.6338866 0.6605758 0.3015863 -0.4752228 -0.8265646 0.01686996 -0.02657306 0.9995046 0.5292565 -0.8339735 -0.1561283 0.4237011 -0.6676436 0.6121516 0.2731569 -0.4304272 -0.860301 0.05051743 -0.07961362 0.9955449 0.5229712 -0.8240703 -0.2177367 0.4434473 -0.6987612 0.5613265 0.2436422 -0.3839182 -0.8906432 0.08397865 -0.1323374 0.9876408 0.5146306 -0.810927 -0.2784834 0.461445 -0.7271208 0.5082952 0.2131551 -0.3358799 -0.9174692 0.1171058 -0.1845309 0.9758251 0.5042634 -0.7945913 -0.3381465 0.477619 -0.7526075 0.4532793 0.1818238 -0.286507 -0.9406667 0.1497634 -0.235989 0.9601459 0.4919105 -0.7751268 -0.3964878 0.4919108 -0.7751264 0.3964884 0.1497621 -0.235989 -0.9601461 0.2818853 -0.5990378 -0.7494628 0.42557 -0.9043822 -0.03135156 0.301369 -0.6404413 0.7064076 0.2612848 -0.5552588 -0.7895683 0.4238972 -0.9008272 -0.09392267 0.3196589 -0.679307 0.6605757 0.2396452 -0.5092744 -0.8265651 0.01341021 -0.02847707 0.9995046 0.4205582 -0.8937306 -0.1561301 0.3366814 -0.715483 0.6121518 0.2170568 -0.4612695 -0.8603004 0.04014855 -0.08531814 0.9955446 0.4155644 -0.8831178 -0.2177368 0.3523731 -0.7488309 0.5613248 0.193603 -0.411427 -0.8906435 0.06673556 -0.1418197 0.9876404 0.4089357 -0.8690326 -0.2784852 0.3666738 -0.7792219 0.5082949 0.1693767 -0.3599466 -0.9174693 0.09305602 -0.1977533 0.975825 0.4006978 -0.8515274 -0.3381455 0.3795263 -0.8065341 0.4532797 0.144481 -0.3070367 -0.9406667 0.119005 -0.2528984 0.960146 0.3908823 -0.8306659 -0.3964911 0.3908829 -0.8306682 0.3964862 0.1190058 -0.2528983 -0.9601458 0.1444794 -0.3070367 0.9406669 0.3795269 -0.8065347 -0.4532782 0.400699 -0.8515268 0.3381457 0.0930562 -0.1977533 -0.975825 0.1693782 -0.359947 0.917469 0.3666739 -0.7792201 -0.5082975 0.4089367 -0.8690336 0.2784805 0.06673872 -0.1418199 -0.9876402 0.1936029 -0.4114269 0.8906435 0.3523736 -0.7488314 -0.5613238 0.415564 -0.8831179 0.217737 0.04015827 -0.08531802 -0.9955441 0.2170577 -0.4612699 0.8603001 0.3366802 -0.7154825 -0.6121529 0.4205579 -0.8937307 0.1561303 0.01340544 -0.02847707 -0.9995046 0.2396474 -0.509274 0.8265646 0.3196563 -0.679307 -0.6605771 0.4238969 -0.9008273 0.09392344 0.2612858 -0.5552598 0.7895672 0.3013687 -0.6404407 -0.7064083 0.4255701 -0.9043821 0.03135645 0.2818864 -0.5990368 0.7494631 0.0863682 -0.2658197 0.9601461 0.2836903 -0.8731079 -0.3964877 0.2836906 -0.873108 0.3964872 0.08637046 -0.2658197 -0.9601458 0.1048586 -0.3227235 0.940667 0.2754484 -0.8477414 -0.4532801 0.2908142 -0.8950333 0.3381458 0.06753665 -0.2078571 -0.9758249 0.1229273 -0.3783372 0.9174693 0.2661201 -0.8190334 -0.5082958 0.2967927 -0.913434 0.2784825 0.04843568 -0.1490657 -0.9876404 0.1405106 -0.4324482 0.8906432 0.2557419 -0.7870899 -0.5613251 0.3016033 -0.9282382 0.2177368 0.02913445 -0.08967715 -0.9955447 0.1575337 -0.4848373 0.8603 0.244352 -0.7520386 -0.6121519 0.3052274 -0.9393932 0.156131 0.009718 -0.02993202 -0.9995047 0.1739286 -0.5352942 0.8265646 0.2319964 -0.7140141 -0.6605768 0.3076514 -0.9468522 0.0939235 0.1896324 -0.583629 0.7895675 0.2187228 -0.6731624 -0.7064083 0.3088651 -0.950589 0.03135305 0.2045845 -0.6296444 0.7494619 0.2045828 -0.629643 -0.7494636 0.3088655 -0.950589 -0.03135156 0.2187246 -0.6731631 0.7064072 0.1896324 -0.5836282 -0.7895681 0.3076509 -0.9468523 -0.09392422 0.2319979 -0.7140134 0.6605769 0.1739263 -0.5352934 -0.8265657 0.009720861 -0.02993202 0.9995047 0.3052281 -0.9393936 -0.1561263 0.2443529 -0.7520396 0.6121504 0.1575321 -0.4848367 -0.8603006 0.02913552 -0.08967727 0.9955447 0.3016028 -0.9282379 -0.2177388 0.2557412 -0.7870895 0.561326 0.1405084 -0.4324479 -0.8906437 0.04843455 -0.1490656 0.9876405 0.296793 -0.9134342 -0.2784814 0.2661206 -0.8190326 0.5082967 0.12293 -0.3783373 -0.9174689 0.06753754 -0.2078567 0.975825 0.2908136 -0.8950322 -0.3381491 0.275448 -0.8477421 0.453279 0.104862 -0.3227233 -0.9406666 0.1326305 -0.6952686 -0.7064069 0.1872894 -0.9818044 0.03135174 0.124055 -0.65032 0.7494627 0.1240549 -0.6503199 -0.7494628 0.1872894 -0.9818043 -0.03135347 0.1326288 -0.6952673 0.7064085 0.1149884 -0.6027942 -0.7895676 0.186553 -0.9779449 -0.09392422 0.1406779 -0.7374596 0.6605779 0.1054649 -0.552872 -0.8265652 0.005893766 -0.03091496 0.9995047 0.1850836 -0.9702415 -0.1561263 0.1481699 -0.7767346 0.6121512 0.09552383 -0.5007581 -0.8603003 0.01766997 -0.09262204 0.9955446 0.1828854 -0.9587197 -0.2177374 0.1550759 -0.8129369 0.5613246 0.08520281 -0.4466486 -0.8906434 0.02936667 -0.1539606 0.9876405 0.179969 -0.9434289 -0.2784833 0.1613693 -0.8459272 0.5082982 0.07454204 -0.390761 -0.9174691 0.04094916 -0.2146825 0.9758251 0.1763436 -0.9244245 -0.3381457 0.1670259 -0.87558 0.4532791 0.06358557 -0.3333215 -0.9406667 0.05237448 -0.2745485 0.9601459 0.1720236 -0.9017791 -0.3964877 0.1720238 -0.9017782 0.3964898 0.05237132 -0.2745486 -0.9601461 0.06358557 -0.3333209 0.9406668 0.1670261 -0.8755805 -0.4532782 0.1763438 -0.9244237 0.3381475 0.04095762 -0.2146825 -0.9758248 0.07454222 -0.3907612 0.917469 0.1613699 -0.8459291 -0.5082949 0.1799689 -0.94343 0.2784801 0.02936995 -0.1539606 -0.9876404 0.08520424 -0.4466488 0.8906431 0.1550768 -0.8129361 -0.5613254 0.1828857 -0.9587193 0.2177388 0.01766663 -0.09262192 -0.9955446 0.09552413 -0.5007578 0.8603004 0.1481693 -0.7767342 -0.6121519 0.1850835 -0.9702408 0.1561313 0.005892813 -0.03091496 -0.9995047 0.1054663 -0.5528715 0.8265652 0.1406781 -0.7374594 -0.660578 0.1865531 -0.977945 0.0939235 0.1149908 -0.6027932 0.789568 0.01372379 -0.2181223 0.975825 0.05909156 -0.9392361 -0.3381479 0.05596941 -0.889609 0.4532807 0.02130591 -0.3386618 -0.9406669 0.0175504 -0.2789478 0.9601459 0.05764454 -0.9162286 -0.3964877 0.05764424 -0.9162287 0.3964874 0.01754915 -0.2789478 -0.9601459 0.02130746 -0.3386623 0.9406667 0.05596959 -0.8896093 -0.4532799 0.05909192 -0.9392361 0.3381475 0.01372092 -0.2181224 -0.9758251 0.02497678 -0.3970226 0.917469 0.05407488 -0.8594835 -0.5082952 0.06030708 -0.9585464 0.2784814 0.009839355 -0.1564276 -0.9876405 0.02855259 -0.4538053 0.8906434 0.05196517 -0.8259621 -0.5613256 0.06128394 -0.9740808 0.2177407 0.005917906 -0.09410613 -0.9955446 0.03201061 -0.5087838 0.8602991 0.04965043 -0.7891787 -0.6121535 0.06202059 -0.9857879 0.1561275 0.001981079 -0.03141033 -0.9995046 0.03534191 -0.5617319 0.826564 0.04714065 -0.7492772 -0.6605766 0.06251299 -0.993615 0.0939235 0.03853213 -0.6124513 0.7895689 0.04444324 -0.706408 -0.7064083 0.06275969 -0.9975361 0.03135335 0.04157006 -0.6607408 0.7494621 0.04157125 -0.6607402 -0.7494626 0.06275969 -0.9975361 -0.03135347 0.04444313 -0.7064084 0.7064079 0.03853136 -0.6124522 -0.7895681 0.06251299 -0.9936147 -0.09392571 0.04714006 -0.7492779 0.6605759 0.03533953 -0.5617293 -0.8265661 0.001974761 -0.03141033 0.9995046 0.06202054 -0.9857881 -0.1561264 0.04965174 -0.7891789 0.6121532 0.03201037 -0.5087809 -0.8603008 0.005920648 -0.09410613 0.9955446 0.06128442 -0.9740818 -0.2177363 0.05196541 -0.8259639 0.5613229 0.02855002 -0.4538053 -0.8906434 0.009840726 -0.1564276 0.9876405 0.06030666 -0.9585465 -0.2784814 0.05407398 -0.8594828 0.5082966 0.02498072 -0.3970221 -0.9174691 -0.04714012 -0.7492786 -0.6605751 -0.06251299 -0.993615 0.0939235 -0.03853213 -0.6124519 0.7895683 -0.04444247 -0.7064087 -0.7064076 -0.06275969 -0.9975361 0.03135377 -0.04157006 -0.6607408 0.7494622 -0.04157012 -0.6607403 -0.7494626 -0.06275969 -0.9975361 -0.03135347 -0.0444436 -0.7064089 0.7064073 -0.03853166 -0.6124523 -0.789568 -0.06251251 -0.993615 -0.09392279 -0.04714065 -0.7492771 0.6605768 -0.03534138 -0.56173 -0.8265655 -0.001974761 -0.03141033 0.9995046 -0.06202054 -0.9857878 -0.1561283 -0.04965054 -0.7891795 0.6121525 -0.03201061 -0.5087827 -0.8602997 -0.005920648 -0.09410613 0.9955446 -0.061284 -0.9740817 -0.2177368 -0.05196535 -0.8259628 0.5613245 -0.02854889 -0.4538052 -0.8906435 -0.009838461 -0.1564277 0.9876405 -0.06030637 -0.9585465 -0.2784814 -0.05407404 -0.8594837 0.5082949 -0.0249781 -0.3970221 -0.9174691 -0.01372319 -0.2181223 0.975825 -0.05909144 -0.9392359 -0.3381482 -0.05596882 -0.8896082 0.4532824 -0.02130728 -0.3386619 -0.9406669 -0.01754903 -0.2789479 0.9601459 -0.05764406 -0.9162294 -0.3964859 -0.05764412 -0.916229 0.3964868 -0.01754975 -0.2789478 -0.960146 -0.02130746 -0.3386625 0.9406667 -0.05596959 -0.8896094 -0.4532799 -0.0590915 -0.9392362 0.3381475 -0.01372092 -0.2181223 -0.9758251 -0.02497833 -0.3970224 0.917469 -0.05407428 -0.8594834 -0.5082955 -0.06030642 -0.9585465 0.2784811 -0.009841501 -0.1564276 -0.9876404 -0.02855187 -0.4538056 0.8906433 -0.05196464 -0.8259636 -0.5613235 -0.06128394 -0.9740812 0.2177388 -0.005917906 -0.09410613 -0.9955446 -0.03201055 -0.5087821 0.8603001 -0.04965037 -0.7891774 -0.612155 -0.06202006 -0.9857879 0.1561276 -0.001981079 -0.03141033 -0.9995047 -0.03533989 -0.5617305 0.8265652 -0.0293712 -0.1539606 0.9876404 -0.1799688 -0.9434296 -0.2784814 -0.1613697 -0.8459292 0.5082949 -0.07454067 -0.3907607 -0.9174693 -0.04095637 -0.2146824 0.9758249 -0.1763429 -0.9244236 -0.3381482 -0.1670252 -0.8755779 0.4532836 -0.06358391 -0.333321 -0.9406669 -0.05237138 -0.2745486 0.960146 -0.1720232 -0.90178 -0.3964859 -0.1720239 -0.9017791 0.3964875 -0.05237179 -0.2745487 -0.960146 -0.06358307 -0.3333215 0.9406668 -0.1670257 -0.8755797 -0.4532799 -0.1763434 -0.9244245 0.3381456 -0.04094743 -0.2146826 -0.9758251 -0.07454162 -0.3907611 0.917469 -0.1613695 -0.8459301 -0.5082935 -0.1799687 -0.9434298 0.2784808 -0.0293647 -0.1539607 -0.9876406 -0.08520317 -0.4466485 0.8906434 -0.1550761 -0.812936 -0.5613258 -0.1828856 -0.9587206 0.2177333 -0.01766711 -0.09262204 -0.9955446 -0.09552592 -0.5007578 0.8603003 -0.1481699 -0.7767341 -0.6121519 -0.1850834 -0.9702413 0.1561287 -0.005892336 -0.03091496 -0.9995048 -0.1054656 -0.5528724 0.8265647 -0.1406783 -0.7374607 -0.6605765 -0.1865527 -0.977945 0.0939235 -0.1149892 -0.602793 0.7895684 -0.1326292 -0.6952691 -0.7064067 -0.1872893 -0.9818043 0.03135466 -0.1240549 -0.6503193 0.7494633 -0.124055 -0.6503208 -0.749462 -0.1872888 -0.9818044 -0.03135347 -0.1326297 -0.6952685 0.7064072 -0.1149897 -0.6027926 -0.7895686 -0.186553 -0.977945 -0.09392285 -0.1406778 -0.7374592 0.6605784 -0.1054667 -0.5528717 -0.8265652 -0.005893766 -0.03091496 0.9995047 -0.185083 -0.9702407 -0.1561321 -0.1481698 -0.7767337 0.6121523 -0.09552395 -0.5007586 -0.8603 -0.01766997 -0.09262198 0.9955446 -0.1828853 -0.9587191 -0.2177401 -0.1550758 -0.8129369 0.5613245 -0.08520275 -0.4466481 -0.8906435 -0.244351 -0.7520378 -0.6121535 -0.305227 -0.9393936 0.1561283 -0.009718 -0.02993208 -0.9995047 -0.173927 -0.5352945 0.8265647 -0.2319959 -0.714013 -0.6605781 -0.307651 -0.9468524 0.0939235 -0.1896305 -0.583628 0.7895687 -0.218724 -0.6731635 -0.7064069 -0.3088651 -0.9505891 0.03135228 -0.2045844 -0.6296443 0.7494621 -0.204583 -0.6296439 -0.7494627 -0.3088649 -0.950589 -0.03135538 -0.2187241 -0.6731638 0.7064067 -0.1896326 -0.5836267 -0.7895691 -0.3076505 -0.9468529 -0.09392023 -0.2319977 -0.7140144 0.660576 -0.1739282 -0.5352939 -0.8265649 -0.009720861 -0.02993208 0.9995047 -0.3052271 -0.9393936 -0.1561283 -0.2443519 -0.7520388 0.6121517 -0.1575314 -0.4848376 -0.8603001 -0.02913546 -0.08967721 0.9955447 -0.3016031 -0.9282386 -0.2177354 -0.2557407 -0.7870916 0.561323 -0.1405104 -0.4324469 -0.8906439 -0.0484333 -0.1490656 0.9876405 -0.2967928 -0.9134343 -0.2784815 -0.2661206 -0.8190346 0.5082933 -0.1229311 -0.3783369 -0.9174689 -0.0675404 -0.2078567 0.9758248 -0.290814 -0.8950333 -0.3381458 -0.2754477 -0.8477411 0.4532809 -0.1048607 -0.3227237 -0.9406667 -0.08637118 -0.2658195 0.9601459 -0.2836897 -0.8731082 -0.3964877 -0.2836902 -0.8731082 0.3964873 -0.0863704 -0.2658197 -0.9601458 -0.1048562 -0.3227241 0.940667 -0.2754474 -0.8477399 -0.4532834 -0.2908139 -0.8950328 0.3381474 -0.06753784 -0.2078571 -0.9758248 -0.1229306 -0.3783373 0.9174688 -0.2661198 -0.8190336 -0.5082954 -0.2967924 -0.9134339 0.278483 -0.04843562 -0.1490657 -0.9876404 -0.1405096 -0.4324485 0.8906434 -0.2557409 -0.7870895 -0.5613259 -0.3016024 -0.9282381 0.2177388 -0.02913445 -0.08967721 -0.9955447 -0.1575338 -0.4848378 0.8602997 -0.04015618 -0.08531814 0.9955443 -0.4155634 -0.883118 -0.2177382 -0.3523728 -0.7488325 0.5613229 -0.1936027 -0.4114267 -0.8906437 -0.06673681 -0.1418197 0.9876403 -0.4089357 -0.8690337 -0.2784816 -0.3666731 -0.7792233 0.5082932 -0.1693744 -0.3599473 -0.9174695 -0.093055 -0.1977531 0.975825 -0.4006978 -0.8515266 -0.3381476 -0.3795258 -0.8065342 0.45328 -0.1444839 -0.3070363 -0.9406663 -0.1190058 -0.2528985 0.9601459 -0.3908823 -0.8306685 -0.3964858 -0.3908825 -0.8306674 0.3964878 -0.1190038 -0.2528985 -0.9601461 -0.1444769 -0.307037 0.9406672 -0.379526 -0.8065333 -0.4532815 -0.4006977 -0.8515267 0.3381475 -0.0930562 -0.1977533 -0.975825 -0.1693778 -0.3599464 0.9174693 -0.3666739 -0.7792214 -0.5082955 -0.408936 -0.8690335 0.2784817 -0.0667358 -0.1418198 -0.9876404 -0.193603 -0.4114275 0.8906432 -0.352373 -0.7488302 -0.5613259 -0.4155632 -0.8831179 0.2177389 -0.04014301 -0.08531808 -0.9955449 -0.2170563 -0.4612706 0.8603 -0.3366804 -0.7154833 -0.612152 -0.4205576 -0.8937308 0.1561299 -0.01340544 -0.02847707 -0.9995046 -0.2396459 -0.5092739 0.8265652 -0.3196565 -0.6793067 -0.6605771 -0.4238967 -0.9008275 0.09392356 -0.2612852 -0.5552586 0.7895681 -0.3013685 -0.6404425 -0.7064067 -0.4255697 -0.9043823 0.03135496 -0.2818867 -0.5990375 0.7494625 -0.2818853 -0.5990378 -0.7494628 -0.4255697 -0.9043825 -0.03135156 -0.3013699 -0.6404413 0.7064073 -0.2612844 -0.5552583 -0.7895687 -0.4238971 -0.9008275 -0.09392082 -0.3196579 -0.6793062 0.6605771 -0.239645 -0.5092737 -0.8265656 -0.01341021 -0.02847707 0.9995046 -0.4205574 -0.8937315 -0.1561264 -0.3366808 -0.7154822 0.6121529 -0.217058 -0.4612702 -0.8602997 -0.4434479 -0.698761 -0.5613262 -0.5229701 -0.8240705 0.2177388 -0.05052107 -0.07961356 -0.9955447 -0.2731596 -0.4304285 0.8602995 -0.4236987 -0.6676439 -0.6121529 -0.5292562 -0.8339738 0.156127 -0.01686608 -0.02657306 -0.9995047 -0.3015858 -0.4752224 0.8265651 -0.4022758 -0.633886 -0.6605775 -0.5334581 -0.8405956 0.09392344 -0.3288177 -0.5181322 0.7895683 -0.3792602 -0.59762 -0.7064078 -0.5355638 -0.8439127 0.03135275 -0.3547422 -0.5589834 0.7494635 -0.3547424 -0.5589858 -0.7494618 -0.5355632 -0.843913 -0.03135538 -0.3792623 -0.5976208 0.7064062 -0.3288158 -0.5181328 -0.7895687 -0.5334579 -0.8405959 -0.09392178 -0.4022759 -0.6338868 0.6605768 -0.3015863 -0.4752228 -0.8265646 -0.01686996 -0.02657306 0.9995046 -0.5292553 -0.8339741 -0.1561282 -0.4236998 -0.667644 0.612152 -0.2731568 -0.4304292 -0.8603 -0.05052506 -0.0796135 0.9955446 -0.522971 -0.8240702 -0.2177377 -0.4434486 -0.698762 0.5613244 -0.2436439 -0.3839175 -0.8906431 -0.08397608 -0.1323374 0.9876411 -0.5146312 -0.8109279 -0.2784797 -0.4614449 -0.727122 0.5082935 -0.2131534 -0.3358797 -0.9174696 -0.1171038 -0.1845309 0.9758253 -0.5042625 -0.7945913 -0.3381482 -0.477619 -0.7526075 0.4532795 -0.1818222 -0.2865074 -0.9406669 -0.1497633 -0.2359891 0.960146 -0.4919101 -0.7751272 -0.3964875 -0.4919101 -0.7751265 0.3964887 -0.1497639 -0.2359889 -0.9601459 -0.1818238 -0.2865075 0.9406666 -0.4776186 -0.7526062 -0.4532818 -0.5042628 -0.7945911 0.3381477 -0.1171077 -0.184531 -0.9758248 -0.213159 -0.3358796 0.9174684 -0.4614449 -0.7271208 -0.5082952 -0.51463 -0.8109276 0.2784826 -0.08398348 -0.1323375 -0.9876405 -0.2436416 -0.3839178 0.8906437 -0.0200541 -0.02424991 0.9995048 -0.6296072 -0.7610643 -0.1561284 -0.5040362 -0.6092749 0.6121534 -0.3249489 -0.3927997 -0.8603004 -0.06010395 -0.07265335 0.9955447 -0.6221303 -0.7520266 -0.2177387 -0.5275288 -0.6376737 0.5613249 -0.2898395 -0.3503538 -0.8906431 -0.09991103 -0.1207678 0.9876401 -0.612208 -0.7400335 -0.2784814 -0.5489386 -0.6635538 0.5082939 -0.2535721 -0.3065159 -0.9174689 -0.139309 -0.1683984 0.9758254 -0.5998747 -0.7251254 -0.3381471 -0.5681797 -0.6868101 0.4532811 -0.2162958 -0.2614603 -0.9406671 -0.1781602 -0.2153576 0.9601458 -0.5851808 -0.7073621 -0.3964875 -0.5851804 -0.7073626 0.3964873 -0.1781626 -0.2153575 -0.9601454 -0.2163012 -0.2614595 0.9406661 -0.5681781 -0.6868118 -0.4532806 -0.5998759 -0.7251252 0.3381454 -0.1393075 -0.1683987 -0.9758254 -0.2535709 -0.3065159 0.9174693 -0.5489386 -0.6635528 -0.5082954 -0.6122087 -0.7400327 0.278482 -0.09991014 -0.1207677 -0.9876403 -0.2898363 -0.3503543 0.8906441 -0.5275294 -0.6376739 -0.5613241 -0.6221304 -0.7520263 0.217739 -0.06009256 -0.07265347 -0.9955453 -0.3249526 -0.3927988 0.8602994 -0.5040355 -0.6092759 -0.6121528 -0.6296072 -0.7610642 0.1561284 -0.02006173 -0.02424991 -0.9995047 -0.3587675 -0.4336769 0.8265653 -0.4785509 -0.5784689 -0.6605777 -0.6346067 -0.7671071 0.09392166 -0.3911632 -0.4728353 0.7895685 -0.451172 -0.5453743 -0.706407 -0.6371104 -0.7701347 0.03135287 -0.4220041 -0.510115 0.7494634 -0.4220046 -0.5101159 -0.7494624 -0.6371105 -0.7701346 -0.03135347 -0.451173 -0.5453736 0.706407 -0.3911639 -0.4728355 -0.7895678 -0.634606 -0.7671075 -0.09392201 -0.4785526 -0.5784696 0.6605758 -0.3587682 -0.4336762 -0.8265654 -0.6277762 -0.5895197 -0.5082948 -0.7001317 -0.6574674 0.2784821 -0.114255 -0.1072937 -0.9876406 -0.3314626 -0.3112647 0.8906441 -0.6032919 -0.566529 -0.5613234 -0.711479 -0.6681227 0.217738 -0.06873595 -0.06454735 -0.9955446 -0.3716221 -0.3489746 0.8602987 -0.5764236 -0.5412992 -0.6121529 -0.7200289 -0.6761528 0.1561279 -0.02294546 -0.02154433 -0.9995046 -0.4102928 -0.3852913 0.8265655 -0.5472785 -0.5139296 -0.6605775 -0.7257463 -0.6815212 0.0939216 -0.4473411 -0.4200818 0.7895678 -0.5159668 -0.4845265 -0.7064081 -0.7286101 -0.6842107 0.03135347 -0.4826114 -0.4532023 0.7494624 -0.4826104 -0.453202 -0.7494633 -0.7286098 -0.6842111 -0.03135251 -0.5159676 -0.4845266 0.7064075 -0.447342 -0.4200807 -0.789568 -0.7257458 -0.6815214 -0.09392374 -0.5472793 -0.5139296 0.6605769 -0.4102933 -0.3852909 -0.8265655 -0.02294743 -0.02154433 0.9995046 -0.7200289 -0.6761524 -0.1561293 -0.5764244 -0.5412982 0.6121529 -0.3716183 -0.3489745 -0.8603003 -0.06873947 -0.06454747 0.9955443 -0.7114782 -0.6681233 -0.2177383 -0.6032907 -0.5665278 0.5613259 -0.3314636 -0.3112654 -0.8906435 -0.1142557 -0.1072938 0.9876405 -0.7001317 -0.6574676 -0.2784815 -0.6277748 -0.5895207 0.5082954 -0.2899891 -0.2723181 -0.917469 -0.159319 -0.1496101 0.975825 -0.6860277 -0.6442223 -0.3381472 -0.6497799 -0.6101832 0.4532799 -0.2473636 -0.2322887 -0.9406664 -0.2037473 -0.1913303 0.9601458 -0.6692219 -0.6284414 -0.396489 -0.6692228 -0.6284421 0.3964865 -0.2037462 -0.1913305 -0.9601459 -0.2473595 -0.2322887 0.9406675 -0.6497796 -0.610183 -0.4532806 -0.6860274 -0.6442228 0.3381474 -0.1593218 -0.1496101 -0.9758245 -0.2899895 -0.2723177 0.9174689 -0.8054403 -0.5851877 -0.09392255 -0.6073769 -0.4412839 0.6605769 -0.4553472 -0.3308294 -0.8265657 -0.02544271 -0.01849901 0.9995052 -0.799096 -0.5805773 -0.1561273 -0.6397217 -0.4647843 0.6121534 -0.4124273 -0.2996468 -0.8602997 -0.07628613 -0.05542355 0.9955444 -0.7896063 -0.5736826 -0.2177389 -0.6695386 -0.4864499 0.5613241 -0.367861 -0.2672669 -0.890644 -0.1268077 -0.09212756 0.9876398 -0.7770134 -0.5645334 -0.2784825 -0.6967106 -0.5061916 0.5082957 -0.3218333 -0.2338249 -0.917469 -0.1768133 -0.1284625 0.975825 -0.7613604 -0.5531609 -0.3381471 -0.7211319 -0.5239335 0.4532799 -0.2745257 -0.1994544 -0.9406666 -0.2261185 -0.1642856 0.9601462 -0.7427099 -0.5396107 -0.3964875 -0.7427101 -0.5396095 0.3964889 -0.2261184 -0.1642856 -0.9601462 -0.2745249 -0.1994544 0.9406669 -0.7211313 -0.5239336 -0.4532806 -0.7613602 -0.5531617 0.3381463 -0.1768128 -0.1284629 -0.9758251 -0.321833 -0.2338258 0.9174689 -0.6967115 -0.5061908 -0.5082951 -0.7770137 -0.564534 0.2784802 -0.1268016 -0.09212774 -0.9876406 -0.367861 -0.2672673 0.8906438 -0.6695405 -0.4864477 -0.5613235 -0.7896059 -0.5736829 0.2177398 -0.07627522 -0.05542361 -0.9955453 -0.4124296 -0.2996458 0.8602989 -0.6397209 -0.4647846 -0.612154 -0.7990957 -0.5805772 0.156129 -0.02544844 -0.01849901 -0.9995051 -0.4553486 -0.3308292 0.826565 -0.6073762 -0.4412851 -0.6605767 -0.805441 -0.5851867 0.09392255 -0.4964639 -0.3607015 0.7895683 -0.5726256 -0.4160374 -0.7064085 -0.8086193 -0.5874962 0.03135371 -0.5356072 -0.3891418 0.7494623 -0.5356054 -0.3891407 -0.749464 -0.808619 -0.5874966 -0.03135251 -0.5726282 -0.4160363 0.7064071 -0.4964638 -0.3607022 -0.789568 -0.7811111 -0.4294205 0.4532808 -0.2973597 -0.1634748 -0.9406664 -0.2449282 -0.1346499 0.9601456 -0.8044843 -0.4422694 -0.3964883 -0.8044845 -0.4422706 0.3964866 -0.2449253 -0.1346496 -0.9601464 -0.2973573 -0.1634743 0.9406673 -0.7811123 -0.429419 -0.4532805 -0.8246865 -0.4533745 0.3381479 -0.1915189 -0.1052891 -0.9758252 -0.3486018 -0.1916443 0.917469 -0.7546606 -0.414878 -0.508295 -0.8416412 -0.4626967 0.2784814 -0.1373485 -0.07550853 -0.9876406 -0.3984583 -0.2190545 0.8906437 -0.7252289 -0.3986982 -0.5613224 -0.8552814 -0.4701953 0.2177388 -0.08262431 -0.04542553 -0.995545 -0.4467324 -0.2455923 0.8602991 -0.6929289 -0.3809425 -0.612154 -0.8655602 -0.4758462 0.1561285 -0.02758777 -0.01516193 -0.9995045 -0.4932224 -0.2711513 0.8265644 -0.6578947 -0.3616812 -0.6605765 -0.8724331 -0.4796241 0.09392201 -0.5377572 -0.2956346 0.7895678 -0.6202528 -0.3409887 -0.7064087 -0.875876 -0.4815167 0.03135275 -0.5801574 -0.3189427 0.7494618 -0.580155 -0.3189442 -0.7494631 -0.8758758 -0.4815169 -0.03135347 -0.6202553 -0.3409876 0.706407 -0.5377569 -0.2956348 -0.7895681 -0.8724331 -0.4796239 -0.09392249 -0.6578955 -0.3616804 0.6605762 -0.4932207 -0.2711506 -0.8265656 -0.02758586 -0.01516193 0.9995045 -0.8655604 -0.4758457 -0.1561287 -0.6929298 -0.380942 0.6121533 -0.4467308 -0.2455934 -0.8602998 -0.08263617 -0.04542565 0.995544 -0.8552815 -0.4701954 -0.217738 -0.7252276 -0.3986974 0.5613247 -0.3984593 -0.2190537 -0.8906434 -0.1373492 -0.07550847 0.9876405 -0.8416413 -0.4626964 -0.2784816 -0.7546599 -0.4148784 0.5082955 -0.3486001 -0.1916451 -0.9174695 -0.1915207 -0.1052888 0.9758249 -0.8246859 -0.4533762 -0.3381467 -0.5705695 -0.2259048 0.789568 -0.6581003 -0.2605605 -0.7064082 -0.9293191 -0.3679444 0.03135371 -0.6155565 -0.2437151 0.749462 -0.6155543 -0.2437158 -0.7494635 -0.9293194 -0.3679435 -0.03135347 -0.6581014 -0.2605605 0.706407 -0.5705698 -0.2259048 -0.7895678 -0.9256668 -0.3664966 -0.09392178 -0.6980373 -0.2763726 0.6605772 -0.5233164 -0.2071963 -0.826565 -0.02926212 -0.01158577 0.9995047 -0.9183744 -0.3636105 -0.1561282 -0.7352113 -0.2910893 0.6121532 -0.4739911 -0.1876661 -0.8602988 -0.08767485 -0.03471124 0.9955442 -0.9074686 -0.3592924 -0.2177383 -0.7694794 -0.3046595 0.5613237 -0.422773 -0.1673865 -0.8906429 -0.1457283 -0.05769872 0.9876407 -0.8929957 -0.3535627 -0.2784821 -0.8007073 -0.3170225 0.5082957 -0.3698713 -0.146443 -0.9174692 -0.2032059 -0.08045494 0.975825 -0.8750061 -0.3464393 -0.3381482 -0.8287728 -0.3281351 0.4532804 -0.3155033 -0.1249164 -0.9406666 -0.2598724 -0.1028906 0.9601458 -0.8535721 -0.3379529 -0.3964881 -0.8535726 -0.3379531 0.3964866 -0.2598716 -0.1028905 -0.9601461 -0.3155018 -0.1249167 0.9406671 -0.8287728 -0.3281342 -0.453281 -0.8750064 -0.3464396 0.338147 -0.2032034 -0.08045512 -0.9758256 -0.3698716 -0.1464426 0.9174692 -0.8007074 -0.3170229 -0.5082955 -0.8929968 -0.3535612 0.2784803 -0.1457325 -0.05769884 -0.9876402 -0.4227707 -0.1673876 0.8906438 -0.7694802 -0.3046579 -0.5613235 -0.9074684 -0.3592924 0.2177389 -0.08765703 -0.03471124 -0.9955458 -0.4739893 -0.1876658 0.8602999 -0.7352101 -0.2910915 -0.6121535 -0.9183745 -0.3636098 0.1561291 -0.02926021 -0.01158577 -0.9995047 -0.5233157 -0.2071958 0.8265657 -0.6980381 -0.2763728 -0.6605762 -0.9256663 -0.3664978 0.09392201 -0.8341273 -0.2141677 0.5082951 -0.3853068 -0.09893113 -0.91747 -0.2116892 -0.05435204 0.9758245 -0.9115266 -0.2340411 -0.3381479 -0.8633635 -0.2216745 0.4532815 -0.3286706 -0.08438807 -0.940667 -0.2707182 -0.06950885 0.960146 -0.8891984 -0.2283068 -0.3964872 -0.8891984 -0.2283077 0.396487 -0.2707192 -0.06950867 -0.9601457 -0.3286706 -0.08438795 0.9406669 -0.8633641 -0.2216731 -0.4532807 -0.9115268 -0.2340407 0.3381478 -0.2116859 -0.05435186 -0.9758253 -0.3853116 -0.09893029 0.9174681 -0.8341272 -0.214168 -0.5082952 -0.9302677 -0.2388523 0.278481 -0.1518158 -0.03897869 -0.9876399 -0.4404158 -0.1130802 0.8906441 -0.8015958 -0.2058139 -0.5613242 -0.9453442 -0.2427234 0.2177382 -0.09132713 -0.02344936 -0.9955449 -0.4937732 -0.1267796 0.8602994 -0.7658963 -0.196649 -0.6121536 -0.956705 -0.2456408 0.1561284 -0.0304811 -0.007826864 -0.9995048 -0.5451582 -0.1399729 0.8265653 -0.7271709 -0.1867054 -0.6605783 -0.9643012 -0.2475923 0.09392166 -0.5943828 -0.1526123 0.7895686 -0.6855669 -0.1760248 -0.7064087 -0.968107 -0.2485677 0.03135377 -0.6412479 -0.1646443 0.7494621 -0.6412469 -0.1646444 -0.7494629 -0.9681071 -0.2485671 -0.03135383 -0.6855691 -0.1760242 0.7064067 -0.5943851 -0.1526109 -0.7895672 -0.9643017 -0.2475904 -0.09392219 -0.7271721 -0.1867057 0.6605769 -0.545158 -0.1399734 -0.8265653 -0.03047919 -0.007826864 0.9995048 -0.9567051 -0.24564 -0.1561293 -0.7658974 -0.1966477 0.6121527 -0.4937723 -0.126779 -0.8603 -0.09133118 -0.02344954 0.9955444 -0.9453442 -0.2427234 -0.2177376 -0.8015957 -0.2058154 0.5613238 -0.4404171 -0.1130802 -0.8906435 -0.1518107 -0.03897875 0.9876407 -0.9302676 -0.2388526 -0.2784809 -0.03122544 -0.003944516 -0.9995046 -0.5584037 -0.07054203 0.8265647 -0.7448378 -0.09409469 -0.6605777 -0.9877292 -0.1247786 0.09392219 -0.608825 -0.07691287 0.7895674 -0.7022238 -0.08871096 -0.706408 -0.9916269 -0.1252719 0.03135383 -0.6568259 -0.08297675 0.7494629 -0.656826 -0.08297652 -0.7494629 -0.991627 -0.1252717 -0.03135395 -0.7022248 -0.08871185 0.7064068 -0.608823 -0.07691276 -0.789569 -0.9877291 -0.1247795 -0.09392225 -0.744838 -0.09409564 0.6605773 -0.5584024 -0.07054287 -0.8265656 -0.03122544 -0.003944516 0.9995047 -0.9799481 -0.1237972 -0.1561287 -0.7845044 -0.09910643 0.6121526 -0.5057681 -0.06389307 -0.8603003 -0.0935505 -0.01181793 0.9955445 -0.9683113 -0.122326 -0.2177378 -0.82107 -0.1037257 0.5613245 -0.4511167 -0.05699002 -0.8906435 -0.1555038 -0.01964426 0.98764 -0.9528683 -0.120376 -0.2784811 -0.854392 -0.1079359 0.5082954 -0.3946677 -0.04985874 -0.9174703 -0.2168313 -0.02739208 0.9758248 -0.9336722 -0.117951 -0.3381478 -0.8843393 -0.1117172 0.4532807 -0.3366568 -0.04252988 -0.9406665 -0.2772954 -0.03503042 0.9601459 -0.9108006 -0.1150623 -0.3964882 -0.9108015 -0.1150616 0.3964867 -0.2772943 -0.03503042 -0.9601462 -0.3366565 -0.04252976 0.9406667 -0.8843386 -0.1117192 -0.4532816 -0.9336724 -0.11795 0.3381476 -0.2168287 -0.02739214 -0.9758253 -0.3946707 -0.04985815 0.9174689 -0.8543926 -0.1079348 -0.5082945 -0.9528684 -0.1203761 0.278481 -0.1554991 -0.01964467 -0.9876407 -0.4511159 -0.05698907 0.8906441 -0.8210707 -0.1037262 -0.5613233 -0.9683113 -0.1223267 0.2177376 -0.09354299 -0.01181793 -0.9955452 -0.5057706 -0.06389385 0.8602986 -0.7845034 -0.09910631 -0.612154 -0.9799482 -0.1237962 0.156128 -0.8275958 -1.13692e-6 0.5613245 -0.4547035 0 -0.890643 -0.1567366 0 0.9876405 -0.9604417 0 -0.2784816 -0.8611831 0 0.5082949 -0.3978074 0 -0.9174691 -0.218555 0 0.9758247 -0.9410936 -1.03202e-6 -0.3381465 -0.891368 0 0.4532805 -0.3393334 0 -0.9406662 -0.2795006 0 0.9601455 -0.9180393 0 -0.3964893 -0.91804 0 0.3964878 -0.2794943 0 -0.9601475 -0.3393322 0 0.9406667 -0.8913682 0 -0.4532803 -0.9410933 0 0.3381472 -0.2185531 0 -0.9758251 -0.3978063 0 0.9174695 -0.8611829 0 -0.5082952 -0.9604417 0 0.2784813 -0.1567357 0 -0.9876406 -0.4547016 0 0.890644 -0.8275965 0 -0.5613237 -0.9760074 0 0.2177377 -0.09429299 0 -0.9955445 -0.5097878 0 0.8603002 -0.7907395 0 -0.6121528 -0.987737 0 0.1561274 -0.03147041 0 -0.9995047 -0.5628409 0 0.8265653 -0.7507578 -1.31715e-6 -0.6605776 -0.9955796 0 0.09392207 -0.6136631 0 0.789568 -0.7078048 0 -0.7064081 -0.9995085 0 0.03135305 -0.6620473 0 0.7494621 -0.6620477 0 -0.7494618 -0.9995084 0 -0.03135401 -0.7078038 -1.31732e-6 0.7064092 -0.6136634 0 -0.7895679 -0.9955796 0 -0.09392303 -0.7507587 0 0.6605767 -0.5628402 0 -0.8265657 -0.03146946 0 0.9995048 -0.9877368 0 -0.1561283 -0.7907388 0 0.6121537 -0.5097889 0 -0.8602996 -0.09429395 0 0.9955444 -0.9760072 0 -0.2177383 -0.09354865 0.01181793 -0.9955446 -0.505772 0.06389385 0.8602978 -0.7845037 0.09910631 -0.6121535 -0.9799484 0.1237971 0.1561264 -0.03122544 0.003944516 -0.9995047 -0.5584021 0.07054203 0.8265659 -0.744838 0.09409493 -0.6605774 -0.9877291 0.1247795 0.09392291 -0.6088262 0.07691138 0.7895666 -0.7022243 0.08871138 -0.7064074 -0.9916272 0.1252701 0.03135234 -0.6568253 0.08297616 0.7494635 -0.6568265 0.08297497 -0.7494626 -0.991627 0.1252716 -0.03135323 -0.7022238 0.08871114 0.7064078 -0.6088251 0.0769118 -0.7895674 -0.9877291 0.1247785 -0.0939238 -0.7448394 0.09409564 0.6605757 -0.5583987 0.07054299 -0.826568 -0.03122544 0.003944516 0.9995047 -0.9799484 0.1237953 -0.1561277 -0.7845038 0.09910649 0.6121535 -0.5057687 0.06389313 -0.8602999 -0.09354954 0.01181793 0.9955446 -0.968311 0.122326 -0.2177386 -0.8210699 0.1037257 0.5613245 -0.4511168 0.05698883 -0.8906437 -0.1555013 0.01964408 0.9876403 -0.9528682 0.120376 -0.2784816 -0.8543933 0.107935 0.5082936 -0.3946654 0.04985815 -0.9174712 -0.216835 0.02739179 0.975824 -0.9336729 0.11795 -0.3381462 -0.884339 0.1117171 0.4532811 -0.3366567 0.04252952 -0.9406665 -0.277297 0.03503042 0.9601454 -0.9108001 0.1150612 -0.3964897 -0.9108007 0.1150606 0.3964886 -0.2772932 0.03503048 -0.9601466 -0.3366569 0.0425294 0.9406664 -0.884339 0.1117182 -0.453281 -0.9336729 0.1179501 0.3381462 -0.2168257 0.02739185 -0.975826 -0.3946706 0.04985874 0.9174689 -0.8543928 0.1079337 -0.5082943 -0.9528685 0.1203741 0.2784812 -0.1555009 0.01964443 -0.9876404 -0.451117 0.05698943 0.8906434 -0.8210697 0.103725 -0.5613249 -0.9683113 0.1223248 0.2177383 -0.7658978 0.1966474 0.6121525 -0.4937734 0.1267792 -0.8602994 -0.09132927 0.02344942 0.9955447 -0.945344 0.2427233 -0.2177389 -0.801595 0.2058141 0.5613253 -0.4404157 0.1130796 -0.8906443 -0.1518144 0.03897869 0.9876402 -0.9302675 0.2388523 -0.2784817 -0.8341279 0.2141669 0.5082945 -0.3853091 0.09893041 -0.9174693 -0.2116891 0.05435222 0.9758246 -0.9115276 0.2340404 -0.3381457 -0.8633639 0.2216737 0.4532809 -0.3286705 0.08438807 -0.940667 -0.2707191 0.06950891 0.9601457 -0.8891972 0.2283076 -0.3964899 -0.8891978 0.2283065 0.3964889 -0.2707176 0.06950831 -0.9601461 -0.3286707 0.08438861 0.9406669 -0.8633636 0.2216742 -0.4532813 -0.9115278 0.2340397 0.3381456 -0.2116847 0.05435192 -0.9758256 -0.3853106 0.09893095 0.9174686 -0.8341284 0.214168 -0.5082933 -0.9302676 0.2388523 0.2784813 -0.1518122 0.03897923 -0.9876405 -0.4404169 0.1130794 0.8906437 -0.8015959 0.2058139 -0.5613242 -0.9453443 0.2427225 0.2177386 -0.09132897 0.02344936 -0.9955447 -0.4937734 0.1267794 0.8602993 -0.7658952 0.196649 -0.612155 -0.9567056 0.2456399 0.1561266 -0.0304811 0.007826864 -0.9995048 -0.545157 0.1399717 0.8265664 -0.7271724 0.1867054 -0.6605765 -0.9643015 0.2475904 0.09392356 -0.5943834 0.1526114 0.7895684 -0.685567 0.1760231 -0.7064091 -0.9681071 0.2485677 0.03135156 -0.641248 0.1646444 0.749462 -0.6412472 0.1646452 -0.7494625 -0.9681069 0.2485679 -0.03135251 -0.6855679 0.1760241 0.706408 -0.5943844 0.1526128 -0.7895674 -0.9643014 0.2475903 -0.09392422 -0.7271733 0.1867059 0.6605755 -0.5451576 0.1399732 -0.8265656 -0.03047919 0.007826864 0.9995048 -0.9567055 0.24564 -0.1561266 -0.1457287 0.0576986 -0.9876407 -0.4227699 0.1673868 0.8906443 -0.7694797 0.3046574 -0.5613242 -0.9074684 0.3592924 0.2177386 -0.08766847 0.03471118 -0.9955448 -0.4739918 0.1876656 0.8602985 -0.7352104 0.2910899 -0.612154 -0.9183752 0.3636091 0.1561267 -0.02926021 0.01158577 -0.9995048 -0.523316 0.2071952 0.8265655 -0.698037 0.2763735 -0.6605771 -0.9256665 0.3664969 0.09392398 -0.5705704 0.225905 0.7895672 -0.6580994 0.2605601 -0.706409 -0.9293194 0.3679435 0.03135269 -0.6155576 0.2437149 0.7494611 -0.6155542 0.2437152 -0.7494639 -0.9293195 0.3679435 -0.03135156 -0.6581007 0.2605599 0.7064079 -0.5705704 0.2259035 -0.7895677 -0.9256663 0.3664972 -0.0939238 -0.6980391 0.2763717 0.6605756 -0.5233142 0.2071942 -0.8265669 -0.02926212 0.01158577 0.9995047 -0.9183745 0.3636105 -0.1561273 -0.7352102 0.2910906 0.6121539 -0.4739903 0.187666 -0.8602992 -0.08767098 0.03471124 0.9955446 -0.9074686 0.3592922 -0.2177385 -0.769479 0.304659 0.5613243 -0.4227698 0.1673864 -0.8906444 -0.1457308 0.05769872 0.9876404 -0.8929963 0.3535617 -0.2784817 -0.8007088 0.3170215 0.5082941 -0.3698716 0.1464418 -0.9174692 -0.2032059 0.08045494 0.975825 -0.8750067 0.3464392 -0.3381469 -0.8287732 0.3281341 0.4532803 -0.3155031 0.124916 -0.9406667 -0.2598724 0.1028898 0.9601458 -0.8535708 0.3379535 -0.39649 -0.8535721 0.3379514 0.396489 -0.2598699 0.1028906 -0.9601464 -0.3155019 0.1249161 0.9406671 -0.8287729 0.3281342 -0.4532807 -0.8750069 0.3464398 0.3381456 -0.2032058 0.0804547 -0.9758251 -0.3698725 0.1464425 0.9174689 -0.800708 0.317023 -0.5082945 -0.8929963 0.3535621 0.2784807 -0.6578952 0.3616812 0.660576 -0.4932197 0.2711501 -0.8265663 -0.02758586 0.01516193 0.9995045 -0.8655607 0.4758456 -0.1561272 -0.6929296 0.3809407 0.6121543 -0.446731 0.2455936 -0.8602995 -0.08262848 0.04542559 0.9955447 -0.8552818 0.4701944 -0.2177393 -0.7252268 0.3986976 0.5613256 -0.3984574 0.2190539 -0.8906442 -0.1373491 0.07550853 0.9876405 -0.8416416 0.4626963 -0.278481 -0.7546613 0.4148774 0.5082943 -0.3485998 0.1916449 -0.9174696 -0.1915225 0.105289 0.9758244 -0.8246858 0.4533763 -0.3381469 -0.7811124 0.4294196 0.4532796 -0.29736 0.1634742 -0.9406664 -0.2449283 0.1346496 0.9601457 -0.804484 0.4422687 -0.3964897 -0.8044849 0.4422681 0.3964884 -0.2449252 0.13465 -0.9601464 -0.2973583 0.1634746 0.9406668 -0.7811111 0.42942 -0.4532815 -0.8246867 0.4533746 0.338147 -0.1915187 0.105289 -0.9758253 -0.3486017 0.1916449 0.9174689 -0.7546614 0.4148789 -0.508293 -0.8416424 0.4626955 0.2784798 -0.1373501 0.07550835 -0.9876403 -0.3984591 0.2190539 0.8906435 -0.7252282 0.3986965 -0.5613246 -0.8552816 0.4701951 0.2177383 -0.082632 0.04542541 -0.9955444 -0.4467335 0.2455925 0.8602986 -0.6929293 0.3809409 -0.6121545 -0.8655605 0.4758463 0.1561266 -0.02758777 0.01516193 -0.9995045 -0.4932211 0.2711506 0.8265655 -0.6578952 0.3616815 -0.6605759 -0.8724334 0.4796234 0.09392356 -0.5377573 0.2956339 0.789568 -0.6202529 0.3409873 -0.7064093 -0.8758758 0.4815172 0.03135222 -0.5801569 0.3189432 0.749462 -0.5801556 0.3189442 -0.7494626 -0.8758763 0.4815161 -0.03135299 -0.6202551 0.3409873 0.7064074 -0.537757 0.2956349 -0.7895679 -0.872433 0.4796239 -0.09392392 -0.1768078 0.1284626 -0.975826 -0.321832 0.2338253 0.9174693 -0.6967127 0.5061909 -0.5082934 -0.777014 0.5645341 0.278479 -0.1268052 0.09212762 -0.9876401 -0.3678604 0.2672663 0.8906444 -0.66954 0.4864482 -0.5613237 -0.7896059 0.5736829 0.2177398 -0.07629036 0.05542337 -0.9955441 -0.4124294 0.2996467 0.8602986 -0.6397203 0.4647853 -0.6121541 -0.7990962 0.5805773 0.1561262 -0.02544844 0.01849901 -0.999505 -0.455348 0.3308287 0.8265656 -0.6073764 0.4412846 -0.6605769 -0.8054403 0.5851873 0.0939244 -0.4964651 0.360702 0.7895674 -0.5726248 0.4160375 -0.7064089 -0.8086191 0.5874966 0.03135406 -0.5356076 0.3891414 0.7494622 -0.5356066 0.3891416 -0.7494627 -0.80862 0.5874954 -0.03135156 -0.5726258 0.4160374 0.7064083 -0.4964638 0.3607015 -0.7895684 -0.8054408 0.5851867 -0.09392404 -0.6073774 0.4412854 0.6605755 -0.4553471 0.3308287 -0.8265661 -0.02544271 0.01849901 0.9995052 -0.7990968 0.5805764 -0.1561263 -0.6397213 0.4647846 0.6121536 -0.4124276 0.2996465 -0.8602997 -0.07628601 0.05542355 0.9955444 -0.7896062 0.5736822 -0.21774 -0.6695387 0.486448 0.5613256 -0.3678646 0.2672662 -0.8906427 -0.1268027 0.0921275 0.9876405 -0.7770139 0.5645335 -0.2784805 -0.6967118 0.5061904 0.5082953 -0.321833 0.233825 -0.917469 -0.1768133 0.1284625 0.975825 -0.7613603 0.5531614 -0.3381468 -0.7211318 0.5239324 0.4532812 -0.2745272 0.199454 -0.9406663 -0.2261185 0.1642857 0.9601462 -0.7427099 0.5396102 -0.3964882 -0.7427101 0.5396095 0.3964889 -0.2261183 0.1642853 -0.9601463 -0.2745249 0.1994544 0.9406669 -0.7211321 0.5239331 -0.45328 -0.7613611 0.5531603 0.3381467 -0.5159679 0.4845256 0.7064079 -0.4473404 0.4200816 -0.7895683 -0.7257457 0.6815216 -0.09392315 -0.5472797 0.5139299 0.6605764 -0.4102949 0.3852899 -0.8265652 -0.02294737 0.02154433 0.9995046 -0.7200297 0.6761521 -0.1561272 -0.5764241 0.5412979 0.6121537 -0.3716211 0.3489758 -0.8602986 -0.06873947 0.06454741 0.9955444 -0.7114786 0.6681223 -0.2177402 -0.603291 0.5665282 0.5613251 -0.3314654 0.3112639 -0.8906434 -0.1142558 0.107294 0.9876405 -0.7001321 0.657468 -0.2784796 -0.6277759 0.5895206 0.5082941 -0.2899882 0.2723172 -0.9174695 -0.159321 0.14961 0.9758247 -0.6860278 0.6442223 -0.3381472 -0.6497792 0.6101828 0.4532812 -0.2473621 0.2322887 -0.9406668 -0.203747 0.1913303 0.9601458 -0.6692223 0.6284415 -0.3964881 -0.6692217 0.628441 0.3964899 -0.2037462 0.1913298 -0.960146 -0.2473618 0.2322887 0.9406669 -0.6497796 0.610183 -0.4532806 -0.6860281 0.644222 0.3381474 -0.1593167 0.1496101 -0.9758254 -0.2899876 0.272318 0.9174695 -0.6277762 0.5895208 -0.5082936 -0.7001326 0.6574675 0.2784796 -0.1142587 0.1072936 -0.9876402 -0.33146 0.3112657 0.8906446 -0.6032918 0.5665274 -0.5613251 -0.7114793 0.6681221 0.2177388 -0.06873589 0.0645473 -0.9955446 -0.3716194 0.3489745 0.8603 -0.5764231 0.5412978 -0.6121546 -0.7200292 0.6761528 0.1561262 -0.02294546 0.02154433 -0.9995046 -0.4102903 0.3852909 0.8265669 -0.5472792 0.5139296 -0.6605769 -0.7257468 0.6815205 0.09392261 -0.447342 0.4200811 0.7895676 -0.5159662 0.4845259 -0.706409 -0.7286099 0.684211 0.03135436 -0.4826123 0.4532018 0.7494621 -0.4826104 0.4532027 -0.749463 -0.7286104 0.6842104 -0.03135442 -0.1781588 0.2153577 -0.9601461 -0.2162986 0.2614595 0.9406668 -0.5681793 0.6868115 -0.4532796 -0.5998755 0.7251247 0.3381472 -0.1393123 0.1683986 -0.9758248 -0.2535726 0.306515 0.9174692 -0.5489399 0.6635529 -0.5082939 -0.6122092 0.740034 0.2784775 -0.09990805 0.1207675 -0.9876405 -0.2898377 0.3503534 0.8906439 -0.5275306 0.6376731 -0.5613239 -0.6221305 0.7520263 0.2177387 -0.06009262 0.07265341 -0.9955453 -0.324953 0.3927997 0.8602987 -0.5040352 0.6092748 -0.6121543 -0.6296076 0.7610647 0.156125 -0.02006173 0.02424991 -0.9995047 -0.3587662 0.4336758 0.8265665 -0.4785516 0.5784704 -0.6605759 -0.6346071 0.7671067 0.0939216 -0.3911634 0.4728355 0.7895681 -0.4511718 0.5453725 -0.7064084 -0.6371102 0.7701347 0.03135389 -0.422006 0.5101162 0.7494614 -0.4220045 0.5101158 -0.7494626 -0.6371116 0.7701336 -0.03135544 -0.4511719 0.545373 0.706408 -0.3911642 0.4728358 -0.7895676 -0.6346063 0.767107 -0.09392398 -0.4785524 0.5784687 0.6605768 -0.3587683 0.4336748 -0.8265662 -0.02006942 0.02424991 0.9995045 -0.6296079 0.761064 -0.1561263 -0.5040364 0.6092737 0.6121543 -0.324951 0.3927993 -0.8602997 -0.06011152 0.07265323 0.9955442 -0.6221305 0.7520253 -0.2177424 -0.5275283 0.6376736 0.5613255 -0.2898374 0.3503534 -0.890644 -0.09990841 0.1207678 0.9876403 -0.6122091 0.7400332 -0.2784796 -0.548939 0.6635542 0.5082932 -0.2535718 0.3065152 -0.9174692 -0.1393111 0.1683985 0.975825 -0.5998745 0.725125 -0.3381485 -0.5681791 0.6868101 0.4532819 -0.2162988 0.2614593 -0.9406668 -0.1781601 0.2153576 0.9601459 -0.5851806 0.7073616 -0.3964889 -0.58518 0.7073621 0.3964888 -0.3547434 0.5589851 0.7494617 -0.3547418 0.5589854 -0.7494623 -0.5355636 0.8439127 -0.03135538 -0.3792616 0.5976197 0.7064074 -0.328817 0.5181325 -0.7895684 -0.5334584 0.8405955 -0.09392338 -0.4022777 0.633887 0.6605755 -0.3015823 0.4752223 -0.8265664 -0.0168699 0.026573 0.9995046 -0.5292565 0.8339741 -0.1561244 -0.423699 0.6676428 0.6121538 -0.2731589 0.4304293 -0.8602993 -0.05052495 0.07961344 0.9955446 -0.5229699 0.8240699 -0.2177414 -0.4434478 0.6987618 0.5613253 -0.2436435 0.3839171 -0.8906433 -0.08398628 0.1323373 0.9876402 -0.5146301 0.810928 -0.2784814 -0.461445 0.7271208 0.5082952 -0.2131549 0.3358798 -0.9174693 -0.1171058 0.1845309 0.9758251 -0.5042626 0.7945913 -0.3381478 -0.4776184 0.7526065 0.4532816 -0.1818222 0.2865076 -0.9406669 -0.1497647 0.2359887 0.9601458 -0.4919098 0.7751266 -0.396489 -0.4919112 0.7751268 0.396487 -0.1497619 0.2359887 -0.9601463 -0.1818234 0.286507 0.9406669 -0.4776189 0.7526063 -0.4532816 -0.5042633 0.7945903 0.3381493 -0.1171075 0.1845308 -0.9758249 -0.2131564 0.3358793 0.9174691 -0.4614463 0.727122 -0.5082921 -0.514631 0.8109277 0.2784803 -0.08398354 0.1323374 -0.9876405 -0.2436411 0.3839171 0.890644 -0.4434487 0.6987613 -0.5613253 -0.522971 0.82407 0.2177386 -0.05052101 0.0796135 -0.9955447 -0.2731599 0.4304294 0.860299 -0.423698 0.6676423 -0.612155 -0.5292562 0.8339742 0.1561253 -0.01686608 0.026573 -0.9995047 -0.3015866 0.4752215 0.8265653 -0.4022756 0.6338865 -0.6605772 -0.5334577 0.8405959 0.09392338 -0.3288177 0.5181329 0.7895678 -0.3792601 0.5976187 -0.7064091 -0.5355634 0.8439128 0.03135335 -0.1444823 0.3070368 -0.9406665 -0.1190056 0.2528983 0.9601459 -0.3908825 0.8306668 -0.396489 -0.3908826 0.830667 0.396489 -0.1190028 0.2528983 -0.9601463 -0.1444791 0.3070361 0.9406672 -0.3795261 0.8065331 -0.4532817 -0.4006986 0.8515264 0.3381474 -0.0930562 0.1977533 -0.975825 -0.1693779 0.3599462 0.9174693 -0.3666748 0.779222 -0.5082941 -0.4089367 0.8690342 0.2784788 -0.0667386 0.1418197 -0.9876402 -0.1936025 0.4114266 0.8906437 -0.3523736 0.7488306 -0.561325 -0.4155634 0.8831169 0.2177426 -0.04015821 0.08531802 -0.9955441 -0.2170566 0.4612713 0.8602995 -0.3366795 0.7154815 -0.6121546 -0.420558 0.8937315 0.1561251 -0.01339012 0.02847707 -0.9995048 -0.2396456 0.5092732 0.8265657 -0.3196572 0.6793064 -0.6605771 -0.4238976 0.9008272 0.0939216 -0.2612844 0.5552595 0.7895678 -0.3013683 0.6404399 -0.7064092 -0.42557 0.9043822 0.0313546 -0.2818869 0.5990384 0.7494617 -0.2818856 0.5990385 -0.7494621 -0.4255704 0.904382 -0.03135538 -0.3013688 0.6404412 0.7064078 -0.2612861 0.5552594 -0.7895674 -0.423897 0.9008272 -0.0939247 -0.3196581 0.6793069 0.6605762 -0.2396477 0.5092722 -0.8265657 -0.01339489 0.02847707 0.9995047 -0.4205582 0.8937315 -0.1561243 -0.3366806 0.7154818 0.6121537 -0.2170587 0.4612717 -0.8602988 -0.04014849 0.08531808 0.9955446 -0.4155639 0.8831171 -0.2177402 -0.3523737 0.7488322 0.5613227 -0.1936025 0.411426 -0.890644 -0.0667355 0.1418197 0.9876404 -0.4089366 0.869034 -0.2784795 -0.3666737 0.779222 0.5082947 -0.1693781 0.3599467 -0.9174691 -0.09305602 0.1977533 0.975825 -0.4006977 0.8515262 -0.3381489 -0.3795262 0.8065344 0.4532796 -0.1896322 0.5836286 0.7895678 -0.2187236 0.6731625 -0.7064081 -0.3088655 0.9505888 0.03135305 -0.2045841 0.6296433 0.749463 -0.2045832 0.6296446 -0.7494621 -0.3088653 0.9505889 -0.03135538 -0.2187241 0.6731622 0.7064082 -0.1896333 0.5836293 -0.7895671 -0.3076507 0.9468521 -0.09392625 -0.2319983 0.7140151 0.660575 -0.1739259 0.535292 -0.8265665 -0.00973618 0.02993202 0.9995046 -0.305228 0.9393941 -0.1561244 -0.2443519 0.7520371 0.6121538 -0.1575337 0.4848391 -0.8602989 -0.02913546 0.08967715 0.9955447 -0.3016027 0.9282375 -0.2177407 -0.2557414 0.7870907 0.5613241 -0.1405125 0.432447 -0.8906435 -0.04842811 0.1490656 0.9876407 -0.2967932 0.9134347 -0.2784796 -0.2661197 0.819034 0.5082949 -0.1229298 0.3783369 -0.9174691 -0.06753665 0.2078568 0.975825 -0.2908136 0.8950329 -0.3381475 -0.275448 0.8477415 0.4532802 -0.1048604 0.3227233 -0.9406668 -0.08637112 0.2658193 0.9601459 -0.2836899 0.8731074 -0.3964889 -0.2836902 0.8731082 0.3964873 -0.08637034 0.2658194 -0.960146 -0.1048613 0.3227237 0.9406665 -0.2754482 0.8477416 -0.4532798 -0.290814 0.8950314 0.3381509 -0.06753778 0.2078569 -0.9758249 -0.122927 0.3783367 0.9174695 -0.2661211 0.8190342 -0.5082939 -0.2967935 0.9134348 0.2784791 -0.04843562 0.1490657 -0.9876404 -0.14051 0.432447 0.890644 -0.255742 0.7870904 -0.5613242 -0.3016029 0.9282375 0.2177405 -0.02913439 0.08967703 -0.9955447 -0.1575341 0.4848389 0.8602989 -0.2443513 0.7520368 -0.6121546 -0.3052277 0.9393945 0.1561223 -0.009733319 0.02993202 -0.9995046 -0.1739264 0.5352932 0.8265657 -0.2319965 0.7140128 -0.6605781 -0.3076514 0.9468522 0.0939235 -0.07454192 0.3907606 -0.9174693 -0.0409491 0.2146825 0.9758251 -0.1763433 0.9244232 -0.3381493 -0.1670258 0.8755797 0.4532801 -0.06358397 0.3333215 -0.9406667 -0.0523712 0.2745479 0.9601463 -0.1720234 0.9017786 -0.3964888 -0.1720239 0.9017791 0.3964872 -0.05237126 0.2745485 -0.9601461 -0.06358307 0.3333215 0.9406669 -0.1670261 0.8755779 -0.4532833 -0.1763436 0.9244232 0.3381491 -0.04095762 0.2146824 -0.9758248 -0.07454204 0.3907607 0.9174692 -0.1613698 0.845929 -0.5082951 -0.1799687 0.9434297 0.2784811 -0.02936995 0.1539605 -0.9876404 -0.08520191 0.4466474 0.890644 -0.1550768 0.812937 -0.561324 -0.1828855 0.9587185 0.2177425 -0.01766663 0.09262198 -0.9955446 -0.09552443 0.5007596 0.8602994 -0.1481688 0.7767315 -0.6121554 -0.1850841 0.9702422 0.1561219 -0.005892753 0.03091496 -0.9995048 -0.105466 0.5528702 0.8265661 -0.1406787 0.7374607 -0.6605765 -0.1865531 0.9779448 0.09392541 -0.1149893 0.6027936 0.7895678 -0.1326293 0.6952662 -0.7064095 -0.1872892 0.9818043 0.03135377 -0.1240565 0.6503201 0.7494624 -0.124055 0.650321 -0.7494619 -0.1872893 0.9818043 -0.03135538 -0.1326296 0.6952669 0.7064088 -0.1149891 0.6027936 -0.7895678 -0.1865534 0.9779448 -0.09392428 -0.1406782 0.7374621 0.660575 -0.1054666 0.5528714 -0.8265653 -0.005893766 0.03091496 0.9995048 -0.1850836 0.9702419 -0.1561244 -0.1481704 0.7767326 0.6121536 -0.09552621 0.5007604 -0.8602987 -0.01766991 0.09262192 0.9955446 -0.1828852 0.9587191 -0.2177399 -0.1550757 0.812937 0.5613243 -0.08520203 0.4466476 -0.890644 -0.02937185 0.1539607 0.9876404 -0.1799692 0.9434301 -0.2784794 -0.1613705 0.8459311 0.5082915 -0.03534007 0.5617291 0.8265661 -0.05764466 0.9162294 0.3964855 -0.01755297 0.2789473 -0.9601461 -0.05596953 0.8896094 -0.4532797 -0.03853207 0.612451 0.7895689 -0.0590918 0.9392356 0.3381491 -0.01372087 0.2181218 -0.9758252 -0.05407494 0.8594851 -0.5082926 -0.04157006 0.6607406 0.7494624 -0.06030696 0.9585468 0.2784802 -0.009839355 0.1564281 -0.9876404 -0.05196511 0.8259622 -0.5613254 -0.04444307 0.7064072 0.706409 -0.06128388 0.9740805 0.2177425 -0.005917787 0.09410601 -0.9955446 -0.04964631 0.7891748 -0.612159 -0.0471366 0.7492817 0.6605719 -0.06202059 0.9857885 0.1561234 -0.001981198 0.03141027 -0.9995047 -0.001974761 0.03141027 0.9995047 -0.04714065 0.7492774 -0.6605764 -0.04965078 0.7891772 0.6121553 -0.06251299 0.9936148 0.09392541 -0.005920648 0.09410607 0.9955446 -0.04444408 0.7064077 -0.7064086 -0.05196535 0.8259629 0.5613242 -0.06275963 0.9975361 0.03135532 -0.009840726 0.1564276 0.9876405 -0.04157125 0.6607404 -0.7494625 -0.06275969 0.9975361 -0.03135347 -0.01372379 0.2181224 0.975825 -0.03853303 0.6124532 -0.7895671 -0.06251299 0.9936149 -0.0939238 -0.01754724 0.2789471 0.9601461 -0.03533941 0.5617273 -0.8265674 -0.06202054 0.9857884 -0.1561244 -0.02130746 0.3386623 0.9406668 -0.03201043 0.5087829 -0.8602995 -0.06128436 0.9740812 -0.2177388 -0.02497589 0.3970217 0.9174694 -0.02854418 0.4538017 -0.8906455 -0.06030672 0.9585465 -0.2784814 -0.02855193 0.4538047 0.8906437 -0.0540741 0.8594849 0.5082932 -0.02497845 0.397025 -0.9174679 -0.05909204 0.9392355 -0.3381495 -0.03200727 0.5087865 0.8602975 -0.05596935 0.8896086 0.4532815 -0.02130597 0.3386623 -0.9406667 -0.05764424 0.9162275 -0.3964901 0.01372325 0.2181217 -0.9758251 0.0249809 0.3970227 0.9174689 0.05407959 0.8594838 -0.5082942 0.06031435 0.9585455 0.278483 0.009840726 0.156428 -0.9876404 0.02855128 0.4538063 0.8906429 0.05197215 0.8259637 -0.5613225 0.06129026 0.9740823 0.2177318 0.005923986 0.09410607 -0.9955446 0.03201568 0.5087802 0.8603011 0.04965662 0.7891723 -0.6121612 0.06203055 0.9857861 0.1561344 0.03533971 0.5617327 0.8265638 0.04714012 0.7492809 -0.6605725 0.06251776 0.9936146 0.09392362 0.0385375 0.6124515 0.7895684 0.0444473 0.7064073 -0.7064086 0.0627644 0.9975357 0.03135728 0.04157555 0.66074 0.7494626 0.0415737 0.6607411 -0.7494618 0.06276786 0.9975358 -0.03134715 0.0444476 0.7064082 0.7064078 0.03853583 0.6124513 -0.7895685 0.0625177 0.9936146 -0.09392338 0.04714471 0.7492753 0.6605786 0.03534543 0.5617272 -0.8265673 0.06202536 0.9857883 -0.1561233 0.04965114 0.7891823 0.6121489 0.03200811 0.5087848 -0.8602986 0.005908966 0.09410607 0.9955447 0.0612939 0.9740798 -0.2177425 0.05197167 0.8259627 0.5613241 0.02855569 0.4538012 -0.8906453 0.009846985 0.1564275 0.9876404 0.06031268 0.9585463 -0.2784805 0.05408102 0.8594826 0.5082961 0.02497845 0.3970243 -0.9174683 0.01372092 0.2181221 0.975825 0.05909955 0.9392359 -0.3381471 0.05597484 0.8896093 0.4532794 0.02130907 0.3386623 -0.9406667 0.01755285 0.2789478 0.9601459 0.05765086 0.916227 -0.3964905 0.05765014 0.9162284 0.3964872 0.01754999 0.2789474 -0.960146 0.02130895 0.338661 0.9406672 0.05597513 0.8896083 -0.4532813 0.05909866 0.9392366 0.3381451 0.1865531 0.9779449 0.0939247 0.1149899 0.6027933 0.7895681 0.1326295 0.6952672 -0.7064085 0.1872889 0.9818045 0.03134965 0.1240549 0.6503199 0.7494628 0.1240552 0.6503207 -0.7494621 0.187289 0.9818046 -0.03134655 0.132629 0.695268 0.7064078 0.1149893 0.6027932 -0.7895682 0.1865528 0.977945 -0.09392356 0.1406788 0.7374613 0.6605758 0.1054645 0.552873 -0.8265644 0.1850834 0.9702403 -0.1561347 0.1481693 0.776734 0.612152 0.09552395 0.5007569 -0.860301 0.017681 0.09262204 0.9955444 0.1828855 0.9587202 -0.2177354 0.1550766 0.8129376 0.5613232 0.08520138 0.446649 -0.8906432 0.02937233 0.1539605 0.9876404 0.1799687 0.9434287 -0.2784844 0.1613691 0.8459277 0.5082976 0.07454186 0.3907621 -0.9174686 0.04095828 0.2146824 0.9758248 0.1763433 0.9244242 -0.3381465 0.1670261 0.8755798 0.4532796 0.06358557 0.3333209 -0.9406669 0.05237191 0.274549 0.960146 0.1720237 0.901779 -0.3964878 0.1720234 0.9017789 0.3964881 0.05237144 0.2745489 -0.9601459 0.06358391 0.3333209 0.940667 0.1670255 0.8755801 -0.4532793 0.1763432 0.9244241 0.3381469 0.04094773 0.2146826 -0.9758252 0.07453835 0.3907619 0.917469 0.1613699 0.8459284 -0.5082961 0.1799685 0.9434291 0.2784832 0.02936673 0.1539607 -0.9876406 0.08520287 0.4466484 0.8906435 0.1550756 0.8129386 -0.561322 0.1828857 0.9587209 0.2177315 0.01766473 0.0926221 -0.9955446 0.09552371 0.5007571 0.8603008 0.1481699 0.7767342 -0.6121516 0.1850831 0.9702408 0.1561323 0.1054669 0.5528729 0.8265641 0.1406782 0.7374613 -0.6605759 0.2967929 0.9134346 -0.2784801 0.2661195 0.8190334 0.5082959 0.1229313 0.3783375 -0.9174687 0.06753724 0.207857 0.9758249 0.2908141 0.8950334 -0.3381457 0.2754478 0.8477414 0.4532803 0.1048613 0.3227234 -0.9406667 0.08636766 0.26582 0.9601461 0.2836902 0.8731087 -0.3964862 0.2836899 0.8731093 0.3964849 0.08637452 0.2658199 -0.9601455 0.1048575 0.3227233 0.9406672 0.2754472 0.847741 -0.4532815 0.2908134 0.8950331 0.3381469 0.06754148 0.2078568 -0.9758247 0.1229288 0.3783377 0.9174689 0.2661207 0.8190335 -0.5082953 0.2967919 0.9134333 0.2784854 0.04843336 0.1490657 -0.9876405 0.1405115 0.4324487 0.8906428 0.2557412 0.7870908 -0.5613239 0.3016032 0.9282386 0.2177354 0.02914315 0.08967721 -0.9955444 0.1575329 0.4848353 0.8603013 0.2443529 0.7520402 -0.6121498 0.3052269 0.9393923 0.1561372 0.173927 0.5352954 0.8265643 0.2319974 0.7140139 -0.6605765 0.3076505 0.9468523 0.09392541 0.1896313 0.5836278 0.7895687 0.2187243 0.6731619 -0.7064083 0.3088651 0.9505892 0.03134578 0.2045834 0.629645 0.7494618 0.2045837 0.6296435 -0.7494629 0.3088653 0.9505891 -0.03134888 0.2187229 0.6731622 0.7064085 0.1896323 0.5836284 -0.789568 0.307651 0.9468522 -0.09392547 0.2319961 0.7140133 0.6605777 0.1739282 0.5352957 -0.8265637 0.3052269 0.9393931 -0.1561321 0.2443513 0.7520399 0.6121507 0.1575332 0.4848362 -0.8603007 0.02913159 0.08967727 0.9955447 0.3016031 0.9282395 -0.2177316 0.2557413 0.7870903 0.5613245 0.1405078 0.4324486 -0.8906436 0.04843759 0.1490656 0.9876403 0.4205571 0.8937304 0.156134 0.2396474 0.5092754 0.8265638 0.3196569 0.6793057 -0.6605779 0.423897 0.9008269 0.09392625 0.2612856 0.5552586 0.7895681 0.3013699 0.640442 -0.7064067 0.4255699 0.9043825 0.03134775 0.2818849 0.599038 0.7494628 0.2818854 0.5990378 -0.7494628 0.4255699 0.9043826 -0.03134602 0.3013674 0.640441 0.7064086 0.2612854 0.5552585 -0.7895683 0.4238969 0.9008272 -0.09392553 0.3196568 0.6793066 0.6605771 0.2396466 0.5092751 -0.8265643 0.4205577 0.8937305 -0.156132 0.33668 0.7154841 0.6121512 0.2170554 0.4612688 -0.8603011 0.04014307 0.08531832 0.9955448 0.4155639 0.8831188 -0.2177334 0.3523739 0.7488318 0.5613231 0.1936032 0.4114275 -0.8906432 0.06673872 0.1418198 0.9876402 0.4089362 0.8690325 -0.2784846 0.3666741 0.7792224 0.508294 0.1693806 0.359947 -0.9174685 0.09305113 0.1977534 0.9758253 0.4006983 0.8515264 -0.3381475 0.3795265 0.806534 0.45328 0.144482 0.3070363 -0.9406667 0.1190004 0.2528991 0.9601464 0.3908828 0.8306665 -0.3964892 0.3908827 0.8306689 0.3964847 0.119009 0.2528986 -0.9601454 0.1444779 0.3070368 0.9406671 0.3795258 0.8065342 -0.45328 0.400698 0.8515267 0.3381474 0.09306073 0.1977529 -0.9758245 0.1693772 0.3599473 0.917469 0.3666728 0.7792215 -0.5082963 0.4089357 0.8690343 0.2784798 0.06673562 0.1418197 -0.9876405 0.193603 0.4114277 0.8906431 0.3523725 0.7488315 -0.5613244 0.4155641 0.8831188 0.2177332 0.04014861 0.08531814 -0.9955446 0.2170572 0.4612683 0.860301 0.3366812 0.7154836 -0.6121511 0.522971 0.8240713 -0.2177333 0.4434486 0.6987624 0.561324 0.243642 0.3839181 -0.8906434 0.08397597 0.1323375 0.987641 0.5146301 0.8109284 -0.2784799 0.4614449 0.7271196 0.5082969 0.2131571 0.3358799 -0.9174688 0.1171051 0.1845312 0.9758251 0.5042627 0.7945914 -0.3381476 0.4776191 0.752607 0.4532802 0.1818209 0.2865073 -0.9406673 0.1497605 0.2359893 0.9601463 0.4919108 0.7751272 -0.3964867 0.4919101 0.7751278 0.3964862 0.1497651 0.2359893 -0.9601455 0.1818238 0.2865071 0.9406667 0.4776188 0.7526072 -0.4532799 0.5042629 0.7945919 0.338146 0.1171039 0.1845307 -0.9758253 0.2131528 0.3358808 0.9174693 0.4614446 0.7271209 -0.5082953 0.5146298 0.8109267 0.2784855 0.08398634 0.1323375 -0.9876402 0.2436445 0.3839187 0.8906424 0.4434483 0.6987625 -0.561324 0.5229709 0.8240708 0.217736 0.05052512 0.07961362 -0.9955446 0.2731559 0.4304271 0.8603013 0.4237004 0.6676444 -0.6121511 0.5292551 0.8339733 0.1561341 0.3015865 0.4752232 0.8265644 0.4022756 0.6338858 -0.660578 0.5334578 0.8405956 0.09392446 0.3288173 0.5181325 0.7895683 0.3792625 0.5976195 -0.7064071 0.5355635 0.843913 0.03134769 0.3547415 0.5589832 0.749464 0.3547418 0.5589849 -0.7494627 0.5355635 0.843913 -0.03134727 0.3792607 0.5976201 0.7064075 0.3288162 0.5181337 -0.7895679 0.5334581 0.8405954 -0.09392535 0.4022755 0.6338865 0.6605773 0.3015854 0.4752236 -0.8265644 0.5292558 0.8339733 -0.1561313 0.4237002 0.6676458 0.6121498 0.2731568 0.4304273 -0.860301 0.05053639 0.07961362 0.995544 0.6221307 0.7520269 0.2177358 0.06010407 0.07265347 -0.9955446 0.3249479 0.3927975 0.8603017 0.5040381 0.6092771 -0.6121495 0.6296063 0.7610639 0.1561341 0.3587682 0.4336777 0.8265647 0.4785526 0.5784688 -0.6605765 0.6346058 0.7671074 0.09392505 0.3911628 0.4728348 0.7895689 0.4511723 0.5453736 -0.7064073 0.6371108 0.7701346 0.03134775 0.4220038 0.5101149 0.7494636 0.4220039 0.5101155 -0.7494631 0.6371108 0.7701347 -0.03134709 0.4511722 0.5453737 0.7064073 0.3911646 0.4728363 -0.7895671 0.6346067 0.7671065 -0.09392553 0.4785512 0.5784692 0.6605772 0.3587688 0.4336781 -0.8265643 0.629607 0.761064 -0.1561307 0.5040361 0.6092752 0.6121531 0.3249528 0.3927973 -0.8603 0.06009262 0.07265353 0.9955453 0.6221306 0.7520272 -0.2177354 0.5275301 0.6376745 0.5613228 0.2898388 0.3503542 -0.8906433 0.09991019 0.1207677 0.9876403 0.6122084 0.7400333 -0.2784811 0.5489379 0.6635517 0.5082976 0.2535731 0.3065157 -0.9174688 0.1393074 0.1683984 0.9758256 0.5998759 0.7251252 -0.3381454 0.5681794 0.6868099 0.4532818 0.2162986 0.2614595 -0.9406668 0.1781592 0.2153581 0.960146 0.5851811 0.7073622 -0.3964871 0.5851804 0.7073623 0.3964879 0.1781604 0.2153577 -0.9601458 0.2163001 0.2614595 0.9406664 0.5681793 0.686812 -0.4532788 0.599875 0.7251259 0.3381457 0.1393073 0.1683983 -0.9758256 0.2535701 0.3065164 0.9174694 0.5489377 0.6635546 -0.5082941 0.6122081 0.7400326 0.2784835 0.09991353 0.1207678 -0.9876399 0.2898387 0.350355 0.890643 0.5275292 0.6376748 -0.5613234 0.7200288 0.6761521 -0.1561316 0.5764244 0.541299 0.6121522 0.3716198 0.3489728 -0.8603004 0.06873416 0.06454747 0.9955448 0.7114792 0.6681234 -0.2177352 0.6032927 0.5665282 0.5613234 0.3314637 0.3112663 -0.8906431 0.1142551 0.1072937 0.9876406 0.7001314 0.6574676 -0.2784827 0.6277753 0.5895186 0.5082973 0.2899898 0.272318 -0.9174688 0.159322 0.1496102 0.9758244 0.6860282 0.644222 -0.338147 0.649779 0.6101834 0.4532809 0.247362 0.2322885 -0.9406668 0.2037429 0.191331 0.9601466 0.6692223 0.6284419 -0.3964874 0.6692223 0.6284423 0.3964869 0.2037506 0.1913305 -0.9601451 0.2473607 0.2322885 0.9406673 0.6497801 0.6101834 -0.4532793 0.6860272 0.6442239 0.3381453 0.1593154 0.1496104 -0.9758256 0.2899869 0.2723184 0.9174696 0.6277747 0.5895211 -0.5082952 0.700132 0.6574668 0.2784826 0.1142558 0.1072939 -0.9876405 0.3314643 0.3112655 0.8906432 0.6032922 0.566529 -0.5613231 0.7114791 0.6681237 0.2177345 0.06873965 0.06454747 -0.9955444 0.3716173 0.3489735 0.8603013 0.5764266 0.5413002 -0.6121492 0.7200289 0.6761519 0.1561313 0.4102937 0.3852913 0.8265651 0.5472794 0.5139285 -0.6605778 0.7257455 0.6815215 0.09392488 0.4473415 0.4200817 0.7895675 0.5159686 0.4845263 -0.7064069 0.7286099 0.6842113 0.03134769 0.4826101 0.4532018 0.7494637 0.4826111 0.4532012 -0.7494633 0.72861 0.684211 -0.03134936 0.5159667 0.4845257 0.7064087 0.4473418 0.4200817 -0.7895675 0.7257465 0.6815204 -0.09392553 0.5472791 0.5139294 0.6605772 0.4102939 0.3852924 -0.8265645 0.777013 0.5645335 0.2784835 0.1268079 0.09212756 -0.9876399 0.3678631 0.2672676 0.8906429 0.6695399 0.4864493 -0.5613231 0.7896075 0.5736826 0.2177345 0.07628613 0.05542361 -0.9955444 0.4124239 0.2996458 0.8603017 0.6397234 0.4647861 -0.6121503 0.7990953 0.5805771 0.1561312 0.4553483 0.3308301 0.8265648 0.6073763 0.4412845 -0.6605769 0.805441 0.5851863 0.09392488 0.4964644 0.3607027 0.7895674 0.5726263 0.4160382 -0.7064074 0.8086195 0.5874963 0.03134775 0.5356057 0.3891396 0.7494645 0.5356069 0.3891416 -0.7494626 0.8086199 0.5874959 -0.03134858 0.5726268 0.4160372 0.7064076 0.4964648 0.3607023 -0.7895674 0.8054403 0.5851874 -0.09392446 0.6073759 0.4412845 0.6605774 0.4553487 0.3308304 -0.8265644 0.7990957 0.5805762 -0.1561325 0.6397225 0.4647853 0.6121518 0.4124289 0.2996447 -0.8602997 0.07627534 0.05542367 0.9955452 0.7896067 0.5736838 -0.2177342 0.6695396 0.4864499 0.5613227 0.3678623 0.2672677 -0.8906433 0.1268017 0.09212756 0.9876405 0.7770133 0.564533 -0.2784832 0.696711 0.5061897 0.508297 0.3218347 0.2338256 -0.9174683 0.1768133 0.1284626 0.9758251 0.7613613 0.5531604 -0.3381458 0.7211321 0.5239331 0.45328 0.2745272 0.1994541 -0.9406662 0.2261186 0.1642861 0.960146 0.7427103 0.5396099 -0.396488 0.7427101 0.5396106 0.3964874 0.2261218 0.1642853 -0.9601454 0.2745226 0.1994544 0.9406675 0.721132 0.5239335 -0.4532796 0.7613606 0.5531616 0.3381457 0.1768133 0.1284628 -0.975825 0.3218315 0.2338258 0.9174694 0.6967105 0.5061906 -0.5082969 0.8724323 0.479625 -0.09392493 0.6578951 0.3616813 0.6605762 0.493222 0.271152 -0.8265645 0.8655595 0.4758461 -0.1561324 0.6929304 0.3809426 0.6121522 0.4467308 0.2455919 -0.8603001 0.08262449 0.04542571 0.9955449 0.8552824 0.4701958 -0.2177332 0.725229 0.3986989 0.5613219 0.398459 0.2190549 -0.8906434 0.1373485 0.07550877 0.9876406 0.8416407 0.4626967 -0.2784829 0.7546597 0.4148771 0.5082971 0.3485999 0.1916456 -0.9174693 0.1915189 0.1052888 0.9758251 0.8246865 0.453376 -0.3381458 0.7811128 0.4294193 0.4532791 0.2973571 0.1634739 -0.9406673 0.2449277 0.1346498 0.9601458 0.8044841 0.4422699 -0.3964878 0.8044845 0.4422698 0.3964876 0.2449271 0.1346501 -0.960146 0.2973582 0.1634745 0.9406669 0.7811117 0.4294208 -0.4532796 0.8246865 0.4533757 0.338146 0.1915171 0.1052892 -0.9758256 0.3486029 0.1916445 0.9174684 0.754659 0.4148783 -0.508297 0.841641 0.4626962 0.278483 0.1373491 0.07550853 -0.9876405 0.3984604 0.2190549 0.8906427 0.7252286 0.3986974 -0.5613235 0.8552826 0.4701952 0.2177343 0.08263629 0.04542559 -0.995544 0.4467288 0.2455924 0.860301 0.6929316 0.3809424 -0.6121509 0.8655593 0.4758464 0.1561325 0.4932225 0.2711516 0.8265642 0.6578947 0.3616815 -0.6605764 0.8724328 0.479624 0.09392517 0.5377575 0.2956335 0.7895681 0.620254 0.3409878 -0.7064081 0.8758759 0.4815172 0.03134769 0.580154 0.3189436 0.749464 0.5801562 0.3189428 -0.7494627 0.8758755 0.4815177 -0.03134828 0.6202545 0.3409875 0.7064078 0.537757 0.2956349 -0.7895679 0.8750063 0.346441 0.338146 0.2032061 0.080455 -0.975825 0.3698719 0.1464425 0.917469 0.8007065 0.3170222 -0.5082975 0.8929954 0.353562 0.2784837 0.1457334 0.05769872 -0.9876399 0.4227724 0.167387 0.8906431 0.7694796 0.3046598 -0.5613231 0.9074695 0.3592928 0.217734 0.08767503 0.0347113 -0.9955442 0.4739881 0.1876647 0.8603007 0.7352125 0.291091 -0.6121509 0.9183737 0.3636105 0.1561327 0.5233182 0.2071967 0.8265638 0.6980384 0.2763714 -0.6605765 0.9256665 0.3664966 0.09392523 0.5705702 0.2259058 0.7895671 0.6581014 0.2605602 -0.7064071 0.9293195 0.3679437 0.03134864 0.6155539 0.2437163 0.7494637 0.6155554 0.2437152 -0.7494628 0.9293195 0.3679438 -0.031349 0.6580999 0.2605603 0.7064085 0.5705699 0.2259042 -0.7895678 0.9256665 0.3664969 -0.09392446 0.6980369 0.2763731 0.6605774 0.5233169 0.2071962 -0.8265648 0.9183744 0.363609 -0.1561314 0.735212 0.291091 0.6121514 0.4739872 0.1876654 -0.8603011 0.08765906 0.03471124 0.9955456 0.9074691 0.3592938 -0.2177333 0.7694803 0.3046581 0.561323 0.4227716 0.1673875 -0.8906434 0.1457251 0.05769896 0.9876412 0.8929956 0.3535619 -0.2784831 0.800706 0.3170228 0.5082976 0.3698729 0.1464427 -0.9174686 0.2032061 0.08045482 0.975825 0.8750074 0.3464394 -0.338145 0.8287734 0.3281348 0.4532797 0.3155031 0.1249161 -0.9406667 0.2598701 0.1028902 0.9601465 0.853572 0.3379523 -0.3964887 0.8535716 0.3379529 0.396489 0.2598757 0.1028906 -0.9601449 0.3155019 0.1249169 0.940667 0.8287736 0.3281344 -0.4532791 0.9681071 0.2485678 -0.03134912 0.6855669 0.1760241 0.706409 0.5943834 0.1526131 -0.7895681 0.9643011 0.2475914 -0.09392493 0.7271718 0.1867052 0.6605773 0.5451597 0.1399725 -0.8265644 0.956705 0.2456399 -0.1561306 0.765898 0.1966494 0.6121513 0.4937717 0.1267782 -0.8603005 0.09132719 0.02344936 0.9955449 0.945345 0.2427238 -0.2177342 0.8015969 0.2058153 0.5613221 0.4404169 0.1130799 -0.8906436 0.1518104 0.03897857 0.9876409 0.9302672 0.2388522 -0.2784824 0.8341263 0.2141678 0.5082967 0.3853102 0.09893095 -0.9174687 0.2116898 0.05435192 0.9758244 0.9115278 0.2340402 -0.3381454 0.8633647 0.2216744 0.453279 0.3286684 0.08438867 -0.9406678 0.270716 0.06950885 0.9601466 0.8891981 0.2283068 -0.3964881 0.8891974 0.2283087 0.3964885 0.2707208 0.06950891 -0.9601452 0.3286708 0.08438855 0.9406669 0.8633643 0.221675 -0.4532794 0.9115273 0.2340404 0.3381467 0.2116865 0.05435234 -0.9758252 0.3853094 0.09893047 0.917469 0.8341262 0.2141674 -0.5082969 0.930267 0.2388525 0.2784833 0.1518133 0.03897887 -0.9876404 0.4404184 0.1130811 0.8906427 0.801596 0.205815 -0.5613237 0.9453448 0.2427237 0.2177348 0.09132945 0.02344959 -0.9955446 0.4937694 0.1267787 0.8603017 0.7658983 0.1966494 -0.6121511 0.9567045 0.245641 0.1561315 0.5451599 0.1399738 0.826564 0.7271724 0.1867057 -0.6605765 0.9643014 0.2475904 0.09392529 0.5943847 0.1526112 0.7895674 0.6855684 0.1760234 -0.7064077 0.968107 0.2485681 0.03134888 0.6412469 0.1646444 0.7494629 0.6412478 0.1646436 -0.7494624 0.9108006 0.1150612 0.3964886 0.2772963 0.03503048 -0.9601457 0.336655 0.04252958 0.9406672 0.8843398 0.1117182 -0.4532797 0.9336726 0.1179512 0.3381465 0.2168298 0.02739208 -0.9758251 0.3946699 0.04985803 0.9174693 0.8543909 0.1079337 -0.5082976 0.9528678 0.120375 0.278483 0.1555039 0.01964414 -0.9876399 0.4511179 0.05698907 0.890643 0.8210707 0.103726 -0.5613233 0.9683119 0.1223261 0.217735 0.09355157 0.01181793 -0.9955444 0.505765 0.06389391 0.860302 0.7845056 0.09910672 -0.6121511 0.9799478 0.1237962 0.1561307 0.5584031 0.07054227 0.8265652 0.744839 0.09409552 -0.6605764 0.9877288 0.1247795 0.09392511 0.6088251 0.0769118 0.7895674 0.7022242 0.08871126 -0.7064076 0.9916272 0.1252707 0.03134924 0.6568257 0.08297646 0.7494632 0.656826 0.08297675 -0.7494629 0.991627 0.1252729 -0.03134918 0.7022229 0.08871227 0.7064086 0.6088241 0.07691305 -0.789568 0.987729 0.1247786 -0.09392517 0.7448372 0.09409618 0.6605781 0.558404 0.07054305 -0.8265644 0.9799478 0.1237962 -0.156131 0.7845056 0.09910655 0.6121512 0.5057697 0.06389266 -0.8602993 0.0935412 0.01181799 0.9955453 0.968312 0.1223258 -0.2177345 0.8210715 0.1037251 0.5613223 0.4511173 0.05698925 -0.8906434 0.1554991 0.01964467 0.9876407 0.9528682 0.1203751 -0.2784819 0.8543913 0.1079348 0.5082969 0.3946716 0.04985928 -0.9174685 0.216832 0.02739185 0.9758246 0.9336728 0.1179512 -0.3381461 0.8843399 0.1117172 0.4532793 0.3366542 0.04252946 -0.9406675 0.2772952 0.03503048 0.960146 0.9108009 0.1150606 -0.3964881 0.9995085 0 0.03134924 0.6620461 0 0.7494631 0.6620462 0 -0.7494631 0.9995086 0 -0.03135019 0.7078045 0 0.7064085 0.6136631 0 -0.7895681 0.9955794 0 -0.09392493 0.7507566 0 0.660579 0.5628402 0 -0.8265658 0.9877364 0 -0.1561311 0.7907403 0 0.6121517 0.509788 0 -0.8603002 0.09429126 0 0.9955447 0.9760081 9.76724e-7 -0.2177348 0.8275969 0 0.5613231 0.4547016 0 -0.8906439 0.1567358 0 0.9876406 0.9604415 0 -0.2784819 0.8611823 1.13679e-6 0.5082964 0.397809 0 -0.9174683 0.2185518 0 0.9758254 0.9410939 0 -0.3381453 0.8913684 0 0.4532798 0.3393324 0 -0.9406667 0.2794999 0 0.9601457 0.9180399 0 -0.3964884 0.9180394 0 0.3964892 0.2795007 0 -0.9601455 0.3393322 0 0.9406667 0.8913683 0 -0.4532799 0.9410937 0 0.338146 0.2185533 0 -0.9758251 0.3978053 0 0.91747 0.8611819 0 -0.5082971 0.9604413 0 0.2784826 0.1567367 0 -0.9876405 0.4547037 0 0.8906428 0.8275964 0 -0.5613237 0.9760078 0 0.2177358 0.09429454 0 -0.9955444 0.5097886 0 0.8602998 0.7907413 0 -0.6121506 0.9877364 9.76681e-7 0.1561312 0.5628413 0 0.826565 0.7507601 0 -0.660575 0.9955794 9.66976e-7 0.09392398 0.6136651 0 0.7895665 0.7078051 0 -0.7064079 0.8843397 -0.1117172 0.45328 0.3366565 -0.0425294 -0.9406667 0.2772935 -0.03503048 0.9601464 0.9108008 -0.1150616 -0.3964883 0.9108005 -0.1150602 0.3964891 0.2772972 -0.03503048 -0.9601454 0.3366554 -0.04252952 0.940667 0.8843393 -0.1117182 -0.4532803 0.9336729 -0.1179501 0.3381461 0.2168315 -0.02739185 -0.9758247 0.3946677 -0.0498594 0.9174702 0.8543913 -0.107935 -0.508297 0.952868 -0.1203751 0.2784826 0.1555014 -0.01964426 -0.9876403 0.4511183 -0.05698907 0.8906428 0.8210705 -0.1037258 -0.5613238 0.9683116 -0.122327 0.217736 0.09354966 -0.01181793 -0.9955446 0.5057669 -0.0638929 0.860301 0.7845062 -0.0991066 -0.6121504 0.9799479 -0.1237953 0.1561313 0.5584049 -0.07054293 0.8265638 0.7448388 -0.09409552 -0.6605764 0.987729 -0.1247785 0.0939247 0.6088242 -0.07691192 0.7895681 0.7022243 -0.08871048 -0.7064074 0.9916272 -0.1252707 0.03135025 0.6568262 -0.0829764 0.7494627 0.6568251 -0.0829761 -0.7494637 0.9916272 -0.125271 -0.03135031 0.7022229 -0.08871155 0.7064088 0.6088233 -0.07691311 -0.7895687 0.987729 -0.1247796 -0.0939238 0.7448382 -0.09409606 0.6605769 0.5584039 -0.07054221 -0.8265646 0.9799479 -0.1237961 -0.1561301 0.7845053 -0.09910655 0.6121514 0.5057678 -0.06389367 -0.8603004 0.09354496 -0.01181793 0.995545 0.9683118 -0.1223259 -0.2177357 0.8210708 -0.1037251 0.5613235 0.4511173 -0.05698925 -0.8906433 0.155501 -0.0196442 0.9876405 0.9528681 -0.1203752 -0.2784823 0.8543921 -0.1079349 0.5082955 0.3946717 -0.04985761 -0.9174685 0.2168295 -0.02739185 0.9758251 0.9336732 -0.1179511 -0.338145 0.9643012 -0.2475913 0.09392499 0.5943848 -0.152612 0.7895673 0.6855678 -0.1760249 -0.7064079 0.9681071 -0.2485681 0.03135031 0.6412461 -0.1646445 0.7494636 0.6412487 -0.1646435 -0.7494617 0.9681071 -0.2485678 -0.0313493 0.6855673 -0.1760239 0.7064086 0.5943834 -0.1526116 -0.7895683 0.9643015 -0.2475904 -0.09392446 0.7271717 -0.1867054 0.6605774 0.5451599 -0.1399737 -0.826564 0.956705 -0.2456399 -0.1561301 0.7658973 -0.1966495 0.6121522 0.4937711 -0.1267784 -0.8603007 0.09132909 -0.02344959 0.9955447 0.9453448 -0.2427227 -0.217736 0.801596 -0.2058141 0.561324 0.440417 -0.1130805 -0.8906435 0.151816 -0.03897899 0.9876399 0.9302676 -0.2388514 -0.2784821 0.8341274 -0.2141669 0.5082953 0.3853098 -0.09893041 -0.917469 0.2116849 -0.05435228 0.9758256 0.9115278 -0.23404 -0.3381455 0.8633643 -0.2216732 0.4532804 0.3286685 -0.08438873 -0.9406676 0.2707161 -0.06950891 0.9601465 0.889198 -0.2283068 -0.3964883 0.8891979 -0.2283065 0.3964887 0.2707207 -0.06950849 -0.9601452 0.3286707 -0.08438771 0.9406669 0.8633638 -0.2216749 -0.4532806 0.9115278 -0.2340396 0.3381457 0.2116893 -0.05435204 -0.9758245 0.3853092 -0.09893107 0.917469 0.8341271 -0.2141667 -0.5082958 0.9302672 -0.2388525 0.2784824 0.1518145 -0.03897887 -0.9876402 0.4404187 -0.1130793 0.8906428 0.8015962 -0.2058133 -0.5613241 0.9453448 -0.2427226 0.2177364 0.09132945 -0.02344936 -0.9955446 0.4937701 -0.1267789 0.8603013 0.7658993 -0.1966481 -0.6121504 0.9567047 -0.2456409 0.1561303 0.5451592 -0.1399718 0.8265649 0.7271727 -0.1867057 -0.6605762 0.8007077 -0.3170225 0.5082952 0.3698717 -0.1464432 -0.9174691 0.2032061 -0.08045482 0.975825 0.8750065 -0.3464411 -0.3381451 0.8287736 -0.3281334 0.45328 0.3155031 -0.1249164 -0.9406667 0.2598718 -0.1028906 0.960146 0.8535728 -0.3379521 -0.3964872 0.8535717 -0.3379526 0.3964891 0.2598727 -0.1028903 -0.9601457 0.3155021 -0.1249166 0.940667 0.8287724 -0.3281353 -0.4532811 0.8750067 -0.3464393 0.3381466 0.2032062 -0.08045506 -0.975825 0.3698716 -0.1464424 0.9174692 0.800707 -0.3170227 -0.5082961 0.8929957 -0.3535618 0.278483 0.1457309 -0.05769872 -0.9876403 0.422775 -0.1673873 0.8906418 0.7694789 -0.3046587 -0.5613247 0.9074692 -0.3592918 0.2177364 0.0876674 -0.03471136 -0.9955449 0.4739886 -0.1876654 0.8603003 0.7352117 -0.2910923 -0.6121513 0.9183744 -0.3636094 0.1561302 0.5233154 -0.2071965 0.8265656 0.6980389 -0.2763724 -0.6605755 0.9256665 -0.3664965 0.0939247 0.5705706 -0.2259044 0.7895673 0.6581005 -0.2605601 -0.706408 0.9293195 -0.3679435 0.03134959 0.6155537 -0.2437158 0.749464 0.6155572 -0.2437148 -0.7494614 0.9293195 -0.3679437 -0.03135025 0.6580997 -0.2605602 0.7064086 0.5705704 -0.2259042 -0.7895675 0.9256665 -0.3664969 -0.09392446 0.6980368 -0.276372 0.6605779 0.5233179 -0.2071952 -0.8265643 0.9183747 -0.363609 -0.1561298 0.735212 -0.2910909 0.6121515 0.4739886 -0.1876652 -0.8603003 0.0876742 -0.03471118 0.9955443 0.9074689 -0.3592926 -0.2177363 0.7694799 -0.3046587 0.5613232 0.4227703 -0.1673877 -0.8906441 0.1457288 -0.0576986 0.9876407 0.8929963 -0.3535612 -0.278482 0.8655597 -0.4758466 0.1561297 0.4932228 -0.2711507 0.8265643 0.6578957 -0.3616806 -0.6605758 0.872433 -0.479624 0.0939238 0.5377572 -0.295635 0.7895678 0.6202547 -0.3409871 -0.7064078 0.8758762 -0.4815164 0.03135061 0.5801554 -0.3189433 0.7494631 0.5801566 -0.318943 -0.7494623 0.8758758 -0.4815173 -0.03135073 0.6202536 -0.3409876 0.7064085 0.5377578 -0.2956342 -0.7895676 0.8724328 -0.4796243 -0.0939235 0.6578937 -0.3616816 0.6605774 0.4932205 -0.2711513 -0.8265655 0.8655602 -0.4758455 -0.1561305 0.6929302 -0.3809425 0.6121523 0.4467312 -0.2455917 -0.8603 0.082632 -0.04542541 0.9955444 0.8552818 -0.4701957 -0.2177366 0.7252287 -0.3986963 0.5613241 0.3984608 -0.2190543 -0.8906425 0.1373502 -0.07550841 0.9876403 0.8416414 -0.4626961 -0.2784819 0.7546606 -0.414878 0.508295 0.3486027 -0.1916448 -0.9174685 0.1915189 -0.1052888 0.9758251 0.8246875 -0.4533745 -0.3381454 0.781112 -0.4294188 0.4532808 0.2973595 -0.1634742 -0.9406665 0.2449271 -0.1346495 0.960146 0.8044851 -0.4422684 -0.3964876 0.8044841 -0.44227 0.3964879 0.2449287 -0.1346498 -0.9601455 0.2973601 -0.1634743 0.9406664 0.7811116 -0.4294198 -0.4532806 0.824686 -0.4533758 0.3381471 0.1915208 -0.1052891 -0.9758248 0.3485978 -0.1916446 0.9174704 0.7546595 -0.4148776 -0.5082967 0.841641 -0.4626962 0.278483 0.1373491 -0.07550841 -0.9876405 0.3984575 -0.2190552 0.8906438 0.7252281 -0.3986976 -0.5613239 0.8552822 -0.4701949 0.2177366 0.08263629 -0.04542565 -0.995544 0.4467296 -0.2455922 0.8603006 0.6929325 -0.3809416 -0.6121505 0.4553483 -0.33083 -0.8265649 0.7990952 -0.5805777 -0.1561304 0.6397224 -0.4647856 0.6121517 0.4124268 -0.2996455 -0.8603004 0.0762754 -0.05542361 0.9955452 0.7896066 -0.5736827 -0.2177371 0.6695389 -0.4864492 0.5613242 0.3678621 -0.2672675 -0.8906434 0.1268053 -0.09212744 0.9876402 0.7770135 -0.5645328 -0.2784833 0.6967114 -0.5061896 0.5082967 0.321834 -0.2338252 -0.9174686 0.1768082 -0.128463 0.975826 0.7613609 -0.5531612 -0.3381456 0.7211314 -0.5239325 0.4532818 0.274525 -0.1994538 -0.9406669 0.2261184 -0.1642856 0.9601462 0.7427105 -0.5396102 -0.3964871 0.7427096 -0.5396098 0.3964892 0.2261186 -0.1642854 -0.9601463 0.2745272 -0.1994544 0.9406661 0.7211323 -0.5239328 -0.45328 0.7613607 -0.553161 0.3381462 0.1768133 -0.1284626 -0.9758251 0.3218312 -0.233825 0.9174697 0.6967117 -0.5061908 -0.5082949 0.7770134 -0.5645334 0.2784825 0.1268028 -0.09212774 -0.9876405 0.3678603 -0.2672674 0.8906441 0.6695396 -0.486449 -0.5613237 0.7896069 -0.573683 0.217736 0.07628613 -0.05542349 -0.9955444 0.4124267 -0.2996459 0.8603003 0.6397233 -0.4647854 -0.6121508 0.7990965 -0.5805761 0.1561295 0.4553477 -0.3308302 0.8265652 0.6073765 -0.4412841 -0.6605772 0.8054411 -0.5851863 0.09392392 0.4964638 -0.3607015 0.7895684 0.5726265 -0.416036 -0.7064086 0.80862 -0.5874954 0.03135061 0.5356059 -0.389141 0.7494636 0.5356069 -0.3891416 -0.7494626 0.8086194 -0.5874962 -0.03135198 0.5726254 -0.416038 0.7064083 0.4964648 -0.3607023 -0.7895674 0.8054408 -0.5851867 -0.09392446 0.6073758 -0.4412854 0.660577 0.2899888 -0.2723178 0.9174692 0.6277753 -0.5895198 -0.5082958 0.7001313 -0.6574677 0.2784826 0.1142558 -0.1072937 -0.9876405 0.3314666 -0.3112656 0.8906422 0.6032915 -0.5665286 -0.5613243 0.7114793 -0.6681233 0.2177352 0.06873953 -0.06454741 -0.9955443 0.3716194 -0.3489731 0.8603004 0.5764257 -0.5412994 -0.6121506 0.7200294 -0.6761519 0.1561294 0.4102936 -0.3852921 0.8265648 0.5472792 -0.5139301 -0.6605767 0.7257459 -0.6815212 0.09392398 0.4473397 -0.4200824 0.7895681 0.5159671 -0.4845254 -0.7064086 0.72861 -0.684211 0.03135055 0.4826113 -0.4532022 0.7494626 0.4826117 -0.4532025 -0.7494621 0.7286106 -0.6842103 -0.03135091 0.5159684 -0.4845261 0.7064072 0.4473415 -0.4200799 -0.7895686 0.7257462 -0.6815209 -0.09392446 0.5472795 -0.5139297 0.6605766 0.4102947 -0.3852912 -0.8265646 0.720029 -0.6761518 -0.1561316 0.5764241 -0.5412999 0.6121519 0.37162 -0.3489735 -0.8603 0.06873601 -0.06454753 0.9955446 0.7114792 -0.6681234 -0.2177352 0.6032917 -0.5665273 0.5613253 0.3314635 -0.3112661 -0.8906433 0.1142531 -0.1072939 0.9876407 0.7001317 -0.6574671 -0.2784827 0.6277751 -0.5895198 0.5082962 0.2899897 -0.2723178 -0.9174688 0.159322 -0.1496102 0.9758244 0.686029 -0.6442224 -0.3381446 0.6497803 -0.6101826 0.45328 0.2473623 -0.2322888 -0.9406667 0.2037464 -0.1913302 0.960146 0.669222 -0.6284423 -0.3964875 0.6692227 -0.6284416 0.3964872 0.2037472 -0.19133 -0.9601458 0.247362 -0.2322887 0.9406669 0.6497791 -0.610183 -0.4532814 0.6860266 -0.6442236 0.3381474 0.1593192 -0.1496101 -0.975825 0.3911634 -0.4728359 -0.789568 0.6346065 -0.7671067 -0.09392547 0.4785517 -0.5784698 0.6605764 0.3587698 -0.4336769 -0.8265644 0.6296075 -0.7610636 -0.1561301 0.5040367 -0.6092765 0.6121513 0.3249515 -0.3927974 -0.8603004 0.06010782 -0.07265329 0.9955444 0.6221308 -0.7520272 -0.2177351 0.5275294 -0.6376731 0.561325 0.2898389 -0.3503548 -0.890643 0.09991014 -0.1207677 0.9876403 0.6122086 -0.7400324 -0.2784832 0.5489391 -0.6635522 0.5082957 0.2535728 -0.3065156 -0.9174689 0.1393125 -0.1683983 0.9758249 0.5998757 -0.7251245 -0.3381476 0.5681794 -0.6868105 0.4532808 0.2162964 -0.2614603 -0.940667 0.1781609 -0.2153579 0.9601457 0.5851811 -0.7073622 -0.3964871 0.5851802 -0.7073615 0.3964895 0.1781604 -0.2153577 -0.9601459 0.2162986 -0.2614591 0.9406668 0.5681794 -0.6868118 -0.453279 0.5998757 -0.7251251 0.3381459 0.1393092 -0.1683986 -0.9758252 0.2535707 -0.3065155 0.9174695 0.5489388 -0.6635528 -0.5082951 0.6122078 -0.7400328 0.2784836 0.09990847 -0.1207677 -0.9876405 0.2898384 -0.3503544 0.8906434 0.5275287 -0.637674 -0.5613247 0.6221311 -0.7520264 0.2177367 0.06009638 -0.07265347 -0.9955451 0.3249502 -0.3927983 0.8603006 0.5040383 -0.6092747 -0.6121518 0.6296066 -0.7610639 0.156132 0.3587676 -0.4336774 0.8265652 0.4785524 -0.5784701 -0.6605755 0.6346063 -0.767107 0.0939238 0.3911625 -0.4728361 0.7895683 0.4511718 -0.545373 -0.7064082 0.6371114 -0.7701339 0.03135156 0.4220033 -0.5101162 0.749463 0.4220057 -0.5101152 -0.7494623 0.6371108 -0.7701344 -0.03135108 0.4511719 -0.5453726 0.7064082 0.1818238 -0.286507 0.9406667 0.477619 -0.7526075 -0.4532793 0.5042634 -0.7945913 0.3381465 0.1171115 -0.1845307 -0.9758244 0.2131551 -0.3358799 0.9174692 0.461445 -0.7271208 -0.5082952 0.5146306 -0.810927 0.2784834 0.08397608 -0.1323373 -0.9876411 0.2436422 -0.3839182 0.8906432 0.4434473 -0.6987612 -0.5613265 0.5229712 -0.8240703 0.2177367 0.05051743 -0.07961362 -0.9955449 0.2731569 -0.4304272 0.860301 0.4237011 -0.6676436 -0.6121516 0.5292565 -0.8339735 0.1561283 0.3015863 -0.4752228 0.8265646 0.4022778 -0.6338866 -0.6605758 0.5334583 -0.8405954 0.0939241 0.3288162 -0.5181316 0.7895692 0.3792616 -0.5976191 -0.7064079 0.5355632 -0.8439131 0.0313515 0.3547424 -0.5589848 0.7494624 0.3547424 -0.5589836 -0.7494634 0.5355641 -0.8439125 -0.0313515 0.3792613 -0.5976205 0.706407 0.3288174 -0.5181333 -0.7895676 0.5334585 -0.8405953 -0.09392356 0.4022753 -0.6338862 0.6605777 0.3015863 -0.4752224 -0.8265649 0.5292556 -0.8339735 -0.1561308 0.4236992 -0.6676446 0.6121518 0.2731592 -0.4304285 -0.8602997 0.05053639 -0.07961344 0.995544 0.5229712 -0.8240703 -0.217737 0.443449 -0.6987624 0.5613236 0.243642 -0.3839182 -0.8906432 0.08398348 -0.1323373 0.9876405 0.5146305 -0.8109278 -0.2784808 0.461445 -0.7271199 0.5082964 0.2131571 -0.3358799 -0.9174688 0.1171127 -0.1845307 0.9758242 0.5042631 -0.7945913 -0.3381475 0.4776195 -0.7526068 0.45328 0.1818236 -0.2865073 -0.9406667 0.149764 -0.235989 0.9601458 0.4919108 -0.7751264 -0.3964884 0.4919105 -0.7751268 0.3964878 0.1497618 -0.235989 -0.9601461 0.2818864 -0.5990368 -0.7494631 0.4255701 -0.9043821 -0.03135645 0.3013687 -0.6404407 0.7064083 0.2612858 -0.5552598 -0.7895672 0.4238969 -0.9008273 -0.09392344 0.3196563 -0.679307 0.6605771 0.2396474 -0.509274 -0.8265646 0.4205579 -0.8937307 -0.1561303 0.3366802 -0.7154825 0.6121529 0.2170577 -0.4612699 -0.8603001 0.04015827 -0.08531802 0.9955441 0.415564 -0.8831179 -0.217737 0.3523736 -0.7488314 0.5613238 0.1936029 -0.4114269 -0.8906435 0.06673872 -0.1418199 0.9876402 0.4089367 -0.8690336 -0.2784805 0.3666739 -0.7792201 0.5082975 0.1693782 -0.359947 -0.917469 0.0930562 -0.1977533 0.975825 0.400699 -0.8515268 -0.3381457 0.3795269 -0.8065347 0.4532782 0.1444794 -0.3070367 -0.9406669 0.1190058 -0.2528983 0.9601458 0.3908829 -0.8306682 -0.3964862 0.3908823 -0.8306659 0.3964911 0.119005 -0.2528984 -0.960146 0.144481 -0.3070367 0.9406667 0.3795263 -0.8065341 -0.4532797 0.4006978 -0.8515274 0.3381455 0.09305602 -0.1977533 -0.975825 0.1693767 -0.3599466 0.9174693 0.3666738 -0.7792219 -0.5082949 0.4089357 -0.8690326 0.2784852 0.06673556 -0.1418197 -0.9876404 0.193603 -0.411427 0.8906435 0.3523731 -0.7488309 -0.5613248 0.4155644 -0.8831178 0.2177368 0.04014855 -0.08531814 -0.9955446 0.2170568 -0.4612695 0.8603004 0.3366814 -0.715483 -0.6121518 0.4205582 -0.8937306 0.1561301 0.2396452 -0.5092744 0.8265651 0.3196589 -0.679307 -0.6605757 0.4238972 -0.9008272 0.09392267 0.2612848 -0.5552588 0.7895683 0.301369 -0.6404413 -0.7064076 0.42557 -0.9043822 0.03135156 0.2818853 -0.5990378 0.7494628 0.08637046 -0.2658197 0.9601458 0.2836906 -0.873108 -0.3964872 0.2836903 -0.8731079 0.3964877 0.0863682 -0.2658197 -0.9601461 0.104862 -0.3227233 0.9406666 0.275448 -0.8477421 -0.453279 0.2908136 -0.8950322 0.3381491 0.06753754 -0.2078567 -0.975825 0.12293 -0.3783373 0.9174689 0.2661206 -0.8190326 -0.5082967 0.296793 -0.9134342 0.2784814 0.04843324 -0.1490656 -0.9876405 0.1405084 -0.4324479 0.8906437 0.2557412 -0.7870895 -0.561326 0.3016028 -0.9282379 0.2177388 0.02913552 -0.08967727 -0.9955447 0.1575321 -0.4848367 0.8603006 0.2443529 -0.7520396 -0.6121504 0.3052281 -0.9393936 0.1561263 0.1739263 -0.5352934 0.8265657 0.2319979 -0.7140134 -0.6605769 0.3076509 -0.9468523 0.09392422 0.1896324 -0.5836282 0.7895681 0.2187244 -0.6731621 -0.7064082 0.3088655 -0.950589 0.03135156 0.2045828 -0.6296433 0.7494633 0.2045845 -0.6296446 -0.7494617 0.3088651 -0.950589 -0.03135305 0.2187228 -0.6731621 0.7064087 0.1896324 -0.583629 -0.7895675 0.3076514 -0.9468522 -0.0939235 0.2319964 -0.7140141 0.6605768 0.1739286 -0.5352942 -0.8265646 0.3052274 -0.9393932 -0.156131 0.244352 -0.7520386 0.6121519 0.1575337 -0.4848373 -0.8603 0.02913445 -0.08967715 0.9955447 0.3016033 -0.9282382 -0.2177368 0.2557419 -0.7870899 0.5613251 0.1405106 -0.4324482 -0.8906432 0.04843753 -0.1490657 0.9876403 0.2967927 -0.913434 -0.2784825 0.2661201 -0.8190334 0.5082958 0.1229273 -0.3783372 -0.9174693 0.06753665 -0.2078571 0.9758249 0.2908142 -0.8950333 -0.3381458 0.2754484 -0.8477414 0.4532801 0.1048586 -0.3227235 -0.940667 0.1326288 -0.6952673 -0.7064085 0.1872894 -0.9818043 0.03135347 0.1240549 -0.6503199 0.7494628 0.124055 -0.65032 -0.7494627 0.1872894 -0.9818044 -0.03135174 0.1326305 -0.6952686 0.7064069 0.1149908 -0.6027932 -0.789568 0.1865531 -0.977945 -0.0939235 0.1406781 -0.7374594 0.660578 0.1054663 -0.5528715 -0.8265652 0.1850835 -0.9702408 -0.1561313 0.1481693 -0.7767342 0.6121519 0.09552413 -0.5007578 -0.8603004 0.01766663 -0.09262192 0.9955446 0.1828857 -0.9587193 -0.2177388 0.1550768 -0.8129361 0.5613254 0.08520519 -0.4466488 -0.8906431 0.02936995 -0.1539606 0.9876404 0.1799689 -0.94343 -0.2784801 0.1613699 -0.8459291 0.5082949 0.07454222 -0.3907612 -0.917469 0.04095762 -0.2146825 0.9758248 0.1763438 -0.9244237 -0.3381475 0.1670261 -0.8755805 0.4532782 0.06358557 -0.3333209 -0.9406668 0.05237132 -0.2745486 0.9601461 0.1720238 -0.9017782 -0.3964898 0.1720236 -0.9017791 0.3964877 0.05237448 -0.2745485 -0.9601459 0.06358557 -0.3333215 0.9406667 0.1670259 -0.87558 -0.4532791 0.1763436 -0.9244245 0.3381457 0.04094916 -0.2146825 -0.9758251 0.07454204 -0.390761 0.9174691 0.1613693 -0.8459272 -0.5082982 0.179969 -0.9434289 0.2784833 0.02936667 -0.1539606 -0.9876405 0.08520227 -0.4466485 0.8906434 0.1550759 -0.8129369 -0.5613246 0.1828854 -0.9587197 0.2177374 0.01766997 -0.09262204 -0.9955446 0.09552383 -0.5007581 0.8603003 0.1481699 -0.7767346 -0.6121512 0.1850836 -0.9702415 0.1561263 0.1054649 -0.552872 0.8265652 0.1406779 -0.7374596 -0.6605779 0.186553 -0.9779449 0.09392422 0.1149884 -0.6027942 0.7895676 0.01372092 -0.2181224 0.9758251 0.05909192 -0.9392361 -0.3381475 0.05596959 -0.8896093 0.4532799 0.02130746 -0.3386623 -0.9406667 0.01754915 -0.2789478 0.9601459 0.05764389 -0.9162287 -0.3964874 0.0576443 -0.9162285 0.3964876 0.0175504 -0.2789478 -0.9601459 0.02130591 -0.3386618 0.9406669 0.05596941 -0.889609 -0.4532807 0.05909156 -0.9392361 0.3381479 0.01372379 -0.2181223 -0.975825 0.02498072 -0.3970221 0.9174691 0.05407398 -0.8594828 -0.5082966 0.06030666 -0.9585465 0.2784814 0.009840726 -0.1564276 -0.9876405 0.02855002 -0.4538053 0.8906434 0.05196541 -0.8259639 -0.5613229 0.06128442 -0.9740818 0.2177363 0.005920648 -0.09410613 -0.9955446 0.03201037 -0.5087809 0.8603008 0.04965174 -0.7891789 -0.6121532 0.06202054 -0.9857881 0.1561264 0.03533953 -0.5617293 0.8265661 0.04714006 -0.7492779 -0.6605759 0.06251299 -0.9936147 0.09392571 0.03853136 -0.6124522 0.7895681 0.04444301 -0.7064097 -0.7064066 0.06275969 -0.9975361 0.03135347 0.04157125 -0.6607402 0.7494626 0.04157006 -0.6607408 -0.7494621 0.06275969 -0.9975361 -0.03135335 0.04444348 -0.7064094 0.7064069 0.03853213 -0.6124513 -0.7895689 0.06251299 -0.993615 -0.0939235 0.04714065 -0.7492772 0.6605766 0.03534191 -0.5617319 -0.826564 0.06202059 -0.9857879 -0.1561275 0.04965043 -0.7891787 0.6121535 0.03201061 -0.5087838 -0.8602991 0.005917906 -0.09410613 0.9955446 0.06128394 -0.9740808 -0.2177407 0.05196517 -0.8259621 0.5613256 0.02855259 -0.4538053 -0.8906434 0.009839355 -0.1564276 0.9876405 0.06030708 -0.9585464 -0.2784814 0.05407488 -0.8594835 0.5082952 0.02497678 -0.3970226 -0.917469 -0.04714065 -0.7492771 -0.6605768 -0.06251251 -0.993615 0.09392279 -0.03853166 -0.6124523 0.789568 -0.0444436 -0.7064089 -0.7064073 -0.06275969 -0.9975361 0.03135347 -0.04157012 -0.6607403 0.7494626 -0.04157006 -0.6607408 -0.7494622 -0.06275969 -0.9975361 -0.03135377 -0.04444247 -0.7064087 0.7064076 -0.03853213 -0.6124519 -0.7895683 -0.06251299 -0.993615 -0.0939235 -0.04714012 -0.7492786 0.6605751 -0.03533989 -0.5617305 -0.8265652 -0.06202006 -0.9857879 -0.1561276 -0.04965037 -0.7891774 0.612155 -0.03201055 -0.5087821 -0.8603001 -0.005917906 -0.09410613 0.9955446 -0.06128394 -0.9740812 -0.2177388 -0.05196464 -0.8259636 0.5613235 -0.02855187 -0.4538056 -0.8906433 -0.009841501 -0.1564276 0.9876404 -0.06030642 -0.9585465 -0.2784811 -0.05407428 -0.8594834 0.5082955 -0.02497905 -0.3970226 -0.917469 -0.01372092 -0.2181223 0.9758251 -0.0590915 -0.9392362 -0.3381475 -0.05596959 -0.8896094 0.4532799 -0.02130746 -0.3386625 -0.9406667 -0.01754903 -0.2789477 0.960146 -0.05764412 -0.916229 -0.3964868 -0.05764406 -0.9162294 0.3964859 -0.0175504 -0.2789478 -0.9601459 -0.02130728 -0.3386619 0.9406669 -0.05596882 -0.8896082 -0.4532824 -0.05909144 -0.9392359 0.3381482 -0.01372319 -0.2181223 -0.975825 -0.02497828 -0.3970223 0.9174691 -0.05407404 -0.8594837 -0.5082949 -0.06030637 -0.9585465 0.2784814 -0.009838461 -0.1564277 -0.9876405 -0.02854889 -0.4538052 0.8906435 -0.05196535 -0.8259628 -0.5613245 -0.061284 -0.9740817 0.2177368 -0.005920648 -0.09410613 -0.9955446 -0.03201061 -0.5087827 0.8602997 -0.04965054 -0.7891795 -0.6121525 -0.06202054 -0.9857878 0.1561283 -0.03534138 -0.56173 0.8265655 -0.0293647 -0.1539607 0.9876406 -0.1799687 -0.9434298 -0.2784808 -0.1613695 -0.8459301 0.5082935 -0.07454162 -0.3907611 -0.917469 -0.04094743 -0.2146826 0.9758251 -0.1763434 -0.9244245 -0.3381456 -0.1670257 -0.8755797 0.4532799 -0.06358307 -0.3333215 -0.9406668 -0.05237179 -0.2745487 0.960146 -0.1720239 -0.9017791 -0.3964875 -0.1720232 -0.90178 0.3964859 -0.05237138 -0.2745486 -0.960146 -0.06358391 -0.333321 0.9406669 -0.1670252 -0.8755779 -0.4532836 -0.1763429 -0.9244236 0.3381482 -0.04095637 -0.2146824 -0.9758249 -0.07454067 -0.3907607 0.9174693 -0.1613697 -0.8459292 -0.5082949 -0.1799688 -0.9434296 0.2784814 -0.0293712 -0.1539606 -0.9876404 -0.08520275 -0.4466481 0.8906435 -0.1550758 -0.8129369 -0.5613245 -0.1828853 -0.9587191 0.2177401 -0.01766997 -0.09262198 -0.9955446 -0.09552395 -0.5007586 0.8603 -0.1481698 -0.7767337 -0.6121523 -0.185083 -0.9702407 0.1561321 -0.1054667 -0.5528717 0.8265652 -0.1406778 -0.7374592 -0.6605784 -0.186553 -0.977945 0.09392285 -0.1149897 -0.6027926 0.7895686 -0.1326297 -0.6952685 -0.7064072 -0.1872888 -0.9818044 0.03135347 -0.124055 -0.6503208 0.749462 -0.1240549 -0.6503193 -0.7494633 -0.1872893 -0.9818043 -0.03135466 -0.1326292 -0.6952691 0.7064067 -0.1149892 -0.602793 -0.7895684 -0.1865527 -0.977945 -0.0939235 -0.1406783 -0.7374607 0.6605765 -0.1054656 -0.5528724 -0.8265647 -0.1850834 -0.9702413 -0.1561287 -0.1481699 -0.7767341 0.6121519 -0.09552592 -0.5007578 -0.8603003 -0.01766711 -0.09262204 0.9955446 -0.1828856 -0.9587206 -0.2177333 -0.1550761 -0.812936 0.5613258 -0.08520317 -0.4466485 -0.8906434 -0.2443519 -0.7520388 -0.6121517 -0.3052271 -0.9393936 0.1561283 -0.1739282 -0.5352939 0.8265649 -0.2319977 -0.7140144 -0.660576 -0.3076505 -0.9468529 0.09392023 -0.1896326 -0.5836267 0.7895691 -0.2187241 -0.6731638 -0.7064067 -0.3088649 -0.950589 0.03135538 -0.204583 -0.6296439 0.7494627 -0.2045844 -0.6296443 -0.7494621 -0.3088651 -0.9505891 -0.03135228 -0.218724 -0.6731635 0.7064069 -0.1896305 -0.583628 -0.7895687 -0.307651 -0.9468524 -0.0939235 -0.2319959 -0.714013 0.6605781 -0.173927 -0.5352945 -0.8265647 -0.305227 -0.9393936 -0.1561283 -0.244351 -0.7520378 0.6121535 -0.1575338 -0.4848378 -0.8602997 -0.02913445 -0.08967721 0.9955447 -0.3016024 -0.9282381 -0.2177388 -0.2557409 -0.7870895 0.5613259 -0.1405096 -0.4324485 -0.8906434 -0.04843562 -0.1490657 0.9876404 -0.2967924 -0.9134339 -0.278483 -0.2661198 -0.8190336 0.5082954 -0.1229306 -0.3783373 -0.9174688 -0.06753784 -0.2078571 0.9758248 -0.2908139 -0.8950328 -0.3381474 -0.2754474 -0.8477399 0.4532834 -0.1048562 -0.3227241 -0.940667 -0.0863704 -0.2658197 0.9601458 -0.2836905 -0.8731075 -0.3964884 -0.2836899 -0.8731075 0.3964887 -0.08637118 -0.2658195 -0.9601459 -0.1048607 -0.3227237 0.9406667 -0.2754477 -0.8477411 -0.4532809 -0.290814 -0.8950333 0.3381458 -0.0675404 -0.2078567 -0.9758248 -0.1229311 -0.3783369 0.9174689 -0.2661206 -0.8190346 -0.5082933 -0.2967928 -0.9134343 0.2784815 -0.0484333 -0.1490656 -0.9876405 -0.1405104 -0.4324469 0.8906439 -0.2557407 -0.7870916 -0.561323 -0.3016031 -0.9282386 0.2177354 -0.02913546 -0.08967721 -0.9955447 -0.1575314 -0.4848376 0.8603001 -0.04014301 -0.08531808 0.9955449 -0.4155632 -0.8831179 -0.2177389 -0.352373 -0.7488302 0.5613259 -0.193603 -0.4114275 -0.8906432 -0.0667358 -0.1418198 0.9876404 -0.408936 -0.8690335 -0.2784817 -0.3666739 -0.7792214 0.5082955 -0.1693803 -0.3599464 -0.9174688 -0.0930562 -0.1977533 0.975825 -0.4006977 -0.8515267 -0.3381475 -0.379526 -0.8065333 0.4532815 -0.1444769 -0.307037 -0.9406672 -0.1190038 -0.2528985 0.9601461 -0.3908825 -0.8306674 -0.3964878 -0.3908823 -0.8306685 0.3964858 -0.1190058 -0.2528985 -0.9601459 -0.1444839 -0.3070363 0.9406663 -0.3795258 -0.8065342 -0.45328 -0.4006978 -0.8515266 0.3381476 -0.093055 -0.1977531 -0.975825 -0.1693772 -0.3599471 0.917469 -0.3666731 -0.7792233 -0.5082932 -0.4089357 -0.8690337 0.2784816 -0.06673681 -0.1418197 -0.9876403 -0.1936027 -0.4114267 0.8906437 -0.3523728 -0.7488325 -0.5613229 -0.4155634 -0.883118 0.2177382 -0.04015618 -0.08531814 -0.9955443 -0.217058 -0.4612702 0.8602997 -0.3366808 -0.7154822 -0.6121529 -0.4205574 -0.8937315 0.1561264 -0.239645 -0.5092737 0.8265656 -0.3196579 -0.6793062 -0.6605771 -0.4238971 -0.9008275 0.09392082 -0.2612844 -0.5552583 0.7895687 -0.3013699 -0.6404413 -0.7064073 -0.4255697 -0.9043825 0.03135156 -0.2818853 -0.5990378 0.7494628 -0.2818867 -0.5990375 -0.7494625 -0.4255697 -0.9043823 -0.03135496 -0.3013685 -0.6404425 0.7064067 -0.2612852 -0.5552586 -0.7895681 -0.4238967 -0.9008275 -0.09392356 -0.3196565 -0.6793067 0.6605771 -0.2396459 -0.5092739 -0.8265652 -0.4205576 -0.8937308 -0.1561299 -0.3366804 -0.7154833 0.612152 -0.2170563 -0.4612706 -0.8603 -0.4434486 -0.698762 -0.5613244 -0.522971 -0.8240702 0.2177377 -0.05052506 -0.0796135 -0.9955446 -0.2731568 -0.4304292 0.8603 -0.4236998 -0.667644 -0.612152 -0.5292553 -0.8339741 0.1561282 -0.3015863 -0.4752228 0.8265646 -0.4022759 -0.6338868 -0.6605768 -0.5334579 -0.8405959 0.09392178 -0.3288158 -0.5181328 0.7895687 -0.3792623 -0.5976208 -0.7064062 -0.5355632 -0.843913 0.03135538 -0.3547424 -0.5589858 0.7494618 -0.3547422 -0.5589834 -0.7494635 -0.5355638 -0.8439127 -0.03135275 -0.3792602 -0.59762 0.7064078 -0.3288177 -0.5181322 -0.7895683 -0.5334581 -0.8405956 -0.09392344 -0.4022758 -0.633886 0.6605775 -0.3015858 -0.4752224 -0.8265651 -0.5292562 -0.8339738 -0.156127 -0.4236987 -0.6676439 0.6121529 -0.2731596 -0.4304285 -0.8602995 -0.05052107 -0.07961356 0.9955447 -0.5229701 -0.8240705 -0.2177388 -0.4434479 -0.698761 0.5613262 -0.2436416 -0.3839178 -0.8906437 -0.08398348 -0.1323375 0.9876405 -0.51463 -0.8109276 -0.2784826 -0.4614449 -0.7271208 0.5082952 -0.213159 -0.3358796 -0.9174684 -0.1171077 -0.184531 0.9758248 -0.5042628 -0.7945911 -0.3381477 -0.4776186 -0.7526062 0.4532818 -0.1818238 -0.2865075 -0.9406666 -0.149764 -0.235989 0.9601458 -0.4919101 -0.7751265 -0.3964887 -0.4919101 -0.7751272 0.3964875 -0.1497647 -0.235989 -0.9601457 -0.1818222 -0.2865074 0.9406669 -0.477619 -0.7526075 -0.4532795 -0.5042625 -0.7945913 0.3381482 -0.1171038 -0.1845309 -0.9758253 -0.2131534 -0.3358797 0.9174696 -0.4614449 -0.727122 -0.5082935 -0.5146312 -0.8109279 0.2784797 -0.08397608 -0.1323374 -0.9876411 -0.2436439 -0.3839175 0.8906431 -0.6296072 -0.7610642 -0.1561284 -0.5040355 -0.6092759 0.6121528 -0.3249526 -0.3927988 -0.8602994 -0.06009256 -0.07265347 0.9955453 -0.6221304 -0.7520263 -0.217739 -0.5275294 -0.6376739 0.5613241 -0.2898363 -0.3503543 -0.8906441 -0.09991192 -0.1207678 0.98764 -0.6122087 -0.7400327 -0.278482 -0.5489386 -0.6635528 0.5082954 -0.2535709 -0.3065159 -0.9174693 -0.1393075 -0.1683987 0.9758254 -0.5998759 -0.7251252 -0.3381454 -0.5681781 -0.6868118 0.4532806 -0.2163012 -0.2614595 -0.9406661 -0.1781609 -0.2153579 0.9601457 -0.5851804 -0.7073621 -0.3964884 -0.5851807 -0.7073621 0.3964878 -0.1781572 -0.2153579 -0.9601463 -0.2162958 -0.2614603 0.9406671 -0.5681797 -0.6868101 -0.4532811 -0.5998747 -0.7251254 0.3381471 -0.139309 -0.1683984 -0.9758254 -0.2535721 -0.3065159 0.9174689 -0.5489386 -0.6635538 -0.5082939 -0.612208 -0.7400335 0.2784814 -0.09991353 -0.120768 -0.9876399 -0.2898395 -0.3503538 0.8906431 -0.5275288 -0.6376737 -0.5613249 -0.6221303 -0.7520266 0.2177387 -0.06010395 -0.07265335 -0.9955447 -0.3249489 -0.3927997 0.8603004 -0.5040362 -0.6092749 -0.6121534 -0.6296072 -0.7610643 0.1561284 -0.3587682 -0.4336762 0.8265654 -0.4785526 -0.5784696 -0.6605758 -0.634606 -0.7671075 0.09392201 -0.3911639 -0.4728355 0.7895678 -0.451173 -0.5453736 -0.706407 -0.6371105 -0.7701346 0.03135347 -0.4220046 -0.5101159 0.7494624 -0.4220041 -0.510115 -0.7494634 -0.6371104 -0.7701347 -0.03135287 -0.451172 -0.5453743 0.706407 -0.3911632 -0.4728353 -0.7895685 -0.6346067 -0.7671071 -0.09392166 -0.4785509 -0.5784689 0.6605777 -0.3587675 -0.4336769 -0.8265653 -0.6277748 -0.5895207 -0.5082954 -0.7001317 -0.6574676 0.2784815 -0.1142557 -0.1072938 -0.9876405 -0.3314636 -0.3112654 0.8906435 -0.6032907 -0.5665278 -0.5613259 -0.7114782 -0.6681233 0.2177383 -0.06873947 -0.06454747 -0.9955443 -0.3716183 -0.3489745 0.8603003 -0.5764244 -0.5412982 -0.6121529 -0.7200289 -0.6761524 0.1561293 -0.4102933 -0.3852909 0.8265655 -0.5472793 -0.5139296 -0.6605769 -0.7257458 -0.6815214 0.09392374 -0.447342 -0.4200807 0.789568 -0.5159676 -0.4845266 -0.7064075 -0.7286098 -0.6842111 0.03135251 -0.4826104 -0.453202 0.7494633 -0.4826114 -0.4532023 -0.7494624 -0.7286101 -0.6842107 -0.03135347 -0.5159668 -0.4845265 0.7064081 -0.4473411 -0.4200818 -0.7895678 -0.7257463 -0.6815212 -0.0939216 -0.5472785 -0.5139296 0.6605775 -0.4102928 -0.3852913 -0.8265655 -0.7200289 -0.6761528 -0.1561279 -0.5764236 -0.5412992 0.6121529 -0.3716221 -0.3489746 -0.8602987 -0.06873595 -0.06454735 0.9955446 -0.711479 -0.6681227 -0.217738 -0.6032919 -0.566529 0.5613234 -0.3314626 -0.3112647 -0.8906441 -0.114255 -0.1072937 0.9876406 -0.7001317 -0.6574674 -0.2784821 -0.6277762 -0.5895197 0.5082948 -0.2899895 -0.2723177 -0.9174689 -0.1593168 -0.1496105 0.9758253 -0.6860274 -0.6442228 -0.3381474 -0.6497796 -0.610183 0.4532806 -0.2473595 -0.2322887 -0.9406675 -0.2037462 -0.1913305 0.9601459 -0.6692228 -0.6284421 -0.3964865 -0.6692219 -0.6284414 0.396489 -0.2037473 -0.1913303 -0.9601458 -0.2473636 -0.2322887 0.9406664 -0.6497799 -0.6101832 -0.4532799 -0.6860277 -0.6442223 0.3381472 -0.1593152 -0.1496105 -0.9758255 -0.2899891 -0.2723181 0.917469 -0.805441 -0.5851867 -0.09392255 -0.6073762 -0.4412851 0.6605767 -0.4553486 -0.3308292 -0.826565 -0.7990957 -0.5805772 -0.156129 -0.6397209 -0.4647846 0.612154 -0.4124296 -0.2996458 -0.8602989 -0.07627522 -0.05542361 0.9955453 -0.7896059 -0.5736829 -0.2177398 -0.6695405 -0.4864477 0.5613235 -0.367861 -0.2672673 -0.8906438 -0.1268016 -0.09212774 0.9876406 -0.7770137 -0.564534 -0.2784802 -0.6967115 -0.5061908 0.5082951 -0.321833 -0.2338258 -0.9174689 -0.1768128 -0.1284629 0.9758251 -0.7613602 -0.5531617 -0.3381463 -0.7211313 -0.5239336 0.4532806 -0.2745249 -0.1994544 -0.9406669 -0.2261184 -0.1642856 0.9601462 -0.7427101 -0.5396095 -0.3964889 -0.7427099 -0.5396107 0.3964875 -0.2261185 -0.1642856 -0.9601462 -0.2745257 -0.1994544 0.9406666 -0.7211319 -0.5239335 -0.4532799 -0.7613604 -0.5531609 0.3381471 -0.1768133 -0.1284625 -0.975825 -0.3218333 -0.2338249 0.917469 -0.6967106 -0.5061916 -0.5082957 -0.7770134 -0.5645334 0.2784825 -0.1268077 -0.09212756 -0.9876398 -0.367861 -0.2672669 0.890644 -0.6695386 -0.4864499 -0.5613241 -0.7896063 -0.5736826 0.2177389 -0.07628613 -0.05542355 -0.9955444 -0.4124273 -0.2996468 0.8602997 -0.6397217 -0.4647843 -0.6121534 -0.799096 -0.5805773 0.1561273 -0.4553472 -0.3308294 0.8265657 -0.6073769 -0.4412839 -0.6605769 -0.8054403 -0.5851877 0.09392255 -0.4964638 -0.3607022 0.789568 -0.5726282 -0.4160363 -0.7064071 -0.808619 -0.5874966 0.03135251 -0.5356054 -0.3891407 0.749464 -0.5356072 -0.3891418 -0.7494623 -0.8086193 -0.5874962 -0.03135371 -0.5726256 -0.4160374 0.7064085 -0.4964639 -0.3607015 -0.7895683 -0.7811123 -0.429419 0.4532805 -0.2973573 -0.1634743 -0.9406673 -0.2449253 -0.1346496 0.9601464 -0.8044845 -0.4422706 -0.3964866 -0.8044843 -0.4422694 0.3964883 -0.2449282 -0.1346499 -0.9601456 -0.2973597 -0.1634748 0.9406664 -0.7811111 -0.4294205 -0.4532808 -0.8246859 -0.4533762 0.3381467 -0.1915207 -0.1052888 -0.9758249 -0.3486001 -0.1916451 0.9174695 -0.7546599 -0.4148784 -0.5082955 -0.8416413 -0.4626964 0.2784816 -0.1373491 -0.07550859 -0.9876405 -0.3984593 -0.2190537 0.8906434 -0.7252276 -0.3986974 -0.5613247 -0.8552815 -0.4701954 0.217738 -0.08263617 -0.04542565 -0.995544 -0.4467308 -0.2455934 0.8602998 -0.6929298 -0.380942 -0.6121533 -0.8655604 -0.4758457 0.1561287 -0.4932207 -0.2711506 0.8265656 -0.6578955 -0.3616804 -0.6605762 -0.8724331 -0.4796239 0.09392249 -0.5377569 -0.2956348 0.7895681 -0.6202553 -0.3409876 -0.706407 -0.8758758 -0.4815169 0.03135347 -0.580155 -0.3189442 0.7494631 -0.5801574 -0.3189427 -0.7494618 -0.875876 -0.4815167 -0.03135275 -0.6202528 -0.3409887 0.7064087 -0.5377572 -0.2956346 -0.7895678 -0.8724331 -0.4796241 -0.09392201 -0.6578947 -0.3616812 0.6605765 -0.4932224 -0.2711513 -0.8265644 -0.8655602 -0.4758462 -0.1561285 -0.6929289 -0.3809425 0.612154 -0.4467324 -0.2455923 -0.8602991 -0.08262431 -0.04542553 0.995545 -0.8552814 -0.4701953 -0.2177388 -0.7252289 -0.3986982 0.5613224 -0.3984583 -0.2190545 -0.8906437 -0.1373521 -0.07550871 0.98764 -0.8416412 -0.4626967 -0.2784814 -0.7546606 -0.414878 0.508295 -0.3486018 -0.1916443 -0.917469 -0.1915189 -0.1052891 0.9758252 -0.8246865 -0.4533745 -0.3381479 -0.5705698 -0.2259048 0.7895678 -0.6581014 -0.2605605 -0.706407 -0.9293194 -0.3679435 0.03135347 -0.6155543 -0.2437158 0.7494635 -0.6155565 -0.2437151 -0.749462 -0.9293191 -0.3679444 -0.03135371 -0.6581003 -0.2605605 0.7064082 -0.5705695 -0.2259048 -0.789568 -0.9256663 -0.3664978 -0.09392201 -0.6980381 -0.2763728 0.6605762 -0.5233157 -0.2071958 -0.8265657 -0.9183745 -0.3636098 -0.1561291 -0.7352101 -0.2910915 0.6121535 -0.4739893 -0.1876658 -0.8602999 -0.08765703 -0.03471124 0.9955458 -0.9074684 -0.3592924 -0.2177389 -0.7694802 -0.3046579 0.5613235 -0.4227707 -0.1673876 -0.8906438 -0.1457325 -0.05769884 0.9876402 -0.8929968 -0.3535612 -0.2784803 -0.8007074 -0.3170229 0.5082955 -0.3698716 -0.1464426 -0.9174692 -0.2032034 -0.08045512 0.9758256 -0.8750064 -0.3464396 -0.338147 -0.8287728 -0.3281342 0.453281 -0.3155018 -0.1249167 -0.9406671 -0.2598699 -0.1028906 0.9601464 -0.8535726 -0.3379531 -0.3964866 -0.8535721 -0.3379529 0.3964881 -0.2598726 -0.1028907 -0.9601458 -0.3155033 -0.1249164 0.9406666 -0.8287728 -0.3281351 -0.4532804 -0.8750061 -0.3464393 0.3381482 -0.2032059 -0.08045494 -0.975825 -0.3698713 -0.146443 0.9174692 -0.8007073 -0.3170225 -0.5082957 -0.8929957 -0.3535627 0.2784821 -0.1457283 -0.05769872 -0.9876407 -0.422773 -0.1673865 0.8906429 -0.7694794 -0.3046595 -0.5613237 -0.9074686 -0.3592924 0.2177383 -0.08767485 -0.03471124 -0.9955442 -0.4739911 -0.1876661 0.8602988 -0.7352113 -0.2910893 -0.6121532 -0.9183744 -0.3636105 0.1561282 -0.5233164 -0.2071963 0.826565 -0.6980373 -0.2763726 -0.6605772 -0.9256668 -0.3664966 0.09392178 -0.8341272 -0.214168 0.5082952 -0.3853116 -0.09893029 -0.9174681 -0.2116859 -0.05435186 0.9758253 -0.9115268 -0.2340407 -0.3381478 -0.8633641 -0.2216731 0.4532807 -0.3286707 -0.08438831 -0.9406669 -0.2707192 -0.06950867 0.9601457 -0.8891984 -0.2283077 -0.396487 -0.8891984 -0.2283068 0.3964872 -0.2707182 -0.06950885 -0.960146 -0.3286721 -0.08438849 0.9406664 -0.8633635 -0.2216745 -0.4532815 -0.9115266 -0.2340411 0.3381479 -0.2116892 -0.05435204 -0.9758245 -0.3853068 -0.09893113 0.91747 -0.8341273 -0.2141677 -0.5082951 -0.9302676 -0.2388526 0.2784809 -0.1518107 -0.03897875 -0.9876407 -0.4404171 -0.1130802 0.8906435 -0.8015957 -0.2058154 -0.5613238 -0.9453442 -0.2427234 0.2177376 -0.09133118 -0.02344954 -0.9955444 -0.4937723 -0.126779 0.8603 -0.7658974 -0.1966477 -0.6121527 -0.9567051 -0.24564 0.1561293 -0.545158 -0.1399734 0.8265653 -0.7271721 -0.1867057 -0.6605769 -0.9643017 -0.2475904 0.09392219 -0.5943851 -0.1526109 0.7895672 -0.6855691 -0.1760242 -0.7064067 -0.9681071 -0.2485671 0.03135383 -0.6412469 -0.1646444 0.7494629 -0.6412479 -0.1646443 -0.7494621 -0.968107 -0.2485677 -0.03135377 -0.6855669 -0.1760248 0.7064087 -0.5943828 -0.1526123 -0.7895686 -0.9643012 -0.2475923 -0.09392166 -0.7271709 -0.1867054 0.6605783 -0.5451582 -0.1399729 -0.8265653 -0.956705 -0.2456408 -0.1561284 -0.7658963 -0.196649 0.6121536 -0.4937732 -0.1267796 -0.8602994 -0.09132713 -0.02344936 0.9955449 -0.9453442 -0.2427234 -0.2177382 -0.8015958 -0.2058139 0.5613242 -0.4404158 -0.1130802 -0.8906441 -0.1518158 -0.03897869 0.9876399 -0.9302677 -0.2388523 -0.278481 -0.5584024 -0.07054287 0.8265656 -0.744838 -0.09409564 -0.6605773 -0.9877291 -0.1247795 0.09392225 -0.608823 -0.07691276 0.789569 -0.7022248 -0.08871185 -0.7064068 -0.991627 -0.1252717 0.03135395 -0.656826 -0.08297652 0.7494629 -0.6568259 -0.08297675 -0.7494629 -0.9916269 -0.1252719 -0.03135383 -0.7022238 -0.08871096 0.706408 -0.608825 -0.07691287 -0.7895674 -0.9877292 -0.1247786 -0.09392219 -0.7448378 -0.09409469 0.6605777 -0.5584037 -0.07054203 -0.8265647 -0.9799482 -0.1237962 -0.156128 -0.7845034 -0.09910631 0.612154 -0.5057706 -0.06389385 -0.8602986 -0.09354299 -0.01181793 0.9955452 -0.9683113 -0.1223267 -0.2177376 -0.8210707 -0.1037262 0.5613233 -0.4511159 -0.05698907 -0.8906441 -0.1554991 -0.01964467 0.9876407 -0.9528684 -0.1203761 -0.278481 -0.8543926 -0.1079348 0.5082945 -0.3946707 -0.04985815 -0.9174689 -0.2168287 -0.02739214 0.9758253 -0.9336724 -0.11795 -0.3381476 -0.8843386 -0.1117192 0.4532816 -0.3366559 -0.0425294 -0.9406669 -0.2772943 -0.03503042 0.9601462 -0.9108015 -0.1150616 -0.3964867 -0.9108006 -0.1150623 0.3964882 -0.2772954 -0.03503042 -0.9601459 -0.3366562 -0.04252952 0.9406668 -0.8843393 -0.1117172 -0.4532807 -0.9336722 -0.117951 0.3381478 -0.2168313 -0.02739208 -0.9758248 -0.3946677 -0.04985874 0.9174703 -0.854392 -0.1079359 -0.5082954 -0.9528683 -0.120376 0.2784811 -0.1555038 -0.01964426 -0.98764 -0.4511167 -0.05699002 0.8906435 -0.82107 -0.1037257 -0.5613245 -0.9683113 -0.122326 0.2177378 -0.0935505 -0.01181793 -0.9955445 -0.5057681 -0.06389307 0.8603003 -0.7845044 -0.09910643 -0.6121526 -0.9799481 -0.1237972 0.1561287 -0.8275965 0 0.5613237 -0.4547016 0 -0.890644 -0.1567357 0 0.9876406 -0.9604417 0 -0.2784813 -0.8611829 0 0.5082952 -0.3978063 0 -0.9174695 -0.2185531 0 0.9758251 -0.9410933 0 -0.3381472 -0.8913682 0 0.4532803 -0.3393322 0 -0.9406667 -0.2794943 0 0.9601475 -0.91804 0 -0.3964878 -0.9180393 0 0.3964893 -0.2795006 0 -0.9601455 -0.3393334 0 0.9406662 -0.891368 0 -0.4532805 -0.9410936 -1.03202e-6 0.3381465 -0.218555 0 -0.9758247 -0.3978074 0 0.9174691 -0.8611831 0 -0.5082949 -0.9604417 0 0.2784816 -0.1567366 0 -0.9876405 -0.4547035 0 0.890643 -0.8275958 -1.13692e-6 -0.5613245 -0.9760072 0 0.2177383 -0.09429395 0 -0.9955444 -0.5097889 0 0.8602996 -0.7907388 0 -0.6121537 -0.9877368 0 0.1561283 -0.5628402 0 0.8265657 -0.7507587 0 -0.6605767 -0.9955796 0 0.09392303 -0.6136634 0 0.7895679 -0.7078038 -1.31732e-6 -0.7064092 -0.9995084 0 0.03135401 -0.6620477 0 0.7494618 -0.6620473 0 -0.7494621 -0.9995085 0 -0.03135305 -0.7078048 0 0.7064081 -0.6136631 0 -0.789568 -0.9955796 0 -0.09392207 -0.7507578 -1.31715e-6 0.6605776 -0.5628409 0 -0.8265653 -0.987737 0 -0.1561274 -0.7907395 0 0.6121528 -0.5097878 0 -0.8603002 -0.09429299 0 0.9955445 -0.9760074 0 -0.2177377 -0.09354954 0.01181793 -0.9955446 -0.5057687 0.06389313 0.8602999 -0.7845038 0.09910649 -0.6121535 -0.9799484 0.1237953 0.1561277 -0.5583987 0.07054299 0.826568 -0.7448394 0.09409564 -0.6605757 -0.9877291 0.1247785 0.0939238 -0.6088251 0.0769118 0.7895674 -0.7022238 0.08871114 -0.7064078 -0.991627 0.1252716 0.03135323 -0.6568265 0.08297497 0.7494626 -0.6568253 0.08297616 -0.7494635 -0.9916272 0.1252701 -0.03135234 -0.7022243 0.08871138 0.7064074 -0.6088262 0.07691138 -0.7895666 -0.9877291 0.1247795 -0.09392291 -0.744838 0.09409493 0.6605774 -0.5584021 0.07054203 -0.8265659 -0.9799484 0.1237971 -0.1561264 -0.7845037 0.09910631 0.6121535 -0.505772 0.06389385 -0.8602978 -0.09354865 0.01181793 0.9955446 -0.9683113 0.1223248 -0.2177383 -0.8210697 0.103725 0.5613249 -0.451117 0.05698943 -0.8906434 -0.1555009 0.01964443 0.9876404 -0.9528685 0.1203741 -0.2784812 -0.8543928 0.1079337 0.5082943 -0.3946706 0.04985874 -0.9174689 -0.2168257 0.02739185 0.975826 -0.9336729 0.1179501 -0.3381462 -0.884339 0.1117182 0.453281 -0.3366569 0.0425294 -0.9406664 -0.2772932 0.03503048 0.9601466 -0.9108007 0.1150606 -0.3964886 -0.9108001 0.1150612 0.3964897 -0.277297 0.03503042 -0.9601454 -0.3366567 0.04252952 0.9406665 -0.884339 0.1117171 -0.4532811 -0.9336729 0.11795 0.3381462 -0.216835 0.02739179 -0.975824 -0.3946654 0.04985815 0.9174712 -0.8543933 0.107935 -0.5082936 -0.9528682 0.120376 0.2784816 -0.1555013 0.01964408 -0.9876403 -0.4511168 0.05698883 0.8906437 -0.8210699 0.1037257 -0.5613245 -0.968311 0.122326 0.2177386 -0.7658952 0.196649 0.612155 -0.4937734 0.1267794 -0.8602993 -0.09132897 0.02344936 0.9955447 -0.9453443 0.2427225 -0.2177386 -0.8015959 0.2058139 0.5613242 -0.4404169 0.1130794 -0.8906437 -0.1518122 0.03897923 0.9876405 -0.9302676 0.2388523 -0.2784813 -0.8341284 0.214168 0.5082933 -0.3853106 0.09893095 -0.9174686 -0.2116847 0.05435192 0.9758256 -0.9115278 0.2340397 -0.3381456 -0.8633636 0.2216742 0.4532813 -0.3286707 0.08438861 -0.9406669 -0.2707176 0.06950831 0.9601461 -0.8891978 0.2283065 -0.3964889 -0.8891972 0.2283076 0.3964899 -0.2707191 0.06950891 -0.9601457 -0.3286705 0.08438807 0.940667 -0.8633639 0.2216737 -0.4532809 -0.9115276 0.2340404 0.3381457 -0.2116891 0.05435222 -0.9758246 -0.3853091 0.09893041 0.9174693 -0.8341279 0.2141669 -0.5082945 -0.9302675 0.2388523 0.2784817 -0.1518144 0.03897869 -0.9876402 -0.4404157 0.1130796 0.8906443 -0.801595 0.2058141 -0.5613253 -0.945344 0.2427233 0.2177389 -0.09132927 0.02344942 -0.9955447 -0.4937734 0.1267792 0.8602994 -0.7658978 0.1966474 -0.6121525 -0.9567055 0.24564 0.1561266 -0.5451576 0.1399732 0.8265656 -0.7271733 0.1867059 -0.6605755 -0.9643014 0.2475903 0.09392422 -0.5943844 0.1526128 0.7895674 -0.6855679 0.1760241 -0.706408 -0.9681069 0.2485679 0.03135251 -0.6412472 0.1646452 0.7494625 -0.641248 0.1646444 -0.749462 -0.9681071 0.2485677 -0.03135156 -0.685567 0.1760231 0.7064091 -0.5943834 0.1526114 -0.7895684 -0.9643015 0.2475904 -0.09392356 -0.7271724 0.1867054 0.6605765 -0.545157 0.1399717 -0.8265664 -0.9567056 0.2456399 -0.1561266 -0.1457308 0.05769872 -0.9876404 -0.4227698 0.1673864 0.8906444 -0.769479 0.304659 -0.5613243 -0.9074686 0.3592922 0.2177385 -0.08767098 0.03471124 -0.9955446 -0.4739903 0.187666 0.8602992 -0.7352102 0.2910906 -0.6121539 -0.9183745 0.3636105 0.1561273 -0.5233142 0.2071942 0.8265669 -0.6980391 0.2763717 -0.6605756 -0.9256663 0.3664972 0.0939238 -0.5705704 0.2259035 0.7895677 -0.6581007 0.2605599 -0.7064079 -0.9293195 0.3679435 0.03135156 -0.6155542 0.2437152 0.7494639 -0.6155576 0.2437149 -0.7494611 -0.9293194 0.3679435 -0.03135269 -0.6580994 0.2605601 0.706409 -0.5705704 0.225905 -0.7895672 -0.9256665 0.3664969 -0.09392398 -0.698037 0.2763735 0.6605771 -0.523316 0.2071952 -0.8265655 -0.9183752 0.3636091 -0.1561267 -0.7352104 0.2910899 0.612154 -0.4739918 0.1876656 -0.8602985 -0.08766847 0.03471118 0.9955448 -0.9074684 0.3592924 -0.2177386 -0.7694797 0.3046574 0.5613242 -0.4227699 0.1673868 -0.8906443 -0.1457287 0.0576986 0.9876407 -0.8929963 0.3535621 -0.2784807 -0.800708 0.317023 0.5082945 -0.3698725 0.1464425 -0.9174689 -0.2032058 0.0804547 0.9758251 -0.8750069 0.3464398 -0.3381456 -0.8287729 0.3281342 0.4532807 -0.3155019 0.1249161 -0.9406671 -0.2598699 0.1028906 0.9601464 -0.8535721 0.3379514 -0.396489 -0.8535708 0.3379535 0.39649 -0.2598724 0.1028898 -0.9601458 -0.3155031 0.124916 0.9406667 -0.8287732 0.3281341 -0.4532803 -0.8750067 0.3464392 0.3381469 -0.2032059 0.08045494 -0.975825 -0.3698716 0.1464418 0.9174692 -0.8007088 0.3170215 -0.5082941 -0.8929963 0.3535617 0.2784817 -0.6578952 0.3616815 0.6605759 -0.4932211 0.2711506 -0.8265655 -0.8655605 0.4758463 -0.1561266 -0.6929293 0.3809409 0.6121545 -0.4467335 0.2455925 -0.8602986 -0.082632 0.04542541 0.9955444 -0.8552816 0.4701951 -0.2177383 -0.7252282 0.3986965 0.5613246 -0.3984591 0.2190539 -0.8906435 -0.1373501 0.07550835 0.9876403 -0.8416424 0.4626955 -0.2784798 -0.7546614 0.4148789 0.508293 -0.3486017 0.1916449 -0.9174689 -0.1915187 0.105289 0.9758253 -0.8246867 0.4533746 -0.338147 -0.7811111 0.42942 0.4532815 -0.2973583 0.1634746 -0.9406668 -0.2449252 0.13465 0.9601464 -0.8044849 0.4422681 -0.3964884 -0.804484 0.4422687 0.3964897 -0.2449283 0.1346496 -0.9601457 -0.29736 0.1634742 0.9406664 -0.7811124 0.4294196 -0.4532796 -0.8246858 0.4533763 0.3381469 -0.1915225 0.105289 -0.9758244 -0.3485998 0.1916449 0.9174696 -0.7546613 0.4148774 -0.5082943 -0.8416416 0.4626963 0.278481 -0.1373491 0.07550853 -0.9876405 -0.3984574 0.2190539 0.8906442 -0.7252268 0.3986976 -0.5613256 -0.8552818 0.4701944 0.2177393 -0.08262848 0.04542559 -0.9955447 -0.446731 0.2455936 0.8602995 -0.6929296 0.3809407 -0.6121543 -0.8655607 0.4758456 0.1561272 -0.4932197 0.2711501 0.8265663 -0.6578952 0.3616812 -0.660576 -0.872433 0.4796239 0.09392392 -0.537757 0.2956349 0.7895679 -0.6202551 0.3409873 -0.7064074 -0.8758763 0.4815161 0.03135299 -0.5801556 0.3189442 0.7494626 -0.5801569 0.3189432 -0.749462 -0.8758758 0.4815172 -0.03135222 -0.6202529 0.3409873 0.7064093 -0.5377573 0.2956339 -0.789568 -0.8724334 0.4796234 -0.09392356 -0.1768133 0.1284625 -0.975825 -0.321833 0.233825 0.917469 -0.6967118 0.5061904 -0.5082953 -0.7770139 0.5645335 0.2784805 -0.1268027 0.0921275 -0.9876405 -0.3678646 0.2672662 0.8906427 -0.6695387 0.486448 -0.5613256 -0.7896062 0.5736822 0.21774 -0.07628601 0.05542355 -0.9955444 -0.4124276 0.2996465 0.8602997 -0.6397213 0.4647846 -0.6121536 -0.7990968 0.5805764 0.1561263 -0.4553471 0.3308287 0.8265661 -0.6073774 0.4412854 -0.6605755 -0.8054408 0.5851867 0.09392404 -0.4964638 0.3607015 0.7895684 -0.5726268 0.4160365 -0.7064079 -0.80862 0.5874954 0.03135156 -0.5356066 0.3891416 0.7494627 -0.5356076 0.3891414 -0.7494622 -0.8086191 0.5874966 -0.03135406 -0.5726259 0.4160367 0.7064086 -0.4964651 0.360702 -0.7895674 -0.8054403 0.5851873 -0.0939244 -0.6073764 0.4412846 0.6605769 -0.455348 0.3308287 -0.8265656 -0.7990962 0.5805773 -0.1561262 -0.6397203 0.4647853 0.6121541 -0.4124294 0.2996467 -0.8602986 -0.07629036 0.05542337 0.9955441 -0.7896059 0.5736829 -0.2177398 -0.66954 0.4864482 0.5613237 -0.3678604 0.2672663 -0.8906444 -0.1268052 0.09212762 0.9876401 -0.777014 0.5645341 -0.278479 -0.6967127 0.5061909 0.5082934 -0.321832 0.2338253 -0.9174693 -0.1768078 0.1284626 0.975826 -0.7613611 0.5531603 -0.3381467 -0.7211321 0.5239331 0.45328 -0.2745249 0.1994544 -0.9406669 -0.2261183 0.1642853 0.9601463 -0.7427101 0.5396095 -0.3964889 -0.7427099 0.5396102 0.3964882 -0.2261185 0.1642857 -0.9601462 -0.2745272 0.199454 0.9406663 -0.7211318 0.5239324 -0.4532812 -0.7613603 0.5531614 0.3381468 -0.5159662 0.4845259 0.706409 -0.447342 0.4200811 -0.7895676 -0.7257468 0.6815205 -0.09392261 -0.5472792 0.5139296 0.6605769 -0.4102903 0.3852909 -0.8265669 -0.7200292 0.6761528 -0.1561262 -0.5764231 0.5412978 0.6121546 -0.3716194 0.3489745 -0.8603 -0.06873589 0.0645473 0.9955446 -0.7114793 0.6681221 -0.2177388 -0.6032918 0.5665274 0.5613251 -0.33146 0.3112657 -0.8906446 -0.1142587 0.1072936 0.9876402 -0.7001326 0.6574675 -0.2784796 -0.6277762 0.5895208 0.5082936 -0.2899876 0.272318 -0.9174695 -0.1593167 0.1496101 0.9758254 -0.6860281 0.644222 -0.3381474 -0.6497796 0.610183 0.4532806 -0.2473618 0.2322887 -0.9406669 -0.2037462 0.1913298 0.960146 -0.6692217 0.628441 -0.3964899 -0.6692223 0.6284415 0.3964881 -0.203747 0.1913303 -0.9601458 -0.2473621 0.2322887 0.9406668 -0.6497792 0.6101828 -0.4532812 -0.6860278 0.6442223 0.3381472 -0.159321 0.14961 -0.9758247 -0.2899882 0.2723172 0.9174695 -0.6277759 0.5895206 -0.5082941 -0.7001321 0.657468 0.2784796 -0.1142558 0.107294 -0.9876405 -0.3314654 0.3112639 0.8906434 -0.603291 0.5665282 -0.5613251 -0.7114786 0.6681223 0.2177402 -0.06873947 0.06454741 -0.9955444 -0.3716211 0.3489758 0.8602986 -0.5764241 0.5412979 -0.6121537 -0.7200297 0.6761521 0.1561272 -0.4102949 0.3852899 0.8265652 -0.5472797 0.5139299 -0.6605764 -0.7257457 0.6815216 0.09392315 -0.4473404 0.4200816 0.7895683 -0.5159679 0.4845256 -0.7064079 -0.7286104 0.6842104 0.03135442 -0.4826104 0.4532027 0.749463 -0.4826123 0.4532018 -0.7494621 -0.7286099 0.684211 -0.03135436 -0.1781601 0.2153576 -0.9601459 -0.2162988 0.2614593 0.9406668 -0.5681791 0.6868101 -0.4532819 -0.5998745 0.725125 0.3381485 -0.1393111 0.1683985 -0.975825 -0.2535718 0.3065152 0.9174692 -0.548939 0.6635542 -0.5082932 -0.6122091 0.7400332 0.2784796 -0.09990841 0.1207678 -0.9876403 -0.2898374 0.3503534 0.890644 -0.5275283 0.6376736 -0.5613255 -0.6221305 0.7520253 0.2177424 -0.06011152 0.07265323 -0.9955442 -0.324951 0.3927993 0.8602997 -0.5040364 0.6092737 -0.6121543 -0.6296079 0.761064 0.1561263 -0.3587683 0.4336748 0.8265662 -0.4785524 0.5784687 -0.6605768 -0.6346063 0.767107 0.09392398 -0.3911642 0.4728358 0.7895676 -0.4511719 0.545373 -0.706408 -0.6371116 0.7701336 0.03135544 -0.4220037 0.5101166 0.7494624 -0.4220051 0.5101168 -0.7494615 -0.6371102 0.7701347 -0.03135389 -0.4511718 0.5453725 0.7064084 -0.3911634 0.4728355 -0.7895681 -0.6346071 0.7671067 -0.0939216 -0.4785516 0.5784704 0.6605759 -0.3587662 0.4336758 -0.8265665 -0.6296076 0.7610647 -0.156125 -0.5040352 0.6092748 0.6121543 -0.324953 0.3927997 -0.8602987 -0.06009262 0.07265341 0.9955453 -0.6221305 0.7520263 -0.2177387 -0.5275306 0.6376731 0.5613239 -0.2898377 0.3503534 -0.8906439 -0.09990805 0.1207675 0.9876405 -0.6122092 0.740034 -0.2784775 -0.5489399 0.6635529 0.5082939 -0.2535726 0.306515 -0.9174692 -0.1393123 0.1683986 0.9758248 -0.5998755 0.7251247 -0.3381472 -0.5681793 0.6868115 0.4532796 -0.2162986 0.2614595 -0.9406668 -0.1781588 0.2153577 0.9601461 -0.58518 0.7073621 -0.3964888 -0.5851806 0.7073616 0.3964889 -0.3547418 0.5589854 0.7494623 -0.3547434 0.5589851 -0.7494617 -0.5355634 0.8439128 -0.03135335 -0.3792601 0.5976187 0.7064091 -0.3288177 0.5181329 -0.7895678 -0.5334577 0.8405959 -0.09392338 -0.4022756 0.6338865 0.6605772 -0.3015866 0.4752215 -0.8265653 -0.5292562 0.8339742 -0.1561253 -0.423698 0.6676423 0.612155 -0.2731599 0.4304294 -0.860299 -0.05052101 0.0796135 0.9955447 -0.522971 0.82407 -0.2177386 -0.4434487 0.6987613 0.5613253 -0.2436411 0.3839171 -0.890644 -0.08398354 0.1323374 0.9876405 -0.514631 0.8109277 -0.2784803 -0.4614463 0.727122 0.5082921 -0.2131564 0.3358793 -0.9174691 -0.1171075 0.1845308 0.9758249 -0.5042633 0.7945903 -0.3381493 -0.4776189 0.7526063 0.4532816 -0.1818234 0.286507 -0.9406669 -0.1497619 0.2359887 0.9601463 -0.4919112 0.7751268 -0.396487 -0.4919098 0.7751266 0.396489 -0.1497647 0.2359887 -0.9601458 -0.1818222 0.2865076 0.9406669 -0.4776184 0.7526065 -0.4532816 -0.5042626 0.7945913 0.3381478 -0.1171058 0.1845309 -0.9758251 -0.2131549 0.3358798 0.9174693 -0.461445 0.7271208 -0.5082952 -0.5146301 0.810928 0.2784814 -0.08398628 0.1323373 -0.9876402 -0.2436435 0.3839171 0.8906433 -0.4434478 0.6987618 -0.5613253 -0.5229699 0.8240699 0.2177414 -0.05052495 0.07961344 -0.9955446 -0.2731589 0.4304293 0.8602993 -0.423699 0.6676428 -0.6121538 -0.5292565 0.8339741 0.1561244 -0.3015823 0.4752223 0.8265664 -0.4022777 0.633887 -0.6605755 -0.5334584 0.8405955 0.09392338 -0.328817 0.5181325 0.7895684 -0.3792616 0.5976197 -0.7064074 -0.5355636 0.8439127 0.03135538 -0.1444791 0.3070361 -0.9406672 -0.1190028 0.2528983 0.9601463 -0.3908826 0.830667 -0.396489 -0.3908825 0.8306668 0.396489 -0.1190056 0.2528983 -0.9601459 -0.1444823 0.3070368 0.9406665 -0.3795262 0.8065344 -0.4532796 -0.4006977 0.8515262 0.3381489 -0.09305602 0.1977533 -0.975825 -0.1693781 0.3599467 0.9174691 -0.3666737 0.779222 -0.5082947 -0.4089366 0.869034 0.2784795 -0.0667355 0.1418197 -0.9876404 -0.1936025 0.411426 0.890644 -0.3523737 0.7488322 -0.5613227 -0.4155639 0.8831171 0.2177402 -0.04014849 0.08531808 -0.9955446 -0.2170587 0.4612717 0.8602988 -0.3366806 0.7154818 -0.6121537 -0.4205582 0.8937315 0.1561243 -0.2396477 0.5092722 0.8265657 -0.3196581 0.6793069 -0.6605762 -0.423897 0.9008272 0.0939247 -0.2612861 0.5552594 0.7895674 -0.3013688 0.6404412 -0.7064078 -0.4255704 0.904382 0.03135538 -0.2818856 0.5990385 0.7494621 -0.2818869 0.5990384 -0.7494617 -0.42557 0.9043822 -0.0313546 -0.3013683 0.6404399 0.7064092 -0.2612844 0.5552595 -0.7895678 -0.4238976 0.9008272 -0.0939216 -0.3196572 0.6793064 0.6605771 -0.2396456 0.5092732 -0.8265657 -0.420558 0.8937315 -0.1561251 -0.3366795 0.7154815 0.6121546 -0.2170566 0.4612713 -0.8602995 -0.04015821 0.08531802 0.9955441 -0.4155634 0.8831169 -0.2177426 -0.3523736 0.7488306 0.561325 -0.1936025 0.4114266 -0.8906437 -0.0667386 0.1418197 0.9876402 -0.4089367 0.8690342 -0.2784788 -0.3666748 0.779222 0.5082941 -0.1693779 0.3599462 -0.9174693 -0.0930562 0.1977533 0.975825 -0.4006986 0.8515264 -0.3381474 -0.3795261 0.8065331 0.4532817 -0.1896333 0.5836293 0.7895671 -0.2187241 0.6731622 -0.7064082 -0.3088653 0.9505889 0.03135538 -0.2045832 0.6296446 0.7494621 -0.2045841 0.6296433 -0.749463 -0.3088655 0.9505888 -0.03135305 -0.2187236 0.6731625 0.7064081 -0.1896322 0.5836286 -0.7895678 -0.3076514 0.9468522 -0.0939235 -0.2319965 0.7140128 0.6605781 -0.1739264 0.5352932 -0.8265657 -0.3052277 0.9393945 -0.1561223 -0.2443513 0.7520368 0.6121546 -0.1575341 0.4848389 -0.8602989 -0.02913439 0.08967703 0.9955447 -0.3016029 0.9282373 -0.2177413 -0.255742 0.7870904 0.5613242 -0.14051 0.432447 -0.890644 -0.04843562 0.1490657 0.9876404 -0.2967935 0.9134348 -0.2784791 -0.2661211 0.8190342 0.5082939 -0.122927 0.3783367 -0.9174695 -0.06753778 0.2078569 0.9758249 -0.290814 0.8950314 -0.3381509 -0.2754482 0.8477416 0.4532798 -0.1048613 0.3227237 -0.9406665 -0.08637034 0.2658194 0.960146 -0.2836902 0.8731082 -0.3964873 -0.2836899 0.8731074 0.3964889 -0.08637112 0.2658193 -0.9601459 -0.1048604 0.3227233 0.9406668 -0.275448 0.8477415 -0.4532802 -0.2908136 0.8950329 0.3381475 -0.06753665 0.2078568 -0.975825 -0.1229298 0.3783369 0.9174691 -0.2661197 0.819034 -0.5082949 -0.2967932 0.9134347 0.2784796 -0.04842811 0.1490656 -0.9876407 -0.1405125 0.432447 0.8906435 -0.2557414 0.7870907 -0.5613241 -0.3016029 0.9282373 0.2177415 -0.02913546 0.08967715 -0.9955447 -0.1575337 0.4848391 0.8602989 -0.2443519 0.7520371 -0.6121538 -0.305228 0.9393941 0.1561244 -0.1739259 0.535292 0.8265665 -0.2319983 0.7140151 -0.660575 -0.3076507 0.9468521 0.09392625 -0.07454204 0.3907607 -0.9174692 -0.04095762 0.2146824 0.9758248 -0.1763436 0.9244232 -0.3381491 -0.1670261 0.8755779 0.4532833 -0.06358307 0.3333215 -0.9406669 -0.05237126 0.2745485 0.9601461 -0.1720239 0.9017791 -0.3964872 -0.1720234 0.9017786 0.3964888 -0.0523712 0.2745479 -0.9601463 -0.06358397 0.3333215 0.9406667 -0.1670258 0.8755797 -0.4532801 -0.1763433 0.9244232 0.3381493 -0.0409491 0.2146825 -0.9758251 -0.07454192 0.3907606 0.9174693 -0.1613705 0.8459311 -0.5082915 -0.1799692 0.9434301 0.2784794 -0.02937185 0.1539607 -0.9876404 -0.08520203 0.4466476 0.890644 -0.1550757 0.812937 -0.5613243 -0.1828852 0.9587191 0.2177399 -0.01766991 0.09262192 -0.9955446 -0.09552621 0.5007604 0.8602987 -0.1481704 0.7767326 -0.6121536 -0.1850836 0.9702419 0.1561244 -0.1054666 0.5528714 0.8265653 -0.1406782 0.7374621 -0.660575 -0.1865534 0.9779448 0.09392428 -0.1149891 0.6027936 0.7895678 -0.1326296 0.6952669 -0.7064088 -0.1872893 0.9818043 0.03135538 -0.124055 0.650321 0.7494619 -0.1240565 0.6503201 -0.7494624 -0.1872892 0.9818043 -0.03135377 -0.1326293 0.6952662 0.7064095 -0.1149893 0.6027936 -0.7895678 -0.1865531 0.9779448 -0.09392541 -0.1406787 0.7374607 0.6605765 -0.105466 0.5528702 -0.8265661 -0.1850841 0.9702422 -0.1561219 -0.1481688 0.7767315 0.6121554 -0.09552443 0.5007596 -0.8602994 -0.01766663 0.09262198 0.9955446 -0.1828855 0.9587185 -0.2177425 -0.1550768 0.812937 0.561324 -0.08520191 0.4466474 -0.890644 -0.02936995 0.1539605 0.9876404 -0.1799687 0.9434297 -0.2784811 -0.1613698 0.845929 0.5082951 -0.03533941 0.5617273 0.8265674 -0.05764424 0.9162275 0.3964901 -0.01754724 0.2789471 -0.9601461 -0.05596935 0.8896086 -0.4532815 -0.03853303 0.6124532 0.7895671 -0.05909204 0.9392355 0.3381495 -0.01372379 0.2181224 -0.975825 -0.0540741 0.8594849 -0.5082932 -0.04157125 0.6607404 0.7494625 -0.06030672 0.9585465 0.2784814 -0.009839117 0.1564278 -0.9876404 -0.05196535 0.8259629 -0.5613242 -0.04444408 0.7064077 0.7064086 -0.06128436 0.9740812 0.2177388 -0.005920648 0.09410607 -0.9955446 -0.04965078 0.7891772 -0.6121553 -0.04714065 0.7492774 0.6605764 -0.06202054 0.9857884 0.1561244 -0.0471366 0.7492817 -0.6605719 -0.04964631 0.7891748 0.612159 -0.06251299 0.9936149 0.0939238 -0.005917787 0.09410601 0.9955446 -0.04444307 0.7064072 -0.706409 -0.05196511 0.8259622 0.5613254 -0.06275969 0.9975361 0.03135347 -0.009839355 0.1564276 0.9876405 -0.04157006 0.6607406 -0.7494624 -0.06275963 0.9975361 -0.03135532 -0.01372605 0.2181224 0.975825 -0.03853207 0.612451 -0.7895689 -0.06251299 0.9936148 -0.09392541 -0.01755297 0.2789473 0.9601461 -0.03534007 0.5617291 -0.8265661 -0.06202059 0.9857885 -0.1561234 -0.02130597 0.3386623 0.9406667 -0.03200727 0.5087865 -0.8602975 -0.06128388 0.9740805 -0.2177425 -0.02497845 0.397025 0.9174679 -0.02855193 0.4538047 -0.8906437 -0.06030696 0.9585468 -0.2784802 -0.02854418 0.4538017 0.8906455 -0.05407494 0.8594851 0.5082926 -0.02497589 0.3970217 -0.9174694 -0.0590918 0.9392356 -0.3381491 -0.03201043 0.5087829 0.8602995 -0.05596953 0.8896094 0.4532797 -0.02130746 0.3386623 -0.9406668 -0.05764466 0.9162294 -0.3964855</float_array>
          <technique_common>
            <accessor source="#Sphere_001-mesh-normals-array" count="4900" stride="3">
              <param name="X" type="float"/>
              <param name="Y" type="float"/>
              <param name="Z" type="float"/>
            </accessor>
          </technique_common>
        </source>
        <source id="Sphere_001-mesh-map-0">
          <float_array id="Sphere_001-mesh-map-0-array" count="29400">0.5843037 0.6287952 0.5784008 0.6411668 0.5790209 0.6285254 1.39845e-4 0.2139171 0.01201546 0.2276694 0 0.2279883 0.9081958 0.2879664 0.8905659 0.2720422 0.9042032 0.2684181 0.8863268 0.6770909 0.8792697 0.6968873 0.8742544 0.6745557 0.5833152 0.6156878 0.5790209 0.6285254 0.5797817 0.6155073 0 0.2279883 0.0135951 0.2415303 0 0.2418913 0.9214149 0.2831146 0.9042032 0.2684181 0.9175893 0.2643839 0.8742544 0.6745557 0.8668498 0.695221 0.8617635 0.6725732 0.5824504 0.6022543 0.5797817 0.6155073 0.5806801 0.6021638 0 0.2418913 0.01526093 0.2551696 1.39932e-4 0.255571 0.934315 0.2777946 0.9175893 0.2643839 0.9306715 0.2599555 0.8617635 0.6725732 0.8540407 0.6940259 0.8489034 0.6711518 0.435064 0.4940544 0.4365 0.5077056 0.4347274 0.5077056 1.39932e-4 0.255571 0.01700645 0.2685335 4.19116e-4 0.2689738 0.9468452 0.2720277 0.9306715 0.2599555 0.9433981 0.2551503 0.8489034 0.6711518 0.8408929 0.6933071 0.835725 0.6702966 4.19116e-4 0.2689738 0.01882469 0.281569 8.36571e-4 0.2820466 0.958956 0.2658362 0.9433981 0.2551503 0.9557189 0.2499874 0.8222803 0.6700111 0.8408929 0.6933071 0.8274583 0.6930671 8.36571e-4 0.2820466 0.0207085 0.2942249 0.001390576 0.2947377 0.9705995 0.2592449 0.9557189 0.2499874 0.9675853 0.244487 0.783725 0.3080684 0.7926666 0.2849419 0.7973861 0.3080486 0.001390576 0.2947377 0.02265053 0.3064512 0.00207895 0.3069972 0.9817301 0.2522796 0.9675853 0.244487 0.9789505 0.238671 0.8112176 0.3074622 0.7926666 0.2849419 0.8065261 0.2844924 0.00207895 0.3069972 0.024643 0.3181995 0.00289911 0.3187766 0.9923035 0.2449678 0.9789505 0.238671 0.9897696 0.2325621 0.4347273 0.4252176 0.4347273 0.4112788 0.436492 0.4250501 0.825165 0.3063117 0.8065261 0.2844924 0.8205199 0.2835693 0.00289911 0.3187766 0.02667808 0.3294236 0.003847599 0.3300297 0.5909504 0.6876873 0.577477 0.6970392 0.5773681 0.6869934 0.002898752 0.1429926 0.005615651 0.1569724 0.002078711 0.1570663 0.8391732 0.3046013 0.8205199 0.2835693 0.834593 0.2821763 0.003847599 0.3300297 0.02874779 0.3400791 0.00492078 0.3407117 0.5894106 0.6769533 0.5773681 0.6869934 0.5774065 0.6763401 0.002078711 0.1570663 0.006678283 0.1711113 0.001390397 0.1712517 0.853187 0.3023381 0.834593 0.2821763 0.8486897 0.2803189 0.00492078 0.3407117 0.03084385 0.3501241 0.006114423 0.3507806 0.5879707 0.6656516 0.5774065 0.6763401 0.577592 0.6651214 0.001390397 0.1712517 0.007854402 0.1853064 8.36408e-4 0.1854928 0.867151 0.2995309 0.8486897 0.2803189 0.8627544 0.2780043 0.006114423 0.3507806 0.03295814 0.3595188 0.007423877 0.3601967 0.5866361 0.6538266 0.577592 0.6651214 0.5779239 0.6533815 8.36408e-4 0.1854928 0.009139478 0.1995018 4.19012e-4 0.1997334 0.8810102 0.2961907 0.8627544 0.2780043 0.8767315 0.2752418 0.007423877 0.3601967 0.03508222 0.3682262 0.008843839 0.3689227 0.5854122 0.6415249 0.5779239 0.6533815 0.5784008 0.6411668 4.19012e-4 0.1997334 0.01052832 0.2136414 1.39845e-4 0.2139171 0.8947098 0.2923308 0.8767315 0.2752418 0.8905659 0.2720422 0.8979331 0.6801691 0.8912514 0.6990185 0.8863268 0.6770909 0.8540407 0.6940259 0.8451285 0.7182314 0.8408929 0.6933071 0.01882469 0.281569 0.03348135 0.2660635 0.03669095 0.2788906 0.9557189 0.2499874 0.9406589 0.2368887 0.9531466 0.2328385 0.8274583 0.6930671 0.8451285 0.7182314 0.8317024 0.7180407 0.01882469 0.281569 0.03989559 0.2913484 0.0207085 0.2942249 0.9675853 0.244487 0.9531466 0.2328385 0.9651901 0.2285187 0.7789962 0.284916 0.7889164 0.2599399 0.7926666 0.2849419 0.0207085 0.2942249 0.04308265 0.3033879 0.02265053 0.3064512 0.9675853 0.244487 0.9767419 0.2239461 0.9789505 0.238671 0.8065261 0.2844924 0.7889164 0.2599399 0.8027981 0.2596386 0.02265053 0.3064512 0.04623955 0.3149617 0.024643 0.3181995 0.9789505 0.238671 0.9877562 0.2191389 0.9897696 0.2325621 0.004670739 0.1429455 0.003847241 0.129086 0.006430685 0.1426817 0.8205199 0.2835693 0.8027981 0.2596386 0.8168289 0.2589617 0.02667808 0.3294236 0.04623955 0.3149617 0.04935389 0.3260241 0.9897696 0.2325621 0.9981898 0.2141161 1 0.2261847 0.004670739 0.1429455 0.00912857 0.1564458 0.005615651 0.1569724 0.8205199 0.2835693 0.8309534 0.257912 0.834593 0.2821763 0.02874779 0.3400791 0.04935389 0.3260241 0.05241328 0.3365312 0.5773681 0.6869934 0.5655199 0.6742591 0.5774065 0.6763401 0.005615651 0.1569724 0.01193034 0.1703239 0.006678283 0.1711113 0.8486897 0.2803189 0.8309534 0.257912 0.845116 0.2564936 0.03084385 0.3501241 0.05241328 0.3365312 0.05540573 0.3464418 0.577592 0.6651214 0.5655199 0.6742591 0.5673149 0.6633222 0.007854402 0.1853064 0.01193034 0.1703239 0.01482492 0.1842615 0.8486897 0.2803189 0.8592606 0.2547121 0.8627544 0.2780043 0.03084385 0.3501241 0.05831938 0.3557167 0.03295814 0.3595188 0.577592 0.6651214 0.5692969 0.6518712 0.5779239 0.6533815 0.009139478 0.1995018 0.01482492 0.1842615 0.01780086 0.1982033 0.8627544 0.2780043 0.8733315 0.2525746 0.8767315 0.2752418 0.9137129 0.7046399 0.9066936 0.724826 0.9027476 0.7016062 0.5779239 0.6533815 0.571458 0.6399513 0.5784008 0.6411668 0.01052832 0.2136414 0.01780086 0.1982033 0.02084642 0.2120945 0.8767315 0.2752418 0.8872731 0.2500895 0.8905659 0.2720422 0.8912514 0.6990185 0.9066936 0.724826 0.8952877 0.7227698 0.5784008 0.6411668 0.5737897 0.6276096 0.5790209 0.6285254 0.01052832 0.2136414 0.02394956 0.2258802 0.01201546 0.2276694 0.8905659 0.2720422 0.9010305 0.2472665 0.9042032 0.2684181 0.8912514 0.6990185 0.8833804 0.7210763 0.8792697 0.6968873 0.5790209 0.6285254 0.5762826 0.6148947 0.5797817 0.6155073 0.0135951 0.2415303 0.02394956 0.2258802 0.02709805 0.239506 0.9042032 0.2684181 0.9145492 0.2441169 0.9175893 0.2643839 0.8668498 0.695221 0.8833804 0.7210763 0.8710187 0.7197522 0.5806801 0.6021638 0.5762826 0.6148947 0.5789272 0.6018569 0.01526093 0.2551696 0.02709805 0.239506 0.03027951 0.2529181 0.9175893 0.2643839 0.9277761 0.240653 0.9306715 0.2599555 0.8668498 0.695221 0.8582512 0.7188026 0.8540407 0.6940259 0.5817128 0.5885477 0.5806801 0.6021638 0.5789272 0.6018569 0.01700645 0.2685335 0.03027951 0.2529181 0.03348135 0.2660635 0.9306715 0.2599555 0.9406589 0.2368887 0.9433981 0.2551503 0.8309534 0.257912 0.8425223 0.2312378 0.845116 0.2564936 0.05540573 0.3464418 0.07554417 0.3301237 0.07941269 0.3397916 0.5673149 0.6633222 0.553938 0.6707431 0.5573014 0.6602823 0.01482492 0.1842615 0.01706379 0.1689019 0.02163791 0.1823742 0.845116 0.2564936 0.8567249 0.2300215 0.8592606 0.2547121 0.05540573 0.3464418 0.0831077 0.34885 0.05831938 0.3557167 0.5673149 0.6633222 0.5608912 0.6493194 0.5692969 0.6518712 0.01780086 0.1982033 0.02163791 0.1823742 0.02626657 0.1958582 0.8592606 0.2547121 0.8708639 0.2285465 0.8733315 0.2525746 0.917553 0.7272367 0.9097088 0.7494626 0.9066936 0.724826 0.5692969 0.6518712 0.5646933 0.6378977 0.571458 0.6399513 0.02084642 0.2120945 0.02626657 0.1958582 0.03093141 0.2093008 0.8872731 0.2500895 0.8708639 0.2285465 0.8848833 0.2268187 0.8952877 0.7227698 0.9097088 0.7494626 0.898372 0.7479704 0.571458 0.6399513 0.5686926 0.6260622 0.5737897 0.6276096 0.02084642 0.2120945 0.03561407 0.222649 0.02394956 0.2258802 0.8872731 0.2500895 0.8987278 0.224845 0.9010305 0.2472665 0.8833804 0.7210763 0.898372 0.7479704 0.8865215 0.7467413 0.5737897 0.6276096 0.5728734 0.6138598 0.5762826 0.6148947 0.02709805 0.239506 0.03561407 0.222649 0.04029601 0.23585 0.9010305 0.2472665 0.9123429 0.2226331 0.9145492 0.2441169 0.8833804 0.7210763 0.8742042 0.7457802 0.8710187 0.7197522 0.5762826 0.6148947 0.5772192 0.6013384 0.5789272 0.6018569 0.03027951 0.2529181 0.04029601 0.23585 0.04495882 0.2488518 0.9145492 0.2441169 0.9256748 0.2201917 0.9277761 0.240653 0.8710187 0.7197522 0.8614687 0.7450911 0.8582512 0.7188026 0.5817128 0.5885477 0.5789272 0.6018569 0.5772192 0.6013384 0.03027951 0.2529181 0.04958409 0.2616029 0.03348135 0.2660635 0.9406589 0.2368887 0.9256748 0.2201917 0.9386708 0.2175306 0.8582512 0.7188026 0.8483651 0.7446765 0.8451285 0.7182314 0.03669095 0.2788906 0.04958409 0.2616029 0.05415356 0.2740532 0.9406589 0.2368887 0.9512798 0.2146601 0.9531466 0.2328385 0.8317024 0.7180407 0.8483651 0.7446765 0.8349453 0.7445381 0.03669095 0.2788906 0.05864918 0.2861534 0.03989559 0.2913484 0.9651901 0.2285187 0.9512798 0.2146601 0.9634518 0.2115916 0.7752386 0.2598646 0.7861946 0.2334368 0.7889164 0.2599399 0.04308265 0.3033879 0.05864918 0.2861534 0.06305319 0.2978559 0.9651901 0.2285187 0.9751389 0.2083372 0.9767419 0.2239461 0.8027981 0.2596386 0.7861946 0.2334368 0.8000924 0.2332925 0.04308265 0.3033879 0.06734824 0.3091144 0.04623955 0.3149617 0.9877562 0.2191389 0.9751389 0.2083372 0.9862949 0.2049098 0.006430685 0.1426817 0.003847241 0.129086 0.008150875 0.1422051 0.8027981 0.2596386 0.81415 0.2328765 0.8168289 0.2589617 0.04935389 0.3260241 0.06734824 0.3091144 0.0715174 0.3198845 0.9877562 0.2191389 0.9968759 0.2013229 0.9981898 0.2141161 0.006430685 0.1426817 0.01256215 0.1554946 0.00912857 0.1564458 0.8309534 0.257912 0.81415 0.2328765 0.8283119 0.2321908 0.05241328 0.3365312 0.0715174 0.3198845 0.07554417 0.3301237 0.5639188 0.6846388 0.553938 0.6707431 0.5655199 0.6742591 0.00912857 0.1564458 0.01706379 0.1689019 0.01193034 0.1703239 0.8614687 0.7450911 0.8763563 0.7728946 0.8636422 0.7724767 0.5817128 0.5885477 0.5772192 0.6013384 0.5755831 0.6006165 0.04495882 0.2488518 0.06506073 0.2552219 0.04958409 0.2616029 0.9386708 0.2175306 0.9244006 0.1988942 0.9374654 0.1973813 0.8614687 0.7450911 0.8505517 0.7722253 0.8483651 0.7446765 0.05415356 0.2740532 0.06506073 0.2552219 0.07093721 0.2671334 0.9386708 0.2175306 0.9501477 0.1957387 0.9512798 0.2146601 0.8349453 0.7445381 0.8505517 0.7722253 0.8371362 0.7721415 0.05415356 0.2740532 0.07667356 0.278722 0.05864918 0.2861534 0.9634518 0.2115916 0.9501477 0.1957387 0.9623976 0.1939727 0.7725114 0.2333092 0.7845442 0.2058507 0.7861946 0.2334368 0.06305319 0.2978559 0.07667356 0.278722 0.08224725 0.2899422 0.9634518 0.2115916 0.9741669 0.1920904 0.9751389 0.2083372 0.7861946 0.2334368 0.7984518 0.2058697 0.8000924 0.2332925 0.06305319 0.2978559 0.08763617 0.3007497 0.06734824 0.3091144 0.9862949 0.2049098 0.9741669 0.1920904 0.9854089 0.1900992 0.008150875 0.1422051 0.003847241 0.129086 0.009804129 0.1415235 0.8000924 0.2332925 0.8125256 0.2057254 0.81415 0.2328765 0.0715174 0.3198845 0.08763617 0.3007497 0.09281915 0.3111018 0.9862949 0.2049098 0.9960792 0.1880069 0.9968759 0.2013229 0.01256215 0.1554946 0.009804129 0.1415235 0.01586222 0.154134 0.8283119 0.2321908 0.8125256 0.2057254 0.8267102 0.2054185 0.07554417 0.3301237 0.09281915 0.3111018 0.09777569 0.3209577 0.553938 0.6707431 0.5382615 0.6751215 0.5428437 0.6658476 0.01706379 0.1689019 0.01586222 0.154134 0.02199763 0.1668677 0.8283119 0.2321908 0.8409495 0.20495 0.8425223 0.2312378 0.07941269 0.3397916 0.09777569 0.3209577 0.1024862 0.3302784 0.553938 0.6707431 0.5477094 0.6560497 0.5573014 0.6602823 0.02163791 0.1823742 0.02199763 0.1668677 0.02818602 0.1796744 0.8567249 0.2300215 0.8409495 0.20495 0.8551874 0.2043218 0.0831077 0.34885 0.1024862 0.3302784 0.1069322 0.3390272 0.5573014 0.6602823 0.5528393 0.6457664 0.5608912 0.6493194 0.02626657 0.1958582 0.02818602 0.1796744 0.03440308 0.1925035 0.8708639 0.2285465 0.8551874 0.2043218 0.8693675 0.2035365 0.9204874 0.7512122 0.9117459 0.7751276 0.9097088 0.7494626 0.5608912 0.6493194 0.5582132 0.6350383 0.5646933 0.6378977 0.03093141 0.2093008 0.03440308 0.1925035 0.04062426 0.2053045 0.8708639 0.2285465 0.8834341 0.202597 0.8848833 0.2268187 0.9097088 0.7494626 0.9004556 0.7742227 0.898372 0.7479704 0.5646933 0.6378977 0.5638101 0.6239078 0.5686926 0.6260622 0.03561407 0.222649 0.04062426 0.2053045 0.04682499 0.2180268 0.8848833 0.2268187 0.8973316 0.2015072 0.8987278 0.224845 0.8865215 0.7467413 0.9004556 0.7742227 0.8886436 0.7734774 0.5686926 0.6260622 0.5696076 0.6124187 0.5728734 0.6138598 0.03561407 0.222649 0.05298078 0.2306201 0.04029601 0.23585 0.8987278 0.224845 0.9110051 0.2002713 0.9123429 0.2226331 0.8865215 0.7467413 0.8763563 0.7728946 0.8742042 0.7457802 0.5728734 0.6138598 0.5755831 0.6006165 0.5772192 0.6013384 0.04495882 0.2488518 0.05298078 0.2306201 0.05906736 0.2430348 0.9123429 0.2226331 0.9244006 0.1988942 0.9256748 0.2201917 0.8267102 0.2054185 0.8119813 0.1779365 0.8261735 0.1780171 0.09777569 0.3209577 0.1129232 0.2998145 0.1187571 0.3091776 0.5428437 0.6658476 0.5264583 0.6681088 0.5324118 0.6596497 0.02199763 0.1668677 0.01897674 0.1523853 0.026654 0.1642534 0.8267102 0.2054185 0.8404225 0.1780445 0.8409495 0.20495 0.09777569 0.3209577 0.1242623 0.3180522 0.1024862 0.3302784 0.5428437 0.6658476 0.5386901 0.650691 0.5477094 0.6560497 0.02818602 0.1796744 0.026654 0.1642534 0.03436595 0.1762047 0.8551874 0.2043218 0.8404225 0.1780445 0.8546721 0.1780183 0.9224697 0.7761885 0.9335523 0.8021779 0.9234687 0.8017715 0.5477094 0.6560497 0.5452681 0.6412681 0.5528393 0.6457664 0.03440308 0.1925035 0.03436595 0.1762047 0.04208213 0.1881921 0.8551874 0.2043218 0.8688662 0.1779388 0.8693675 0.2035365 0.9117459 0.7751276 0.9234687 0.8017715 0.9127724 0.801416 0.5528393 0.6457664 0.5521202 0.6314182 0.5582132 0.6350383 0.04062426 0.2053045 0.04208213 0.1881921 0.04977214 0.2001684 0.8693675 0.2035365 0.8829485 0.1778062 0.8834341 0.202597 0.9117459 0.7751276 0.9015057 0.8011128 0.9004556 0.7742227 0.5582132 0.6350383 0.5592191 0.6211801 0.5638101 0.6239078 0.04682499 0.2180268 0.04977214 0.2001684 0.05740559 0.2120863 0.8973316 0.2015072 0.8829485 0.1778062 0.8968637 0.1776211 0.8886436 0.7734774 0.9015057 0.8011128 0.889713 0.8008631 0.5638101 0.6239078 0.5665369 0.6105943 0.5696076 0.6124187 0.04682499 0.2180268 0.06495231 0.2238987 0.05298078 0.2306201 0.8973316 0.2015072 0.9105567 0.1773841 0.9110051 0.2002713 0.8886436 0.7734774 0.8774408 0.8006678 0.8763563 0.7728946 0.5696076 0.6124187 0.5740447 0.5997024 0.5755831 0.6006165 0.05906736 0.2430348 0.06495231 0.2238987 0.07238262 0.235559 0.9244006 0.1988942 0.9105567 0.1773841 0.9239736 0.1770963 0.8636422 0.7724767 0.8774408 0.8006678 0.8647376 0.8005278 0.5817128 0.5885477 0.5755831 0.6006165 0.5740447 0.5997024 0.05906736 0.2430348 0.07966715 0.2470211 0.06506073 0.2552219 0.9374654 0.1973813 0.9239736 0.1770963 0.9370614 0.1767588 0.8636422 0.7724767 0.8516536 0.8004435 0.8505517 0.7722253 0.07093721 0.2671334 0.07966715 0.2470211 0.08677715 0.2582401 0.9374654 0.1973813 0.9497684 0.1763728 0.9501477 0.1957387 0.8371362 0.7721415 0.8516536 0.8004435 0.8382403 0.8004154 0.07093721 0.2671334 0.09368449 0.2691712 0.07667356 0.278722 0.9623976 0.1939727 0.9497684 0.1763728 0.9620444 0.1759399 0.7708577 0.2056684 0.7839911 0.1776164 0.7845442 0.2058507 0.08224725 0.2899422 0.09368449 0.2691712 0.1003621 0.2797717 0.9623976 0.1939727 0.9738411 0.175462 0.9741669 0.1920904 0.7984518 0.2058697 0.7839911 0.1776164 0.797902 0.1778027 0.08224725 0.2899422 0.1067833 0.2899996 0.08763617 0.3007497 0.9854089 0.1900992 0.9738411 0.175462 0.9851119 0.1749406 0.009804129 0.1415235 0.003847241 0.129086 0.01136451 0.1406474 0.7984518 0.2058697 0.8119813 0.1779365 0.8125256 0.2057254 0.08763617 0.3007497 0.1129232 0.2998145 0.09281915 0.3111018 0.9854089 0.1900992 0.9958122 0.174378 0.9960792 0.1880069 0.01586222 0.154134 0.01136451 0.1406474 0.01897674 0.1523853 0.889713 0.8008631 0.8774408 0.8286616 0.8774408 0.8006678 0.5665369 0.6105943 0.5726282 0.5986108 0.5740447 0.5997024 0.07238262 0.235559 0.07602185 0.2157918 0.08469462 0.2265422 0.9239736 0.1770963 0.9110051 0.1543326 0.9244006 0.1551418 0.8647376 0.8005278 0.8774408 0.8286616 0.8647376 0.8288017 0.5817128 0.5885477 0.5740447 0.5997024 0.5726282 0.5986108 0.07238262 0.235559 0.09317296 0.23713 0.07966715 0.2470211 0.9370614 0.1767588 0.9244006 0.1551418 0.9374653 0.155988 0.8647376 0.8005278 0.8516536 0.8288859 0.8516536 0.8004435 0.08677715 0.2582401 0.09317296 0.23713 0.1014235 0.2475135 0.9370614 0.1767588 0.9501477 0.1568678 0.9497684 0.1763728 0.8382403 0.8004154 0.8516536 0.8288859 0.8382403 0.8289141 0.08677715 0.2582401 0.1094137 0.2576518 0.09368449 0.2691712 0.9620444 0.1759399 0.9501477 0.1568678 0.9623976 0.1577776 0.7703036 0.1773784 0.7845442 0.1491793 0.7839911 0.1776164 0.1003621 0.2797717 0.1094137 0.2576518 0.1171119 0.2675047 0.9620444 0.1759399 0.9741668 0.158714 0.9738411 0.175462 0.797902 0.1778027 0.7845442 0.1491793 0.7984518 0.1495341 0.1003621 0.2797717 0.1244878 0.2770335 0.1067833 0.2899996 0.9851119 0.1749406 0.9741668 0.158714 0.9854089 0.1596732 0.01136451 0.1406474 0.003847241 0.129086 0.01280725 0.1395908 0.797902 0.1778027 0.8125256 0.1499479 0.8119813 0.1779365 0.1067833 0.2899996 0.1315124 0.2862005 0.1129232 0.2998145 0.9851119 0.1749406 0.9960792 0.1606513 0.9958122 0.174378 0.01897674 0.1523853 0.01280725 0.1395908 0.0218566 0.1502763 0.8261735 0.1780171 0.8125256 0.1499479 0.8267102 0.1504191 0.1187571 0.3091776 0.1315124 0.2862005 0.1381577 0.2949694 0.5324118 0.6596497 0.5155907 0.6597332 0.522807 0.6522473 0.026654 0.1642534 0.0218566 0.1502763 0.03095954 0.1611002 0.8261735 0.1780171 0.8409495 0.1509458 0.8404225 0.1780445 0.1187571 0.3091776 0.1443977 0.3033059 0.1242623 0.3180522 0.5324118 0.6596497 0.5303858 0.6442909 0.5386901 0.650691 0.026654 0.1642534 0.04008024 0.1720198 0.03436595 0.1762047 0.8546721 0.1780183 0.8409495 0.1509458 0.8551874 0.1515259 0.9234687 0.8017715 0.9335523 0.8271515 0.9234687 0.8275579 0.5386901 0.650691 0.5382972 0.6358957 0.5452681 0.6412681 0.04208213 0.1881921 0.04008024 0.1720198 0.04918259 0.1829921 0.8546721 0.1780183 0.8693675 0.1521573 0.8688662 0.1779388 0.9127724 0.801416 0.9234687 0.8275579 0.9127724 0.8279135 0.5452681 0.6412681 0.5465102 0.6270946 0.5521202 0.6314182 0.04977214 0.2001684 0.04918259 0.1829921 0.05823069 0.1939737 0.8688662 0.1779388 0.8834341 0.1528373 0.8829485 0.1778062 0.9127724 0.801416 0.9015057 0.8282167 0.9015057 0.8011128 0.5521202 0.6314182 0.5549921 0.6179224 0.5592191 0.6211801 0.05740559 0.2120863 0.05823069 0.1939737 0.06718891 0.2049214 0.8968637 0.1776211 0.8834341 0.1528373 0.8973316 0.1535634 0.889713 0.8008631 0.9015057 0.8282167 0.889713 0.8284664 0.5592191 0.6211801 0.5637096 0.6084153 0.5665369 0.6105943 0.05740559 0.2120863 0.07602185 0.2157918 0.06495231 0.2238987 0.8968637 0.1776211 0.9110051 0.1543326 0.9105567 0.1773841 0.7984518 0.1495341 0.81415 0.1222011 0.8125256 0.1499479 0.1244878 0.2770335 0.1482936 0.2704745 0.1315124 0.2862005 0.9854089 0.1596732 0.9968759 0.1470432 0.9960792 0.1606513 0.01280725 0.1395908 0.02445638 0.14784 0.0218566 0.1502763 0.8267102 0.1504191 0.81415 0.1222011 0.8283119 0.1230593 0.1381577 0.2949694 0.1482936 0.2704745 0.1556714 0.2785571 0.522807 0.6522473 0.5058302 0.6501267 0.5141806 0.6437569 0.03095954 0.1611002 0.02445638 0.14784 0.03484636 0.1574578 0.8267102 0.1504191 0.8425223 0.1240811 0.8409495 0.1509458 0.1381577 0.2949694 0.1625747 0.2862719 0.1443977 0.3033059 0.522807 0.6522473 0.5229275 0.6369503 0.5303858 0.6442909 0.04008024 0.1720198 0.03484636 0.1574578 0.04523873 0.1671857 0.8551874 0.1515259 0.8425223 0.1240811 0.8567249 0.1252624 0.9234687 0.8275579 0.9325848 0.8519281 0.9224697 0.853141 0.5303858 0.6442909 0.5320364 0.6297336 0.5382972 0.6358957 0.04918259 0.1829921 0.04523873 0.1671857 0.05559247 0.1769853 0.8551874 0.1515259 0.8708639 0.1265985 0.8693675 0.1521573 0.9127724 0.8279135 0.9224697 0.853141 0.9117458 0.8542019 0.5382972 0.6358957 0.5414716 0.6221355 0.5465102 0.6270946 0.05823069 0.1939737 0.05559247 0.1769853 0.06586664 0.186818 0.8693675 0.1521573 0.8848833 0.1280843 0.8834341 0.1528373 0.9127724 0.8279135 0.9004556 0.8551068 0.9015057 0.8282167 0.5465102 0.6270946 0.5511957 0.6141858 0.5549921 0.6179224 0.06718891 0.2049214 0.06586664 0.186818 0.07602077 0.1966449 0.8973316 0.1535634 0.8848833 0.1280843 0.8987278 0.1297135 0.889713 0.8284664 0.9004556 0.8551068 0.8886436 0.8558521 0.5549921 0.6179224 0.5611703 0.605916 0.5637096 0.6084153 0.06718891 0.2049214 0.08601474 0.2064273 0.07602185 0.2157918 0.8973316 0.1535634 0.9123429 0.1314802 0.9110051 0.1543326 0.889713 0.8284664 0.8763563 0.8564348 0.8774408 0.8286616 0.5637096 0.6084153 0.5713561 0.5973587 0.5726282 0.5986108 0.08469462 0.2265422 0.08601474 0.2064273 0.0958091 0.2161266 0.9244006 0.1551418 0.9123429 0.1314802 0.9256748 0.1333771 0.8647376 0.8288017 0.8763563 0.8564348 0.8636422 0.8568527 0.5817128 0.5885477 0.5726282 0.5986108 0.5713561 0.5973587 0.08469462 0.2265422 0.1053653 0.2257044 0.09317296 0.23713 0.9374653 0.155988 0.9256748 0.1333771 0.9386708 0.1353968 0.8647376 0.8288017 0.8505517 0.8571041 0.8516536 0.8288859 0.1014235 0.2475135 0.1053653 0.2257044 0.1146455 0.235123 0.9374653 0.155988 0.9512797 0.1375313 0.9501477 0.1568678 0.8382403 0.8289141 0.8505517 0.8571041 0.8371362 0.8571881 0.1014235 0.2475135 0.1236131 0.2443453 0.1094137 0.2576518 0.9623976 0.1577776 0.9512797 0.1375313 0.9634518 0.1397722 0.7708577 0.1488851 0.7861946 0.120988 0.7845442 0.1491793 0.1171119 0.2675047 0.1236131 0.2443453 0.1322327 0.2533348 0.9623976 0.1577776 0.9751389 0.1421108 0.9741668 0.158714 0.7984518 0.1495341 0.7861946 0.120988 0.8000924 0.1215097 0.1171119 0.2675047 0.1404704 0.2620559 0.1244878 0.2770335 0.9854089 0.1596732 0.9751389 0.1421108 0.9862949 0.1445376 0.01280725 0.1395908 0.003847241 0.129086 0.01410973 0.1383703 0.8886436 0.8558521 0.898372 0.8813591 0.8865215 0.8825882 0.5511957 0.6141858 0.5589591 0.603136 0.5611703 0.605916 0.07602077 0.1966449 0.09477347 0.1959528 0.08601474 0.2064273 0.8987278 0.1297135 0.9145492 0.1091873 0.9123429 0.1314802 0.8886436 0.8558521 0.8742042 0.8835492 0.8763563 0.8564348 0.5611703 0.605916 0.5702483 0.5959659 0.5713561 0.5973587 0.0958091 0.2161266 0.09477347 0.1959528 0.105551 0.2044765 0.9256748 0.1333771 0.9145492 0.1091873 0.9277762 0.1121452 0.8636422 0.8568527 0.8742042 0.8835492 0.8614687 0.8842384 0.5817128 0.5885477 0.5713561 0.5973587 0.5702483 0.5959659 0.0958091 0.2161266 0.1160517 0.2129246 0.1053653 0.2257044 0.9386708 0.1353968 0.9277762 0.1121452 0.9406589 0.1153097 0.8636422 0.8568527 0.8483651 0.884653 0.8505517 0.8571041 0.1146455 0.235123 0.1160517 0.2129246 0.1262344 0.221264 0.9386708 0.1353968 0.9531466 0.1186683 0.9512797 0.1375313 0.8371362 0.8571881 0.8483651 0.884653 0.8349453 0.8847914 0.1146455 0.235123 0.1360588 0.2294617 0.1236131 0.2443453 0.9634518 0.1397722 0.9531466 0.1186683 0.9651901 0.1222077 0.7725114 0.1206379 0.7889164 0.09348684 0.7861946 0.120988 0.1322327 0.2533348 0.1360588 0.2294617 0.1454861 0.2374852 0.9634518 0.1397722 0.9767419 0.125914 0.9751389 0.1421108 0.8000924 0.1215097 0.7889164 0.09348684 0.8027981 0.09417146 0.1322327 0.2533348 0.154479 0.2453032 0.1404704 0.2620559 0.9862949 0.1445376 0.9767419 0.125914 0.9877562 0.1297726 0.01410973 0.1383703 0.003847241 0.129086 0.01525127 0.137005 0.8000924 0.1215097 0.8168289 0.09513366 0.81415 0.1222011 0.1404704 0.2620559 0.1630022 0.2528846 0.1482936 0.2704745 0.9862949 0.1445376 0.9981898 0.1337682 0.9968759 0.1470432 0.02445638 0.14784 0.01525127 0.137005 0.026735 0.1451149 0.8283119 0.1230593 0.8168289 0.09513366 0.8309534 0.09636956 0.1556714 0.2785571 0.1630022 0.2528846 0.171022 0.2601994 0.5141806 0.6437569 0.4973307 0.6394408 0.5066686 0.6343126 0.03484636 0.1574578 0.026735 0.1451149 0.03825312 0.1533836 0.8283119 0.1230593 0.845116 0.09787434 0.8425223 0.1240811 0.1556714 0.2785571 0.1785067 0.267219 0.1625747 0.2862719 0.5141806 0.6437569 0.5164327 0.6287848 0.5229275 0.6369503 0.03484636 0.1574578 0.04976016 0.1617786 0.04523873 0.1671857 0.8567249 0.1252624 0.845116 0.09787434 0.8592606 0.09964197 0.9224697 0.853141 0.9306649 0.8761172 0.9204874 0.8781172 0.5229275 0.6369503 0.5265846 0.6228793 0.5320364 0.6297336 0.04523873 0.1671857 0.06121063 0.1702665 0.05559247 0.1769853 0.8567249 0.1252624 0.8733315 0.1016656 0.8708639 0.1265985 0.9117458 0.8542019 0.9204874 0.8781172 0.9097088 0.8798668 0.5414716 0.6221355 0.5265846 0.6228793 0.5370841 0.6166193 0.06586664 0.186818 0.06121063 0.1702665 0.07255947 0.1788141 0.8708639 0.1265985 0.8872731 0.1039372 0.8848833 0.1280843 0.9117458 0.8542019 0.898372 0.8813591 0.9004556 0.8551068 0.5511957 0.6141858 0.5370841 0.6166193 0.5478898 0.6100295 0.07602077 0.1966449 0.07255947 0.1788141 0.08376181 0.1873875 0.8987278 0.1297135 0.8872731 0.1039372 0.9010305 0.1064477 0.8027981 0.09417146 0.7926666 0.06710964 0.8065261 0.06795054 0.1454861 0.2374852 0.1662927 0.2270394 0.154479 0.2453032 0.9877562 0.1297726 0.9789505 0.1103792 0.9897696 0.115611 0.01525127 0.137005 0.003847241 0.129086 0.01621401 0.1355167 0.8027981 0.09417146 0.8205199 0.06917244 0.8168289 0.09513366 0.154479 0.2453032 0.1754063 0.2337082 0.1630022 0.2528846 0.9877562 0.1297726 1 0.1210358 0.9981898 0.1337682 0.026735 0.1451149 0.01621401 0.1355167 0.02865666 0.1421441 0.8309534 0.09636956 0.8205199 0.06917244 0.834593 0.07077056 0.1630022 0.2528846 0.1839674 0.240186 0.171022 0.2601994 0.5066686 0.6343126 0.4902263 0.6278441 0.5003896 0.6240633 0.03825312 0.1533836 0.02865666 0.1421441 0.04112613 0.1489421 0.8309534 0.09636956 0.8486897 0.07273852 0.845116 0.09787434 0.171022 0.2601994 0.1919425 0.2464475 0.1785067 0.267219 0.5066686 0.6343126 0.511004 0.6199234 0.5164327 0.6287848 0.03825312 0.1533836 0.05357313 0.1558837 0.04976016 0.1617786 0.8592606 0.09964197 0.8486897 0.07273852 0.8627544 0.07506859 0.1854268 0.2739154 0.1919425 0.2464475 0.1992999 0.2524679 0.5265846 0.6228793 0.511004 0.6199234 0.5220275 0.6154407 0.06121063 0.1702665 0.05357313 0.1558837 0.0659486 0.1629418 0.8592606 0.09964197 0.8767315 0.07775163 0.8733315 0.1016656 0.9097088 0.8798668 0.917553 0.9020928 0.9066936 0.9045035 0.5265846 0.6228793 0.5334166 0.6106328 0.5370841 0.6166193 0.06121063 0.1702665 0.07820361 0.1700883 0.07255947 0.1788141 0.8733315 0.1016656 0.8905659 0.08077692 0.8872731 0.1039372 0.9097088 0.8798668 0.8952877 0.9065597 0.898372 0.8813591 0.5370841 0.6166193 0.5451264 0.6055189 0.5478898 0.6100295 0.08376181 0.1873875 0.07820361 0.1700883 0.09028995 0.177295 0.9010305 0.1064477 0.8905659 0.08077692 0.9042032 0.08413267 0.8865215 0.8825882 0.8952877 0.9065597 0.8833804 0.9082531 0.5478898 0.6100295 0.5571108 0.600119 0.5589591 0.603136 0.08376181 0.1873875 0.1021598 0.1845337 0.09477347 0.1959528 0.9145492 0.1091873 0.9042032 0.08413267 0.9175893 0.0878055 0.8865215 0.8825882 0.8710187 0.9095773 0.8742042 0.8835492 0.5589591 0.603136 0.5693223 0.5944544 0.5702483 0.5959659 0.105551 0.2044765 0.1021598 0.1845337 0.1137664 0.1917756 0.9277762 0.1121452 0.9175893 0.0878055 0.9306715 0.09178102 0.8614687 0.8842384 0.8710187 0.9095773 0.8582512 0.9105269 0.5817128 0.5885477 0.5702483 0.5959659 0.5693223 0.5944544 0.105551 0.2044765 0.1250638 0.1989921 0.1160517 0.2129246 0.9406589 0.1153097 0.9306715 0.09178102 0.9433981 0.09604352 0.8614687 0.8842384 0.8451285 0.9110981 0.8483651 0.884653 0.1262344 0.221264 0.1250638 0.1989921 0.1360076 0.2061549 0.9406589 0.1153097 0.9557189 0.1005762 0.9531466 0.1186683 0.8349453 0.8847914 0.8451285 0.9110981 0.8317024 0.9112887 0.1262344 0.221264 0.1465544 0.2132356 0.1360588 0.2294617 0.9651901 0.1222077 0.9557189 0.1005762 0.9675853 0.105361 0.7752386 0.09308242 0.7926666 0.06710964 0.7889164 0.09348684 0.1454861 0.2374852 0.1465544 0.2132356 0.1566628 0.2202063 0.9651901 0.1222077 0.9789505 0.1103792 0.9767419 0.125914 0.9066936 0.9045035 0.8912514 0.9303109 0.8952877 0.9065597 0.5334166 0.6106328 0.5429493 0.6007251 0.5451264 0.6055189 0.09028995 0.177295 0.08271014 0.1607782 0.09550231 0.1665268 0.8905659 0.08077692 0.9081959 0.06312042 0.9042032 0.08413267 0.8833804 0.9082531 0.8912514 0.9303109 0.8792697 0.9324421 0.5451264 0.6055189 0.5556546 0.5969126 0.5571108 0.600119 0.09028995 0.177295 0.1080574 0.1723498 0.1021598 0.1845337 0.9042032 0.08413267 0.9214149 0.06767207 0.9175893 0.0878055 0.8833804 0.9082531 0.8668498 0.9341085 0.8710187 0.9095773 0.5571108 0.600119 0.5685927 0.5928481 0.5693223 0.5944544 0.1137664 0.1917756 0.1080574 0.1723498 0.1203259 0.1782242 0.9306715 0.09178102 0.9214149 0.06767207 0.934315 0.07260578 0.8582512 0.9105269 0.8668498 0.9341085 0.8540406 0.9353035 0.5817128 0.5885477 0.5693223 0.5944544 0.5685927 0.5928481 0.1137664 0.1917756 0.1322594 0.1841266 0.1250638 0.1989921 0.9433981 0.09604352 0.934315 0.07260578 0.9468452 0.07790213 0.8582512 0.9105269 0.8408929 0.9360224 0.8451285 0.9110981 0.1360076 0.2061549 0.1322594 0.1841266 0.1438108 0.190034 0.9433981 0.09604352 0.958956 0.08354026 0.9557189 0.1005762 0.8317024 0.9112887 0.8408929 0.9360224 0.8274583 0.9362623 0.1360076 0.2061549 0.1549346 0.1959229 0.1465544 0.2132356 0.9675853 0.105361 0.958956 0.08354026 0.9705996 0.08949786 0.7789962 0.06665307 0.7973861 0.04227244 0.7926666 0.06710964 0.1566628 0.2202063 0.1549346 0.1959229 0.1655867 0.2017701 0.9675853 0.105361 0.9817301 0.09575146 0.9789505 0.1103792 0.8065261 0.06795054 0.7973861 0.04227244 0.8112176 0.04326045 0.1566628 0.2202063 0.1757252 0.2075526 0.1662927 0.2270394 0.9897696 0.115611 0.9817301 0.09575146 0.9923035 0.1022763 0.01621401 0.1355167 0.003847241 0.129086 0.01698267 0.1339287 0.8065261 0.06795054 0.825165 0.0447269 0.8205199 0.06917244 0.1662927 0.2270394 0.1853102 0.2132475 0.1754063 0.2337082 0.4805542 0.6312508 0.484629 0.6155194 0.4902263 0.6278441 0.02865666 0.1421441 0.01698267 0.1339287 0.030191 0.1389744 0.834593 0.07077056 0.825165 0.0447269 0.8391733 0.04666602 0.1754063 0.2337082 0.1943036 0.2188324 0.1839674 0.240186 0.5003896 0.6240633 0.484629 0.6155194 0.4954427 0.6131706 0.04112613 0.1489421 0.030191 0.1389744 0.04342001 0.1442031 0.834593 0.07077056 0.853187 0.04907023 0.8486897 0.07273852 0.1919425 0.2464475 0.1943036 0.2188324 0.2026701 0.2242851 0.5003896 0.6240633 0.5067269 0.6105057 0.511004 0.6199234 0.04112613 0.1489421 0.05661755 0.1495943 0.05357313 0.1558837 0.8627544 0.07506859 0.853187 0.04907023 0.8671511 0.05192983 0.1992999 0.2524679 0.2026701 0.2242851 0.2103767 0.2295843 0.5220275 0.6154407 0.5067269 0.6105057 0.5184372 0.6075351 0.0659486 0.1629418 0.05661755 0.1495943 0.06973153 0.1551265 0.8627544 0.07506859 0.8810102 0.05523377 0.8767315 0.07775163 0.9066936 0.9045035 0.9137129 0.9246895 0.9027476 0.9277234 0.5220275 0.6154407 0.5305272 0.6042706 0.5334166 0.6106328 0.0659486 0.1629418 0.08271014 0.1607782 0.07820361 0.1700883 0.8767315 0.07775163 0.8947098 0.0589689 0.8905659 0.08077692 0.783725 0.04176676 0.8030005 0.01936686 0.7973861 0.04227244 0.1655867 0.2017701 0.161067 0.1777968 0.1721171 0.1824678 0.9705996 0.08949786 0.9850366 0.08226126 0.9817301 0.09575146 0.8112176 0.04326045 0.8030005 0.01936686 0.8167987 0.02049058 0.1655867 0.2017701 0.1826279 0.1871502 0.1757252 0.2075526 0.9923035 0.1022763 0.9850366 0.08226126 0.9953178 0.08997857 0.01698267 0.1339287 0.003847241 0.129086 0.01754522 0.1322661 0.8112176 0.04326045 0.8306908 0.02218258 0.825165 0.0447269 0.1757252 0.2075526 0.1925577 0.1918256 0.1853102 0.2132475 0.4743286 0.6175428 0.4806271 0.6026611 0.484629 0.6155194 0.030191 0.1389744 0.01754522 0.1322661 0.03131377 0.1356557 0.8391733 0.04666602 0.8306908 0.02218258 0.844622 0.02443623 0.1853102 0.2132475 0.2018674 0.1964754 0.1943036 0.2188324 0.4954427 0.6131706 0.4806271 0.6026611 0.4919057 0.6018063 0.04342001 0.1442031 0.03131377 0.1356557 0.04509866 0.1392414 0.8391733 0.04666602 0.8585371 0.02724266 0.853187 0.04907023 0.1943036 0.2188324 0.2105205 0.2010814 0.2026701 0.2242851 0.4954427 0.6131706 0.5036689 0.6006802 0.5067269 0.6105057 0.05661755 0.1495943 0.04509866 0.1392414 0.0588454 0.1430091 0.8671511 0.05192983 0.8585371 0.02724266 0.8723815 0.03059071 0.2103767 0.2295843 0.2105205 0.2010814 0.2184825 0.2056254 0.5184372 0.6075351 0.5036689 0.6006802 0.5158701 0.5992872 0.06973153 0.1551265 0.0588454 0.1430091 0.07249987 0.1469441 0.8671511 0.05192983 0.8861003 0.03446722 0.8810102 0.05523377 0.6806865 0.6700111 0.668425 0.6488329 0.6815741 0.6531311 0.5184372 0.6075351 0.5284613 0.597633 0.5305272 0.6042706 0.06973153 0.1551265 0.08600795 0.1510306 0.08271014 0.1607782 0.8810102 0.05523377 0.8996395 0.03885692 0.8947098 0.0589689 0.9027476 0.9277234 0.8863267 0.9522384 0.8912514 0.9303109 0.5305272 0.6042706 0.5413928 0.5957238 0.5429493 0.6007251 0.09550231 0.1665268 0.08600795 0.1510306 0.09931659 0.1552526 0.9081959 0.06312042 0.8996395 0.03885692 0.9129456 0.04374241 0.8792697 0.9324421 0.8863267 0.9522384 0.8742542 0.9547737 0.5429493 0.6007251 0.5546134 0.5935674 0.5556546 0.5969126 0.09550231 0.1665268 0.1123731 0.1595934 0.1080574 0.1723498 0.9214149 0.06767207 0.9129456 0.04374241 0.925966 0.04910439 0.8792697 0.9324421 0.8617634 0.956756 0.8668498 0.9341085 0.5556546 0.5969126 0.5680711 0.5911722 0.5685927 0.5928481 0.1203259 0.1782242 0.1123731 0.1595934 0.1251261 0.1640359 0.934315 0.07260578 0.925966 0.04910439 0.9386495 0.05492186 0.8540406 0.9353035 0.8617634 0.956756 0.8489034 0.9581776 0.5817128 0.5885477 0.5685927 0.5928481 0.5680711 0.5911722 0.1203259 0.1782242 0.137525 0.1685627 0.1322594 0.1841266 0.9468452 0.07790213 0.9386495 0.05492186 0.950946 0.06117171 0.8540406 0.9353035 0.835725 0.9590328 0.8408929 0.9360224 0.1438108 0.190034 0.137525 0.1685627 0.1495211 0.1731556 0.9468452 0.07790213 0.9628069 0.06782937 0.958956 0.08354026 0.8274583 0.9362623 0.835725 0.9590328 0.8222802 0.9593182 0.1438108 0.190034 0.161067 0.1777968 0.1549346 0.1959229 0.9705996 0.08949786 0.9628069 0.06782937 0.9741854 0.07486844 0.6815741 0.6531311 0.6692467 0.6300446 0.6824185 0.6338247 0.5158701 0.5992872 0.5272516 0.5908245 0.5284613 0.597633 0.07249987 0.1469441 0.08804506 0.1409993 0.08600795 0.1510306 0.8861003 0.03446722 0.9052771 0.02075815 0.8996395 0.03885692 0.6815741 0.6531311 0.6959056 0.6370781 0.6950419 0.6568264 0.5284613 0.597633 0.5404813 0.5905938 0.5413928 0.5957238 0.09931659 0.1552526 0.08804506 0.1409993 0.1016727 0.1436502 0.9129456 0.04374241 0.9052771 0.02075815 0.9183774 0.02630412 0.7087753 0.6599041 0.6959056 0.6370781 0.7096549 0.6397918 0.5413928 0.5957238 0.5540038 0.5901361 0.5546134 0.5935674 0.09931659 0.1552526 0.115039 0.1464657 0.1123731 0.1595934 0.925966 0.04910439 0.9183774 0.02630412 0.9311707 0.03239542 0.7087753 0.6599041 0.7236121 0.6419553 0.72272 0.6623522 0.5546134 0.5935674 0.5677657 0.5894531 0.5680711 0.5911722 0.1251261 0.1640359 0.115039 0.1464657 0.1280911 0.1494348 0.9386495 0.05492186 0.9311707 0.03239542 0.9436065 0.03900808 0.736821 0.6641609 0.7236121 0.6419553 0.737722 0.6435599 0.5817128 0.5885477 0.5680711 0.5911722 0.5677657 0.5894531 0.1251261 0.1640359 0.1407776 0.1525456 0.137525 0.1685627 0.950946 0.06117171 0.9436065 0.03900808 0.9556357 0.04611599 0.736821 0.6641609 0.7519291 0.6445994 0.7510227 0.6653231 0.1495211 0.1731556 0.1407776 0.1525456 0.1530484 0.1557859 0.950946 0.06117171 0.9672108 0.05369108 0.9628069 0.06782937 0.7652691 0.6658343 0.7519291 0.6445994 0.7661772 0.6450697 0.1495211 0.1731556 0.1648551 0.159143 0.161067 0.1777968 0.9741854 0.07486844 0.9672108 0.05369108 0.9782862 0.06170344 0.1653293 0.7146929 0.1801987 0.6936329 0.179561 0.7143665 0.1721171 0.1824678 0.1648551 0.159143 0.176151 0.1626034 0.9741854 0.07486844 0.9888181 0.07012146 0.9850366 0.08226126 0.1937164 0.7133885 0.1801987 0.6936329 0.1943503 0.6927776 0.1721171 0.1824678 0.1868916 0.1661538 0.1826279 0.1871502 0.4698775 0.6032412 0.4568402 0.5874525 0.467271 0.5885717 0.01754522 0.1322661 0.003847241 0.129086 0.01789265 0.130555 0.8167987 0.02049058 0.8370102 0.00189495 0.8306908 0.02218258 0.1826279 0.1871502 0.1970345 0.16978 0.1925577 0.1918256 0.4698775 0.6032412 0.4782837 0.589472 0.4806271 0.6026611 0.03131377 0.1356557 0.01789265 0.130555 0.03200733 0.1322404 0.844622 0.02443623 0.8370102 0.00189495 0.8508532 0.004431664 0.1925577 0.1918256 0.2065396 0.1734676 0.2018674 0.1964754 0.4919057 0.6018063 0.4782837 0.589472 0.4898346 0.5901496 0.04509866 0.1392414 0.03200733 0.1322404 0.04613554 0.1341353 0.844622 0.02443623 0.8646557 0.007600009 0.8585371 0.02724266 0.6432889 0.6384979 0.6564422 0.6257526 0.6556464 0.6439488 0.4919057 0.6018063 0.5018782 0.5906019 0.5036689 0.6006802 0.0588454 0.1430091 0.04613554 0.1341353 0.06022161 0.1362324 0.8723815 0.03059071 0.8646557 0.007600009 0.8783631 0.01138758 0.668425 0.6488329 0.6564422 0.6257526 0.6692467 0.6300446 0.5158701 0.5992872 0.5018782 0.5906019 0.5143669 0.5908272 0.07249987 0.1469441 0.06022161 0.1362324 0.07420986 0.1385234 0.8723815 0.03059071 0.8919214 0.01577943 0.8861003 0.03446722 0.7661772 0.6450697 0.7527749 0.6215981 0.7670246 0.6220228 0.1530484 0.1557859 0.166239 0.1402556 0.1648551 0.159143 0.9782862 0.06170344 0.9720984 0.04134845 0.9828373 0.05021047 0.1659682 0.6939183 0.1807461 0.6706224 0.1801987 0.6936329 0.176151 0.1626034 0.166239 0.1402556 0.1776247 0.1424905 0.4470322 0.5861185 0.4560496 0.5712107 0.4568402 0.5874525 0.1943503 0.6927776 0.1807461 0.6706224 0.1948946 0.6699035 0.176151 0.1626034 0.1884493 0.1448946 0.1868916 0.1661538 0.467271 0.5885717 0.4560496 0.5712107 0.4665503 0.5737657 0.01789265 0.130555 0.003847241 0.129086 0.01801961 0.1288226 0.1943503 0.6927776 0.2089062 0.6687085 0.2083673 0.6913561 0.1868916 0.1661538 0.19867 0.1474584 0.1970345 0.16978 0.467271 0.5885717 0.4776356 0.5761601 0.4782837 0.589472 0.03200733 0.1322404 0.01801961 0.1288226 0.03226071 0.1287823 0.2221944 0.6893737 0.2089062 0.6687085 0.2227258 0.6670421 0.6321359 0.615703 0.6447712 0.6015067 0.6440557 0.6209658 0.4898346 0.5901496 0.4776356 0.5761601 0.4892618 0.5783844 0.04613554 0.1341353 0.03226071 0.1287823 0.04651439 0.1289653 0.2221944 0.6893737 0.2362987 0.6649109 0.235777 0.6868384 0.6440557 0.6209658 0.6571849 0.6055565 0.6564422 0.6257526 0.4898346 0.5901496 0.501383 0.5804299 0.5018782 0.5906019 0.04613554 0.1341353 0.06072437 0.1293708 0.06022161 0.1362324 0.2490615 0.6837602 0.2362987 0.6649109 0.2495715 0.6623233 0.6692467 0.6300446 0.6571849 0.6055565 0.6700135 0.6091911 0.5143669 0.5908272 0.501383 0.5804299 0.5139513 0.5822884 0.07420986 0.1385234 0.06072437 0.1293708 0.07483458 0.1299973 0.2490615 0.6837602 0.2624918 0.6592895 0.2619954 0.6801512 0.6824185 0.6338247 0.6700135 0.6091911 0.6832064 0.6123962 0.5143669 0.5908272 0.5269171 0.5839526 0.5272516 0.5908245 0.07420986 0.1385234 0.08878928 0.1308423 0.08804506 0.1409993 0.2619954 0.6801512 0.2750086 0.6558215 0.2745279 0.6760256 0.6824185 0.6338247 0.6967116 0.6151592 0.6959056 0.6370781 0.5404813 0.5905938 0.5269171 0.5839526 0.5402292 0.585416 0.1016727 0.1436502 0.08878928 0.1308423 0.1025335 0.1319025 0.2866092 0.6713997 0.2750086 0.6558215 0.2870724 0.651933 0.7096549 0.6397918 0.6967116 0.6151592 0.7104758 0.617469 0.5404813 0.5905938 0.5538352 0.5866729 0.5540038 0.5901361 0.1016727 0.1436502 0.1160129 0.1331737 0.115039 0.1464657 0.9311707 0.03239542 0.9244058 0.01108062 0.9369469 0.01780861 0.7096549 0.6397918 0.7244446 0.6193167 0.7236121 0.6419553 0.5540038 0.5901361 0.5676813 0.5877181 0.5677657 0.5894531 0.1280911 0.1494348 0.1160129 0.1331737 0.1291744 0.1346508 0.9436065 0.03900808 0.9369469 0.01780861 0.9491078 0.02511548 0.737722 0.6435599 0.7244446 0.6193167 0.7385628 0.6206948 0.5817128 0.5885477 0.5677657 0.5894531 0.5676813 0.5877181 0.1280911 0.1494348 0.1419659 0.1363281 0.1407776 0.1525456 0.9556357 0.04611599 0.9491078 0.02511548 0.9608404 0.03297245 0.737722 0.6435599 0.7527749 0.6215981 0.7519291 0.6445994 0.1530484 0.1557859 0.1419659 0.1363281 0.1543371 0.1381988 0.9556357 0.04611599 0.9720984 0.04134845 0.9672108 0.05369108 0.6700135 0.6091911 0.6578626 0.583679 0.6707133 0.5866016 0.5139513 0.5822884 0.5021913 0.5703244 0.5146297 0.5738055 0.07483458 0.1299973 0.06034576 0.1225326 0.07436418 0.1215003 0.2495715 0.6623233 0.2628987 0.6366928 0.2624918 0.6592895 0.6832064 0.6123962 0.6707133 0.5866016 0.6839255 0.5891838 0.5139513 0.5822884 0.5274631 0.5771257 0.5269171 0.5839526 0.07483458 0.1299973 0.08822888 0.1207201 0.08878928 0.1308423 0.2624918 0.6592895 0.2754026 0.633937 0.2750086 0.6558215 0.6832064 0.6123962 0.6974472 0.5914155 0.6967116 0.6151592 0.5269171 0.5839526 0.5406406 0.5802721 0.5402292 0.585416 0.1025335 0.1319025 0.08822888 0.1207201 0.1018854 0.1201949 0.2870724 0.651933 0.2754026 0.633937 0.287452 0.6308471 0.7104758 0.617469 0.6974472 0.5914155 0.7112249 0.5932877 0.5402292 0.585416 0.5541104 0.5832323 0.5538352 0.5866729 0.1025335 0.1319025 0.1152796 0.1199269 0.1160129 0.1331737 0.2986357 0.6476393 0.287452 0.6308471 0.2989994 0.6274352 0.7104758 0.617469 0.7252042 0.5947933 0.7244446 0.6193167 0.5538352 0.5866729 0.5678191 0.5859944 0.5676813 0.5877181 0.1291744 0.1346508 0.1152796 0.1199269 0.1283587 0.1199172 0.3096528 0.6429573 0.2989994 0.6274352 0.3099992 0.6237148 0.7385628 0.6206948 0.7252042 0.5947933 0.7393301 0.595926 0.5817128 0.5885477 0.5676813 0.5877181 0.5678191 0.5859944 0.1291744 0.1346508 0.1410712 0.1201658 0.1419659 0.1363281 0.3200802 0.6379055 0.3099992 0.6237148 0.3204079 0.6197006 0.7385628 0.6206948 0.7535468 0.5966817 0.7527749 0.6215981 0.1543371 0.1381988 0.1410712 0.1201658 0.1533668 0.1206716 0.3200802 0.6379055 0.3301846 0.6154084 0.3298768 0.6325041 0.7670246 0.6220228 0.7535468 0.5966817 0.7677981 0.5970572 0.1543371 0.1381988 0.1651969 0.1214328 0.166239 0.1402556 0.4461748 0.5685051 0.438468 0.5468679 0.4475743 0.5510069 0.1665169 0.6708623 0.1811949 0.6456981 0.1807461 0.6706224 0.1776247 0.1424905 0.1651969 0.1214328 0.176515 0.1224462 0.4461748 0.5685051 0.45734 0.5550752 0.4560496 0.5712107 0.1948946 0.6699035 0.1811949 0.6456981 0.1953406 0.6451268 0.1776247 0.1424905 0.1872764 0.1237079 0.1884493 0.1448946 0.4665503 0.5737657 0.45734 0.5550752 0.4677267 0.5590565 0.01801961 0.1288226 0.003847241 0.129086 0.01792401 0.1270961 0.1948946 0.6699035 0.2093479 0.6441773 0.2089062 0.6687085 0.6213828 0.592227 0.6334471 0.57686 0.6328215 0.5970577 0.4665503 0.5737657 0.4786933 0.5629353 0.4776356 0.5761601 0.01801961 0.1288226 0.03206992 0.125336 0.03226071 0.1287823 0.2227258 0.6670421 0.2093479 0.6441773 0.2231612 0.6428532 0.6328215 0.5970577 0.6454242 0.5804275 0.6447712 0.6015067 0.4892618 0.5783844 0.4786933 0.5629353 0.4901966 0.5666962 0.04651439 0.1289653 0.03206992 0.125336 0.04622912 0.1238129 0.2227258 0.6670421 0.2367264 0.6411597 0.2362987 0.6649109 0.6447712 0.6015067 0.6578626 0.583679 0.6571849 0.6055565 0.4892618 0.5783844 0.5021913 0.5703244 0.501383 0.5804299 0.06072437 0.1293708 0.04622912 0.1238129 0.06034576 0.1225326 0.2495715 0.6623233 0.2367264 0.6411597 0.2499896 0.6391035 0.7393301 0.595926 0.7542325 0.5702432 0.7535468 0.5966817 0.1533668 0.1206716 0.1381075 0.1043137 0.1501528 0.1034808 0.3204079 0.6197006 0.3304198 0.5972697 0.3301846 0.6154084 0.7677981 0.5970572 0.7542325 0.5702432 0.7684851 0.5705664 0.1533668 0.1206716 0.1617453 0.1029711 0.1651969 0.1214328 0.4475743 0.5510069 0.4423708 0.5284963 0.4512084 0.5339 0.1669664 0.6458888 0.1815378 0.619253 0.1811949 0.6456981 0.176515 0.1224462 0.1617453 0.1029711 0.1728395 0.1027865 0.4475743 0.5510069 0.4606912 0.5393005 0.45734 0.5550752 0.1953406 0.6451268 0.1815378 0.619253 0.1956815 0.6188384 0.6110642 0.5688345 0.6225081 0.5525792 0.6219787 0.5729906 0.4677267 0.5590565 0.4606912 0.5393005 0.4707816 0.5446763 0.01792401 0.1270961 0.003847241 0.129086 0.01760745 0.1254026 0.1953406 0.6451268 0.2096853 0.6181492 0.2093479 0.6441773 0.6219787 0.5729906 0.634003 0.5554286 0.6334471 0.57686 0.4677267 0.5590565 0.48144 0.5500062 0.4786933 0.5629353 0.01792401 0.1270961 0.03143799 0.1219559 0.03206992 0.125336 0.2231612 0.6428532 0.2096853 0.6181492 0.223494 0.6171882 0.6334471 0.57686 0.6460043 0.5580607 0.6454242 0.5804275 0.4901966 0.5666962 0.48144 0.5500062 0.4926241 0.5552693 0.03206992 0.125336 0.04528433 0.1187593 0.04622912 0.1238129 0.2231612 0.6428532 0.2370531 0.6159591 0.2367264 0.6411597 0.6578626 0.583679 0.6460043 0.5580607 0.6584647 0.5604649 0.4901966 0.5666962 0.5042901 0.5604448 0.5021913 0.5703244 0.04622912 0.1238129 0.05909186 0.1158257 0.06034576 0.1225326 0.2499896 0.6391035 0.2370531 0.6159591 0.2503091 0.6144668 0.6707133 0.5866016 0.6584647 0.5604649 0.671335 0.562632 0.5146297 0.5738055 0.5042901 0.5604448 0.5163915 0.5655122 0.07436418 0.1215003 0.05909186 0.1158257 0.07280606 0.1131664 0.2499896 0.6391035 0.2632095 0.6127172 0.2628987 0.6366928 0.6839255 0.5891838 0.671335 0.562632 0.6845644 0.5645533 0.5146297 0.5738055 0.5288809 0.5704515 0.5274631 0.5771257 0.07436418 0.1215003 0.08637273 0.1107921 0.08822888 0.1207201 0.2628987 0.6366928 0.2757037 0.6107172 0.2754026 0.633937 0.6839255 0.5891838 0.6981006 0.5662212 0.6974472 0.5914155 0.5406406 0.5802721 0.5288809 0.5704515 0.541709 0.5752433 0.1018854 0.1201949 0.08637273 0.1107921 0.09973853 0.108712 0.2754026 0.633937 0.2877421 0.6084746 0.287452 0.6308471 0.7112249 0.5932877 0.6981006 0.5662212 0.7118903 0.5676292 0.5406406 0.5802721 0.5548249 0.5798687 0.5541104 0.5832323 0.1018854 0.1201949 0.1128505 0.1069344 0.1152796 0.1199269 0.2989994 0.6274352 0.2877421 0.6084746 0.2992774 0.6059983 0.7112249 0.5932877 0.7258791 0.5687717 0.7252042 0.5947933 0.5678191 0.5859944 0.5548249 0.5798687 0.5681771 0.5843093 0.1283587 0.1199172 0.1128505 0.1069344 0.125657 0.1054664 0.3099992 0.6237148 0.2992774 0.6059983 0.3102639 0.6032982 0.7393301 0.595926 0.7258791 0.5687717 0.7400118 0.5696442 0.5817128 0.5885477 0.5678191 0.5859944 0.5681771 0.5843093 0.1283587 0.1199172 0.1381075 0.1043137 0.1410712 0.1201658 0.3204079 0.6197006 0.3102639 0.6032982 0.3206584 0.6003848 0.6584647 0.5604649 0.6465024 0.5347589 0.6589817 0.5362806 0.4926241 0.5552693 0.5076464 0.550947 0.5042901 0.5604448 0.04528433 0.1187593 0.05698233 0.1093557 0.05909186 0.1158257 0.2503091 0.6144668 0.2372738 0.5897068 0.2505248 0.5888019 0.671335 0.562632 0.6589817 0.5362806 0.6718688 0.5376606 0.5163915 0.5655122 0.5076464 0.550947 0.5192089 0.5575394 0.07280606 0.1131664 0.05698233 0.1093557 0.07018482 0.1051269 0.2503091 0.6144668 0.2634196 0.587741 0.2632095 0.6127172 0.6845644 0.5645533 0.6718688 0.5376606 0.6851129 0.5388934 0.5163915 0.5655122 0.5311483 0.5640352 0.5288809 0.5704515 0.07280606 0.1131664 0.08325016 0.1012149 0.08637273 0.1107921 0.2632095 0.6127172 0.275907 0.5865282 0.2757037 0.6107172 0.6845644 0.5645533 0.6986617 0.539974 0.6981006 0.5662212 0.5288809 0.5704515 0.5434173 0.5704088 0.541709 0.5752433 0.09973853 0.108712 0.08325016 0.1012149 0.09612685 0.09763485 0.2757037 0.6107172 0.2879381 0.5851683 0.2877421 0.6084746 0.7118903 0.5676292 0.6986617 0.539974 0.7124618 0.5408983 0.541709 0.5752433 0.5559676 0.576635 0.5548249 0.5798687 0.09973853 0.108712 0.1087641 0.09440106 0.1128505 0.1069344 0.2992774 0.6059983 0.2879381 0.5851683 0.2994651 0.5836668 0.7118903 0.5676292 0.7264587 0.5416626 0.7258791 0.5687717 0.5548249 0.5798687 0.5687496 0.5826892 0.5681771 0.5843093 0.125657 0.1054664 0.1087641 0.09440106 0.1211118 0.09152626 0.3102639 0.6032982 0.2994651 0.5836668 0.3104428 0.5820295 0.7400118 0.5696442 0.7264587 0.5416626 0.7405971 0.5422638 0.5817128 0.5885477 0.5681771 0.5843093 0.5687496 0.5826892 0.125657 0.1054664 0.1331216 0.08902174 0.1381075 0.1043137 0.3206584 0.6003848 0.3104428 0.5820295 0.3208276 0.5802628 0.7400118 0.5696442 0.7548213 0.5426997 0.7542325 0.5702432 0.1501528 0.1034808 0.1331216 0.08902174 0.1447458 0.08689749 0.3206584 0.6003848 0.3305786 0.5783739 0.3304198 0.5972697 0.7684851 0.5705664 0.7548213 0.5426997 0.7690751 0.5429684 0.1501528 0.1034808 0.1559386 0.0851618 0.1617453 0.1029711 0.4512084 0.5339 0.4486121 0.5108346 0.4570201 0.5174541 0.1673101 0.6193914 0.1817694 0.5917041 0.1815378 0.619253 0.1728395 0.1027865 0.1559386 0.0851618 0.166656 0.08382153 0.4512084 0.5339 0.4660502 0.5241352 0.4606912 0.5393005 0.1956815 0.6188384 0.1817694 0.5917041 0.1959118 0.5914527 0.6115651 0.5495236 0.6229627 0.5313145 0.6225081 0.5525792 0.4707816 0.5446763 0.4660502 0.5241352 0.4756669 0.5308516 0.01760745 0.1254026 0.003847241 0.129086 0.01707482 0.1237691 0.1956815 0.6188384 0.2099133 0.5910348 0.2096853 0.6181492 0.6225081 0.5525792 0.6344803 0.5331013 0.634003 0.5554286 0.4707816 0.5446763 0.4858323 0.5375767 0.48144 0.5500062 0.03143799 0.1219559 0.01707482 0.1237691 0.03037482 0.1186952 0.223494 0.6171882 0.2099133 0.5910348 0.2237188 0.5904521 0.634003 0.5554286 0.6465024 0.5347589 0.6460043 0.5580607 0.4926241 0.5552693 0.4858323 0.5375767 0.4965061 0.5442839 0.04528433 0.1187593 0.03037482 0.1186952 0.04369485 0.1138844 0.223494 0.6171882 0.2372738 0.5897068 0.2370531 0.6159591 0.7405971 0.5422638 0.7269337 0.5138933 0.7410768 0.5142167 0.5817128 0.5885477 0.5687496 0.5826892 0.5695275 0.5811598 0.1211118 0.09152626 0.1261921 0.07453119 0.1331216 0.08902174 0.3208276 0.5802628 0.3105329 0.560244 0.3209128 0.559652 0.7405971 0.5422638 0.7553039 0.5144854 0.7548213 0.5426997 0.1447458 0.08689749 0.1261921 0.07453119 0.1372311 0.07118314 0.3208276 0.5802628 0.3306587 0.5590191 0.3305786 0.5783739 0.7690751 0.5429684 0.7553039 0.5144854 0.7695587 0.5146983 0.1447458 0.08689749 0.1478685 0.06828576 0.1559386 0.0851618 0.4570201 0.5174541 0.4570933 0.4941613 0.4649174 0.5019286 0.1675422 0.591788 0.1818861 0.5634859 0.1817694 0.5917041 0.6119951 0.5294055 0.6019518 0.5080298 0.6123476 0.5087975 0.4570201 0.5174541 0.4733326 0.5098188 0.4660502 0.5241352 0.1959118 0.5914527 0.1818861 0.5634859 0.1960278 0.5634016 0.6119951 0.5294055 0.6233353 0.509532 0.6229627 0.5313145 0.4756669 0.5308516 0.4733326 0.5098188 0.4823056 0.5178007 0.01707482 0.1237691 0.003847241 0.129086 0.01633453 0.1222211 0.1959118 0.5914527 0.2100282 0.5632617 0.2099133 0.5910348 0.6229627 0.5313145 0.6348715 0.5102303 0.6344803 0.5331013 0.4756669 0.5308516 0.491801 0.5258428 0.4858323 0.5375767 0.03037482 0.1186952 0.01633453 0.1222211 0.02889728 0.1156054 0.2237188 0.5904521 0.2100282 0.5632617 0.2238321 0.5630664 0.6344803 0.5331013 0.6469107 0.5108897 0.6465024 0.5347589 0.4965061 0.5442839 0.491801 0.5258428 0.5017814 0.5339134 0.04369485 0.1138844 0.02889728 0.1156054 0.04148578 0.1092649 0.2237188 0.5904521 0.2373851 0.5628166 0.2372738 0.5897068 0.6589817 0.5362806 0.6469107 0.5108897 0.6594054 0.5115074 0.4965061 0.5442839 0.5122073 0.5419807 0.5076464 0.550947 0.04369485 0.1138844 0.0540505 0.1032248 0.05698233 0.1093557 0.2505248 0.5888019 0.2373851 0.5628166 0.2506336 0.5625134 0.6718688 0.5376606 0.6594054 0.5115074 0.6723063 0.5120811 0.5076464 0.550947 0.5230375 0.5500127 0.5192089 0.5575394 0.07018482 0.1051269 0.0540505 0.1032248 0.06654179 0.09750878 0.2505248 0.5888019 0.2635254 0.5621579 0.2634196 0.587741 0.6851129 0.5388934 0.6723063 0.5120811 0.6855625 0.5126085 0.5192089 0.5575394 0.5342295 0.5579779 0.5311483 0.5640352 0.08325016 0.1012149 0.06654179 0.09750878 0.07891029 0.09213954 0.2634196 0.587741 0.2760096 0.5617515 0.275907 0.5865282 0.6851129 0.5388934 0.6991216 0.5130876 0.6986617 0.539974 0.5434173 0.5704088 0.5342295 0.5579779 0.5457389 0.5658448 0.09612685 0.09763485 0.07891029 0.09213954 0.0911073 0.08713817 0.275907 0.5865282 0.2880368 0.5612959 0.2879381 0.5851683 0.7124618 0.5408983 0.6991216 0.5130876 0.7129302 0.5135164 0.5434173 0.5704088 0.5575205 0.5735823 0.5559676 0.576635 0.09612685 0.09763485 0.1030846 0.08252447 0.1087641 0.09440106 0.2994651 0.5836668 0.2880368 0.5612959 0.2995598 0.5607927 0.7124618 0.5408983 0.7269337 0.5138933 0.7264587 0.5416626 0.5559676 0.576635 0.5695275 0.5811598 0.5687496 0.5826892 0.1211118 0.09152626 0.1030846 0.08252447 0.1147949 0.07831656 0.3104428 0.5820295 0.2995598 0.5607927 0.3105329 0.560244 0.4823056 0.5178007 0.4824235 0.4965768 0.4905929 0.5057292 0.01633453 0.1222211 0.003847241 0.129086 0.01539838 0.1207832 0.1960278 0.5634016 0.2100282 0.5352678 0.2100282 0.5632617 0.6233353 0.509532 0.6351704 0.4871764 0.6348715 0.5102303 0.4823056 0.5178007 0.499252 0.5149895 0.491801 0.5258428 0.02889728 0.1156054 0.01539838 0.1207832 0.02702856 0.1127351 0.2238321 0.5630664 0.2100282 0.5352678 0.2238321 0.535463 0.6348715 0.5102303 0.6472227 0.4868294 0.6469107 0.5108897 0.5017814 0.5339134 0.499252 0.5149895 0.5083666 0.5243211 0.04148578 0.1092649 0.02702856 0.1127351 0.03869199 0.1049737 0.2238321 0.5630664 0.2373851 0.5357128 0.2373851 0.5628166 0.6594054 0.5115074 0.6472227 0.4868294 0.6597292 0.4865359 0.5017814 0.5339134 0.5179008 0.5336874 0.5122073 0.5419807 0.04148578 0.1092649 0.05034261 0.09752959 0.0540505 0.1032248 0.2506336 0.5625134 0.2373851 0.5357128 0.2506336 0.536016 0.6723063 0.5120811 0.6597292 0.4865359 0.6726406 0.4862968 0.5122073 0.5419807 0.5278169 0.543051 0.5230375 0.5500127 0.06654179 0.09750878 0.05034261 0.09752959 0.06193441 0.09043204 0.2506336 0.5625134 0.2635254 0.5363715 0.2635254 0.5621579 0.6855625 0.5126085 0.6726406 0.4862968 0.6859061 0.4861133 0.5230375 0.5500127 0.5380758 0.5523753 0.5342295 0.5579779 0.07891029 0.09213954 0.06193441 0.09043204 0.07342159 0.08370923 0.2635254 0.5621579 0.2760096 0.5367779 0.2760096 0.5617515 0.6855625 0.5126085 0.699473 0.4859859 0.6991216 0.5130876 0.5457389 0.5658448 0.5380758 0.5523753 0.548637 0.5616233 0.0911073 0.08713817 0.07342159 0.08370923 0.08475899 0.07738751 0.2760096 0.5617515 0.2880368 0.5372336 0.2880368 0.5612959 0.7129302 0.5135164 0.699473 0.4859859 0.713288 0.4859153 0.5457389 0.5658448 0.5594589 0.5707587 0.5575205 0.5735823 0.0911073 0.08713817 0.09590172 0.07149195 0.1030846 0.08252447 0.2995598 0.5607927 0.2880368 0.5372336 0.2995598 0.5377368 0.7129302 0.5135164 0.7272966 0.4859017 0.7269337 0.5138933 0.5575205 0.5735823 0.5704987 0.5797453 0.5695275 0.5811598 0.1147949 0.07831656 0.09590172 0.07149195 0.1068059 0.06604576 0.3105329 0.560244 0.2995598 0.5377368 0.3105329 0.5382854 0.7410768 0.5142167 0.7272966 0.4859017 0.7414434 0.4859451 0.5817128 0.5885477 0.5695275 0.5811598 0.5704987 0.5797453 0.1147949 0.07831656 0.1174284 0.06107044 0.1261921 0.07453119 0.3209128 0.559652 0.3105329 0.5382854 0.3209128 0.5388774 0.7410768 0.5142167 0.7556726 0.4860453 0.7553039 0.5144854 0.1372311 0.07118314 0.1174284 0.06107044 0.1277273 0.05658566 0.4498911 0.4865476 0.4676808 0.4787395 0.4570933 0.4941613 0.7695587 0.5146983 0.7556726 0.4860453 0.7699282 0.486202 0.1372311 0.07118314 0.137662 0.05260908 0.1478685 0.06828576 0.4649174 0.5019286 0.4676808 0.4787395 0.474776 0.4875683 0.1676591 0.5635141 0.1818861 0.5350435 0.1818861 0.5634859 0.6123476 0.5087975 0.6022048 0.4885227 0.612617 0.4880246 0.4649174 0.5019286 0.4824235 0.4965768 0.4733326 0.5098188 0.1960278 0.5634016 0.1818861 0.5350435 0.1960278 0.5351277 0.6123476 0.5087975 0.62362 0.4875752 0.6233353 0.509532 0.08475899 0.07738751 0.06687074 0.07605683 0.07718211 0.06853663 0.2760096 0.5367779 0.2879381 0.5133611 0.2880368 0.5372336 0.713288 0.4859153 0.6997104 0.4590967 0.7135298 0.4585305 0.5594589 0.5707587 0.552066 0.557811 0.5617524 0.5682088 0.08475899 0.07738751 0.08732879 0.06147748 0.09590172 0.07149195 0.2995598 0.5377368 0.2879381 0.5133611 0.2994651 0.5148627 0.713288 0.4859153 0.7275418 0.4581294 0.7272966 0.4859017 0.5594589 0.5707587 0.5716477 0.5784678 0.5704987 0.5797453 0.1068059 0.06604576 0.08732879 0.06147748 0.0972706 0.05490726 0.3105329 0.5382854 0.2994651 0.5148627 0.3104428 0.5164999 0.7414434 0.4859451 0.7275418 0.4581294 0.7416911 0.4578949 0.5817128 0.5885477 0.5704987 0.5797453 0.5716477 0.5784678 0.1068059 0.06604576 0.1069685 0.04885184 0.1174284 0.06107044 0.3209128 0.5388774 0.3104428 0.5164999 0.3208276 0.5182666 0.7414434 0.4859451 0.7559218 0.4578281 0.7556726 0.4860453 0.1277273 0.05658566 0.1069685 0.04885184 0.1163841 0.04333519 0.4611656 0.4701249 0.4802075 0.4648121 0.4676808 0.4787395 0.7699282 0.486202 0.7559218 0.4578281 0.7701778 0.4579289 0.1277273 0.05658566 0.1254802 0.03837907 0.137662 0.05260908 0.474776 0.4875683 0.4802075 0.4648121 0.4864404 0.4745997 0.1676591 0.5350154 0.1817694 0.5068253 0.1818861 0.5350435 0.612617 0.4880246 0.6023756 0.4691684 0.6127989 0.4674144 0.474776 0.4875683 0.4931795 0.4846181 0.4824235 0.4965768 0.1960278 0.5351277 0.1817694 0.5068253 0.1959118 0.5070767 0.612617 0.4880246 0.6238123 0.4657905 0.62362 0.4875752 0.4905929 0.5057292 0.4931795 0.4846181 0.5003982 0.4948276 0.01539838 0.1207832 0.003847241 0.129086 0.01428097 0.1194779 0.1960278 0.5351277 0.2099133 0.5074946 0.2100282 0.5352678 0.62362 0.4875752 0.6353724 0.4643029 0.6351704 0.4871764 0.4905929 0.5057292 0.5080677 0.5051881 0.499252 0.5149895 0.02702856 0.1127351 0.01428097 0.1194779 0.02479821 0.1101298 0.2238321 0.535463 0.2099133 0.5074946 0.2237188 0.5080773 0.6351704 0.4871764 0.6474334 0.4629577 0.6472227 0.4868294 0.5083666 0.5243211 0.5080677 0.5051881 0.5161581 0.5156586 0.02702856 0.1127351 0.03535747 0.1010785 0.03869199 0.1049737 0.2238321 0.535463 0.2372738 0.5088226 0.2373851 0.5357128 0.6597292 0.4865359 0.6474334 0.4629577 0.6599479 0.46176 0.5083666 0.5243211 0.5246372 0.5261977 0.5179008 0.5336874 0.05034261 0.09752959 0.03535747 0.1010785 0.04591709 0.09235996 0.2506336 0.536016 0.2372738 0.5088226 0.2505248 0.5097275 0.6726406 0.4862968 0.6599479 0.46176 0.6728665 0.4607146 0.5179008 0.5336874 0.5334717 0.536764 0.5278169 0.543051 0.06193441 0.09043204 0.04591709 0.09235996 0.05643534 0.08400839 0.2506336 0.536016 0.2634195 0.5107885 0.2635254 0.5363715 0.6859061 0.4861133 0.6728665 0.4607146 0.6861381 0.4598256 0.5278169 0.543051 0.5426266 0.5473156 0.5380758 0.5523753 0.07342159 0.08370923 0.05643534 0.08400839 0.06687074 0.07605683 0.2635254 0.5363715 0.275907 0.5120013 0.2760096 0.5367779 0.6859061 0.4861133 0.6997104 0.4590967 0.699473 0.4859859 0.5380758 0.5523753 0.552066 0.557811 0.548637 0.5616233 0.4864404 0.4745997 0.5054311 0.4741314 0.4931795 0.4846181 0.1959118 0.5070767 0.1815378 0.4792765 0.1956815 0.479691 0.6127989 0.4674144 0.6239092 0.4445212 0.6238123 0.4657905 0.5003982 0.4948276 0.5054311 0.4741314 0.5115667 0.4852679 0.01428097 0.1194779 0.003847241 0.129086 0.01300007 0.1183259 0.1959118 0.5070767 0.2096853 0.4803802 0.2099133 0.5074946 0.6238123 0.4657905 0.6354742 0.4419708 0.6353724 0.4643029 0.5003982 0.4948276 0.5181092 0.4965931 0.5080677 0.5051881 0.02479821 0.1101298 0.01300007 0.1183259 0.02224141 0.1078304 0.2237188 0.5080773 0.2096853 0.4803802 0.223494 0.4813412 0.6353724 0.4643029 0.6475396 0.4396508 0.6474334 0.4629577 0.5161581 0.5156586 0.5181092 0.4965931 0.5250328 0.5080622 0.03535747 0.1010785 0.02224141 0.1078304 0.03153485 0.09764075 0.2237188 0.5080773 0.2370531 0.4825703 0.2372738 0.5088226 0.6474334 0.4629577 0.6600582 0.4375704 0.6599479 0.46176 0.5161581 0.5156586 0.5323103 0.51963 0.5246372 0.5261977 0.03535747 0.1010785 0.04084372 0.0877974 0.04591709 0.09235996 0.2505248 0.5097275 0.2370531 0.4825703 0.2503091 0.4840626 0.6728665 0.4607146 0.6600582 0.4375704 0.6729803 0.4357377 0.5246372 0.5261977 0.5399127 0.5312508 0.5334717 0.536764 0.05643534 0.08400839 0.04084372 0.0877974 0.05013132 0.07833904 0.2505248 0.5097275 0.2632095 0.4858122 0.2634195 0.5107885 0.6861381 0.4598256 0.6729803 0.4357377 0.6862551 0.4341601 0.5334717 0.536764 0.5478103 0.5428787 0.5426266 0.5473156 0.06687074 0.07605683 0.05013132 0.07833904 0.05936092 0.06930309 0.2634195 0.5107885 0.2757036 0.4878123 0.275907 0.5120013 0.6861381 0.4598256 0.6998301 0.4328436 0.6997104 0.4590967 0.552066 0.557811 0.5478103 0.5428787 0.5559717 0.5544679 0.07718211 0.06853663 0.05936092 0.06930309 0.0684961 0.06072509 0.2879381 0.5133611 0.2757036 0.4878123 0.2877421 0.4900548 0.7135298 0.4585305 0.6998301 0.4328436 0.7136517 0.4317937 0.552066 0.557811 0.5643648 0.5659727 0.5617524 0.5682088 0.07718211 0.06853663 0.07750087 0.052639 0.08732879 0.06147748 0.2994651 0.5148627 0.2877421 0.4900548 0.2992774 0.4925311 0.7135298 0.4585305 0.7276654 0.4310143 0.7275418 0.4581294 0.5617524 0.5682088 0.5729565 0.5773475 0.5716477 0.5784678 0.0972706 0.05490726 0.07750087 0.052639 0.08633965 0.04507678 0.3104428 0.5164999 0.2992774 0.4925311 0.3102639 0.4952312 0.7416911 0.4578949 0.7276654 0.4310143 0.7418159 0.4305085 0.5817128 0.5885477 0.5716477 0.5784678 0.5729565 0.5773475 0.0972706 0.05490726 0.09497755 0.03806811 0.1069685 0.04885184 0.3208276 0.5182666 0.3102639 0.4952312 0.3206584 0.4981446 0.7416911 0.4578949 0.7560473 0.4302785 0.7559218 0.4578281 0.1163841 0.04333519 0.09497755 0.03806811 0.1033805 0.03164076 0.4745052 0.4552938 0.4944759 0.4525991 0.4802075 0.4648121 0.7701778 0.4579289 0.7560473 0.4302785 0.7703036 0.4303249 0.5925837 0.4710454 0.6024618 0.4502722 0.6023756 0.4691684 0.4864404 0.4745997 0.4944759 0.4525991 0.4997267 0.4632274 0.1675422 0.5067414 0.1815378 0.4792765 0.1817694 0.5068253 0.6127989 0.4674144 0.6024618 0.4502722 0.6128906 0.447292 0.05936092 0.06930309 0.04312175 0.07351344 0.0510106 0.06355446 0.2632095 0.4858122 0.2754026 0.4645924 0.2757036 0.4878123 0.6862551 0.4341601 0.6998301 0.407641 0.6998301 0.4328436 0.5478103 0.5428787 0.5602926 0.5516468 0.5559717 0.5544679 0.0684961 0.06072509 0.0510106 0.06355446 0.058838 0.05407613 0.2877421 0.4900548 0.2754026 0.4645924 0.287452 0.4676823 0.7136517 0.4317937 0.6998301 0.407641 0.7136517 0.4061266 0.5559717 0.5544679 0.5672549 0.5640857 0.5643648 0.5659727 0.0684961 0.06072509 0.06657308 0.04511594 0.07750087 0.052639 0.2992774 0.4925311 0.287452 0.4676823 0.2989994 0.4710942 0.7136517 0.4317937 0.7276654 0.404984 0.7276654 0.4310143 0.5643648 0.5659727 0.5744044 0.5764022 0.5729565 0.5773475 0.08633965 0.04507678 0.06657308 0.04511594 0.07418525 0.0367093 0.3102639 0.4952312 0.2989994 0.4710942 0.3099992 0.4748146 0.7418159 0.4305085 0.7276654 0.404984 0.7418159 0.4042178 0.5817128 0.5885477 0.5729565 0.5773475 0.5744044 0.5764022 0.08633965 0.04507678 0.08164459 0.02888923 0.09497755 0.03806811 0.4896995 0.4422882 0.5031838 0.4207352 0.506509 0.4313132 0.7418159 0.4305085 0.7560473 0.4038311 0.7560473 0.4302785 0.1033805 0.03164076 0.08164459 0.02888923 0.08892154 0.02168679 0.4896995 0.4422882 0.510261 0.4422928 0.4944759 0.4525991 0.7703036 0.4303249 0.7560473 0.4038311 0.7703036 0.4038252 0.5926638 0.45345 0.6024618 0.4321319 0.6024618 0.4502722 0.4944759 0.4525991 0.5144251 0.4536306 0.4997267 0.4632274 0.16731 0.479138 0.1811949 0.4528313 0.1815378 0.4792765 0.6128906 0.447292 0.6024618 0.4321319 0.6128906 0.4279746 0.4997267 0.4632274 0.5189849 0.4652819 0.5054311 0.4741314 0.1956815 0.479691 0.1811949 0.4528313 0.1953406 0.4534025 0.6128906 0.447292 0.6239092 0.4241029 0.6239092 0.4445212 0.5115667 0.4852679 0.5189849 0.4652819 0.5239225 0.4772007 0.01300007 0.1183259 0.003847241 0.129086 0.01157575 0.1173454 0.1956815 0.479691 0.2093478 0.4543521 0.2096853 0.4803802 0.6239092 0.4445212 0.6354742 0.4205322 0.6354742 0.4419708 0.5115667 0.4852679 0.529218 0.48934 0.5181092 0.4965931 0.02224141 0.1078304 0.01157575 0.1173454 0.01939839 0.1058732 0.223494 0.4813412 0.2093478 0.4543521 0.2231612 0.4556763 0.6354742 0.4419708 0.6475396 0.4172765 0.6475396 0.4396508 0.5250328 0.5080622 0.529218 0.48934 0.5348509 0.5016518 0.02224141 0.1078304 0.02728444 0.09471464 0.03153485 0.09764075 0.223494 0.4813412 0.2367264 0.4573698 0.2370531 0.4825703 0.6475396 0.4396508 0.6600582 0.4143486 0.6600582 0.4375704 0.5250328 0.5080622 0.5407989 0.5140877 0.5323103 0.51963 0.03153485 0.09764075 0.03520262 0.08391386 0.04084372 0.0877974 0.2503091 0.4840626 0.2367264 0.4573698 0.2499896 0.4594259 0.6729803 0.4357377 0.6600582 0.4143486 0.6729803 0.4117601 0.5323103 0.51963 0.5470384 0.5265983 0.5399127 0.5312508 0.04084372 0.0877974 0.04312175 0.07351344 0.05013132 0.07833904 0.2503091 0.4840626 0.2628986 0.4618366 0.2632095 0.4858122 0.6862551 0.4341601 0.6729803 0.4117601 0.6862551 0.4095214 0.5399127 0.5312508 0.5535448 0.5391346 0.5478103 0.5428787 0.510261 0.4422928 0.5303041 0.4459607 0.5144251 0.4536306 0.1669664 0.4526406 0.1807461 0.4279071 0.1811949 0.4528313 0.6128906 0.4279746 0.6023756 0.4150338 0.6127989 0.4097669 0.5144251 0.4536306 0.5336273 0.4582093 0.5189849 0.4652819 0.1953406 0.4534025 0.1807461 0.4279071 0.1948945 0.4286259 0.6128906 0.4279746 0.6238123 0.4048576 0.6239092 0.4241029 0.5239225 0.4772007 0.5336273 0.4582093 0.5372705 0.4707533 0.01157575 0.1173454 0.003847241 0.129086 0.01003056 0.1165518 0.1953406 0.4534025 0.2089062 0.4298209 0.2093478 0.4543521 0.6354742 0.4205322 0.6238123 0.4048576 0.6353724 0.4003251 0.5239225 0.4772007 0.5412191 0.4835432 0.529218 0.48934 0.01939839 0.1058732 0.01003056 0.1165518 0.01631408 0.104289 0.2231612 0.4556763 0.2089062 0.4298209 0.2227258 0.4314873 0.6354742 0.4205322 0.6474335 0.3961874 0.6475396 0.4172765 0.5348509 0.5016518 0.5412191 0.4835432 0.5454576 0.4965286 0.02728444 0.09471464 0.01631408 0.104289 0.02267318 0.09234625 0.2231612 0.4556763 0.2362987 0.4336185 0.2367264 0.4573698 0.6475396 0.4172765 0.6599479 0.3924608 0.6600582 0.4143486 0.5348509 0.5016518 0.5499693 0.5096582 0.5407989 0.5140877 0.02728444 0.09471464 0.02908265 0.08077061 0.03520262 0.08391386 0.2499896 0.4594259 0.2362987 0.4336185 0.2495715 0.4362061 0.6729803 0.4117601 0.6599479 0.3924608 0.6728665 0.38916 0.5407989 0.5140877 0.5547363 0.52288 0.5470384 0.5265983 0.03520262 0.08391386 0.03551721 0.06960767 0.04312175 0.07351344 0.2499896 0.4594259 0.2624918 0.4392399 0.2628986 0.4618366 0.6862551 0.4095214 0.6728665 0.38916 0.6861381 0.386298 0.5535448 0.5391346 0.5547363 0.52288 0.55974 0.5361422 0.0510106 0.06355446 0.03551721 0.06960767 0.04195147 0.0589016 0.2628986 0.4618366 0.2750086 0.4427079 0.2754026 0.4645924 0.6862551 0.4095214 0.6997104 0.3838862 0.6998301 0.407641 0.5602926 0.5516468 0.55974 0.5361422 0.5649604 0.5493921 0.058838 0.05407613 0.04195147 0.0589016 0.04836004 0.04869461 0.287452 0.4676823 0.2750086 0.4427079 0.2870724 0.4465965 0.7136517 0.4061266 0.6997104 0.3838862 0.7135298 0.381934 0.5602926 0.5516468 0.5703771 0.5625776 0.5672549 0.5640857 0.058838 0.05407613 0.05471765 0.03902691 0.06657308 0.04511594 0.2989994 0.4710942 0.2870724 0.4465965 0.2986356 0.4508901 0.7136517 0.4061266 0.7275418 0.3804491 0.7276654 0.404984 0.5672549 0.5640857 0.5759686 0.5756466 0.5744044 0.5764022 0.07418525 0.0367093 0.05471765 0.03902691 0.06099915 0.02993685 0.5002986 0.4106004 0.5223781 0.4114639 0.5031838 0.4207352 0.7418159 0.4042178 0.7275418 0.3804491 0.7416911 0.3794375 0.5817128 0.5885477 0.5744044 0.5764022 0.5759686 0.5756466 0.07418525 0.0367093 0.06717985 0.02146005 0.08164459 0.02888923 0.506509 0.4313132 0.5223781 0.4114639 0.5246683 0.4225418 0.7418159 0.4042178 0.7559218 0.3789031 0.7560473 0.4038311 0.08892154 0.02168679 0.06717985 0.02146005 0.07323533 0.01363015 0.506509 0.4313132 0.5273138 0.4340559 0.510261 0.4422928 0.7703036 0.4038252 0.7559218 0.3789031 0.7701778 0.3788479 0.09598749 0.01513022 0.07323533 0.01363015 0.07914155 0.006478011 0.03551721 0.06960767 0.02258032 0.07841718 0.02743756 0.06668335 0.2495715 0.4362061 0.2619954 0.4183782 0.2624918 0.4392399 0.6861381 0.386298 0.6726406 0.3682937 0.6859061 0.3648563 0.5547363 0.52288 0.566298 0.5339487 0.55974 0.5361422 0.04195147 0.0589016 0.02743756 0.06668335 0.0323264 0.05541795 0.2624918 0.4392399 0.2745279 0.4225038 0.2750086 0.4427079 0.6861381 0.386298 0.699473 0.3619537 0.6997104 0.3838862 0.55974 0.5361422 0.5699017 0.5477395 0.5649604 0.5493921 0.04836004 0.04869461 0.0323264 0.05541795 0.03722757 0.04466533 0.2870724 0.4465965 0.2745279 0.4225038 0.2866092 0.4271297 0.7135298 0.381934 0.699473 0.3619537 0.713288 0.3595974 0.5649604 0.5493921 0.5736821 0.5614722 0.5703771 0.5625776 0.04836004 0.04869461 0.04212164 0.03446793 0.05471765 0.03902691 0.5204521 0.4008658 0.541163 0.3833427 0.541786 0.3937304 0.7135298 0.381934 0.7272966 0.3577965 0.7275418 0.3804491 0.5703771 0.5625776 0.5776243 0.5750929 0.5759686 0.5756466 0.06099915 0.02993685 0.04212164 0.03446793 0.04698932 0.02486616 0.5204521 0.4008658 0.5426967 0.404668 0.5223781 0.4114639 0.7416911 0.3794375 0.7272966 0.3577965 0.7414434 0.3565583 0.5817128 0.5885477 0.5759686 0.5756466 0.5776243 0.5750929 0.06099915 0.02993685 0.05181151 0.01589769 0.06717985 0.02146005 0.5223781 0.4114639 0.5438914 0.4161124 0.5246683 0.4225418 0.7416911 0.3794375 0.7556726 0.3558875 0.7559218 0.3789031 0.07323533 0.01363015 0.05181151 0.01589769 0.05656909 0.007598102 0.5246683 0.4225418 0.5453655 0.4280183 0.5273138 0.4340559 0.7701778 0.3788479 0.7556726 0.3558875 0.7699282 0.3557868 0.07323533 0.01363015 0.06124329 0 0.07914155 0.006478011 0.5273138 0.4340559 0.5471131 0.4403387 0.5303041 0.4459607 0.1665169 0.427667 0.1801986 0.4048966 0.1807461 0.4279071 0.6023756 0.4150338 0.612617 0.3929561 0.6127989 0.4097669 0.5303041 0.4459607 0.5491273 0.4530251 0.5336273 0.4582093 0.1948945 0.4286259 0.1801986 0.4048966 0.1943503 0.4057518 0.6238123 0.4048576 0.612617 0.3929561 0.62362 0.3870887 0.5372705 0.4707533 0.5491273 0.4530251 0.5514003 0.4660274 0.01003056 0.1165518 0.003847241 0.129086 0.008388817 0.1159576 0.1948945 0.4286259 0.2083673 0.4071733 0.2089062 0.4298209 0.6353724 0.4003251 0.62362 0.3870887 0.6351704 0.3816683 0.5372705 0.4707533 0.553923 0.4792942 0.5412191 0.4835432 0.01631408 0.104289 0.008388817 0.1159576 0.01303714 0.1031029 0.2227258 0.4314873 0.2083673 0.4071733 0.2221944 0.4091557 0.6353724 0.4003251 0.6472227 0.3767163 0.6474335 0.3961874 0.5454576 0.4965286 0.553923 0.4792942 0.5566855 0.4927732 0.01631408 0.104289 0.01777386 0.09057301 0.02267318 0.09234625 0.2227258 0.4314873 0.235777 0.411691 0.2362987 0.4336185 0.6474335 0.3961874 0.6597292 0.3722522 0.6599479 0.3924608 0.5454576 0.4965286 0.5596768 0.5064113 0.5499693 0.5096582 0.02908265 0.08077061 0.01777386 0.09057301 0.02258032 0.07841718 0.2495715 0.4362061 0.235777 0.411691 0.2490615 0.4147692 0.6728665 0.38916 0.6597292 0.3722522 0.6726406 0.3682937 0.5499693 0.5096582 0.5628852 0.5201545 0.5547363 0.52288 0.5453655 0.4280183 0.5638749 0.4121264 0.5641312 0.4242751 0.7699282 0.3557868 0.7553039 0.3351473 0.7695587 0.3350057 0.347765 0.3938484 0.3652193 0.3816844 0.3610134 0.394691 0.5453655 0.4280183 0.5645871 0.4368532 0.5471131 0.4403387 0.1659682 0.4046111 0.179561 0.384163 0.1801986 0.4048966 0.347765 0.3938484 0.3573775 0.4080381 0.3432695 0.4071408 0.5471131 0.4403387 0.5652405 0.4498111 0.5491273 0.4530251 0.1943503 0.4057518 0.179561 0.384163 0.1937164 0.385141 0.339414 0.4207246 0.3573775 0.4080381 0.3543261 0.4216731 0.5514003 0.4660274 0.5652405 0.4498111 0.5660892 0.4630975 0.008388817 0.1159576 0.003847241 0.129086 0.006676435 0.1155722 0.1943503 0.4057518 0.2077397 0.3867666 0.2083673 0.4071733 0.3362139 0.4345463 0.3543261 0.4216731 0.3518711 0.4355422 0.5514003 0.4660274 0.5671295 0.47666 0.553923 0.4792942 0.01303714 0.1031029 0.006676435 0.1155722 0.009619116 0.1023337 0.2221944 0.4091557 0.2077397 0.3867666 0.2215756 0.3890337 0.3362139 0.4345463 0.3500224 0.4495905 0.3336818 0.4485511 0.553923 0.4792942 0.5683575 0.4904451 0.5566855 0.4927732 0.01777386 0.09057301 0.009619116 0.1023337 0.01266378 0.08942288 0.2221944 0.4091557 0.2351694 0.3919331 0.235777 0.411691 0.3336818 0.4485511 0.3487871 0.4637627 0.3318276 0.462684 0.5566855 0.4927732 0.5697683 0.5043984 0.5596768 0.5064113 0.01777386 0.09057301 0.01579827 0.0768907 0.02258032 0.07841718 0.2490615 0.4147692 0.2351694 0.3919331 0.2484675 0.3954535 0.3306587 0.476889 0.3487871 0.4637627 0.3481702 0.4780028 0.5596768 0.5064113 0.5713564 0.5184649 0.5628852 0.5201545 0.02743756 0.06668335 0.01579827 0.0768907 0.0190103 0.06478661 0.2490615 0.4147692 0.2614173 0.3995808 0.2619954 0.4183782 0.6859061 0.3648563 0.6723063 0.3494903 0.6855625 0.3455345 0.5628852 0.5201545 0.5731154 0.5325889 0.566298 0.5339487 0.0323264 0.05541795 0.0190103 0.06478661 0.02228718 0.0531584 0.2619954 0.4183782 0.273968 0.4042989 0.2745279 0.4225038 0.6859061 0.3648563 0.6991216 0.3421897 0.699473 0.3619537 0.5699017 0.5477395 0.5731154 0.5325889 0.5750384 0.5467148 0.03722757 0.04466533 0.02228718 0.0531584 0.02561604 0.04205191 0.541163 0.3833427 0.5648527 0.3687542 0.564309 0.3787258 0.713288 0.3595974 0.6991216 0.3421897 0.7129302 0.3394691 0.5699017 0.5477395 0.5771179 0.5607869 0.5736821 0.5614722 0.03722757 0.04466533 0.02898365 0.03151094 0.04212164 0.03446793 0.541786 0.3937304 0.564309 0.3787258 0.563964 0.3893067 0.713288 0.3595974 0.7269337 0.3373834 0.7272966 0.3577965 0.5736821 0.5614722 0.5793457 0.5747495 0.5776243 0.5750929 0.04698932 0.02486616 0.02898365 0.03151094 0.0323767 0.02157729 0.541786 0.3937304 0.5638191 0.4004549 0.5426967 0.404668 0.7414434 0.3565583 0.7269337 0.3373834 0.7410768 0.335941 0.5817128 0.5885477 0.5776243 0.5750929 0.5793457 0.5747495 0.04698932 0.02486616 0.03578191 0.01228988 0.05181151 0.01589769 0.5426967 0.404668 0.5638749 0.4121264 0.5438914 0.4161124 0.7414434 0.3565583 0.7553039 0.3351473 0.7556726 0.3558875 0.05656909 0.007598102 0.03578191 0.01228988 0.03918576 0.003685534 0.01266378 0.08942288 0.008843362 0.07621526 0.01579827 0.0768907 0.2484675 0.3954535 0.2344854 0.3746565 0.2477988 0.3785634 0.3481702 0.4780028 0.3677423 0.4635435 0.3677423 0.4777765 0.5697683 0.5043984 0.5800164 0.5178375 0.5713564 0.5184649 0.0190103 0.06478661 0.008843362 0.07621526 0.01036834 0.06394737 0.5665273 0.3507928 0.5909503 0.3575941 0.5655932 0.3594309 0.3481702 0.4780028 0.3682858 0.4920221 0.348174 0.4922547 0.5713564 0.5184649 0.5800848 0.5320841 0.5731154 0.5325889 0.02228718 0.0531584 0.01036834 0.06394737 0.01199221 0.05215859 0.5655932 0.3594309 0.5894106 0.3669753 0.5648527 0.3687542 0.348174 0.4922547 0.3693708 0.5062242 0.3487987 0.506462 0.5750384 0.5467148 0.5800848 0.5320841 0.5802897 0.5463345 0.02561604 0.04205191 0.01199221 0.05215859 0.01370865 0.04089552 0.564309 0.3787258 0.5894106 0.3669753 0.5879706 0.3770119 0.3500416 0.5205688 0.3693708 0.5062242 0.3709928 0.5203266 0.5771179 0.5607869 0.5802897 0.5463345 0.5806303 0.5605325 0.02898365 0.03151094 0.01370865 0.04089552 0.01551085 0.03020256 0.563964 0.3893067 0.5879706 0.3770119 0.5866361 0.3876644 0.3500416 0.5205688 0.3731456 0.5342737 0.351898 0.5345193 0.5771179 0.5607869 0.5811053 0.574622 0.5793457 0.5747495 0.0323767 0.02157729 0.01551085 0.03020256 0.01739168 0.02012199 0.563964 0.3893067 0.5854122 0.3988907 0.5638191 0.4004549 0.3543604 0.5482585 0.3731456 0.5342737 0.3758206 0.5480104 0.4347274 0.4112789 0.4347274 0.3972792 0.4364832 0.3974511 0.0323767 0.02157729 0.01934385 0.01069349 0.03578191 0.01228988 0.5638191 0.4004549 0.5843037 0.4106466 0.5638749 0.4121264 0.3543604 0.5482585 0.3790073 0.5614826 0.3574192 0.5617322 0.3652193 0.3816844 0.382693 0.3689227 0.3790073 0.381525 0.5638749 0.4121264 0.5833151 0.4228855 0.5641312 0.4242751 0.3610622 0.5748872 0.3790073 0.5614826 0.382693 0.5746371 0.3610134 0.394691 0.3790073 0.381525 0.3758206 0.3945199 0.5641312 0.4242751 0.5824504 0.4355593 0.5645871 0.4368532 0.3312043 0.5748872 0.3509591 0.5956854 0.3306587 0.5883368 0.3610134 0.394691 0.3731456 0.4078558 0.3573775 0.4080381 0.5645871 0.4368532 0.5817128 0.4486179 0.5652405 0.4498111 0.330779 0.6015865 0.3509591 0.5956854 0.3509591 0.6088916 0.3543261 0.4216731 0.3731456 0.4078558 0.3709928 0.4214804 0.5660892 0.4630975 0.5817128 0.4486179 0.5811053 0.4620098 0.4364917 0.4803304 0.434982 0.4940544 0.4347274 0.4803304 0.330779 0.6015865 0.3515449 0.6218167 0.3315646 0.6145839 0.3518711 0.4355422 0.3709928 0.4214804 0.3693708 0.4353398 0.5660892 0.4630975 0.5806303 0.475682 0.5671295 0.47666 0.009619116 0.1023337 0.004920423 0.1154016 0.006114065 0.1019933 0.2215756 0.3890337 0.2070333 0.3689227 0.220879 0.3714387 0.3518711 0.4355422 0.3682858 0.4493793 0.3500224 0.4495905 0.5671295 0.47666 0.5802897 0.4895808 0.5683575 0.4904451 0.009619116 0.1023337 0.0074234 0.08891397 0.01266378 0.08942288 0.2215756 0.3890337 0.2344854 0.3746565 0.2351694 0.3919331 0.3500224 0.4495905 0.3677423 0.4635435 0.3487871 0.4637627 0.5683575 0.4904451 0.5800848 0.5036512 0.5697683 0.5043984 0.2213815 0.05014604 0.2411329 0.06247144 0.2205615 0.06192547 0.6334977 0.6706174 0.6149467 0.6931375 0.6196662 0.670031 0.7928797 0.7188346 0.8012307 0.7394084 0.7898654 0.7335924 0.2205615 0.06192547 0.2391909 0.07469761 0.219873 0.07418495 0.6060051 0.6700112 0.6149467 0.6931375 0.6012763 0.6931634 0.7812361 0.7122432 0.7898654 0.7335924 0.777999 0.728092 0.219873 0.07418495 0.2373071 0.08735352 0.2193191 0.08687609 0.7703037 0.5973756 0.7889163 0.5740798 0.7837484 0.5970901 0.7691254 0.7060518 0.777999 0.728092 0.7656782 0.7229291 0.2193191 0.08687609 0.2354889 0.1003891 0.2189016 0.09994888 0.7969268 0.5962349 0.7889163 0.5740798 0.8020641 0.5733608 0.7565952 0.7002848 0.7656782 0.7229291 0.7529516 0.7181239 0.2186224 0.1133517 0.2354889 0.1003891 0.2337434 0.1137529 0.4364902 0.4528799 0.4364902 0.4666063 0.4347274 0.4530652 0.7969268 0.5962349 0.8148732 0.5721659 0.8097869 0.5948134 0.743695 0.694965 0.7529516 0.7181239 0.7398694 0.7136955 0.2186224 0.1133517 0.2320776 0.1273922 0.2184825 0.1270314 0.5833151 0.08212292 0.5806801 0.09564691 0.5797816 0.08230346 0.8222777 0.592831 0.8148732 0.5721659 0.8272932 0.5704994 0.743695 0.694965 0.7264833 0.7096613 0.730476 0.6901132 0.2184825 0.1409343 0.2320776 0.1273922 0.230498 0.1412532 0.5843037 0.0690155 0.5797816 0.08230346 0.5790209 0.06928533 0.8222777 0.592831 0.8392748 0.5683683 0.8343502 0.5902958 0.730476 0.6901132 0.7128461 0.7060372 0.71699 0.6857488 0.2184825 0.1409343 0.2290108 0.1552812 0.2186224 0.1550055 0.5843037 0.0690155 0.5784008 0.05664396 0.5854122 0.05628579 0.8459565 0.5872175 0.8392748 0.5683683 0.850771 0.5657806 0.7032904 0.6818888 0.7128461 0.7060372 0.6990116 0.7028377 0.2186224 0.1550055 0.227622 0.1694207 0.2189016 0.1691893 0.5854122 0.05628579 0.5779239 0.04442924 0.5866361 0.04398417 0.2273262 0 0.2514405 0.009403705 0.2259063 0.00872606 0.6894312 0.6785487 0.6990116 0.7028377 0.6850345 0.7000751 0.2189016 0.1691893 0.226337 0.1836161 0.219319 0.1834298 0.5879706 0.0321592 0.5779239 0.04442924 0.577592 0.03268939 0.2259063 0.00872606 0.2493262 0.01879847 0.2245968 0.01814216 0.6894312 0.6785487 0.6709698 0.6977605 0.6754671 0.6757414 0.219873 0.1976709 0.226337 0.1836161 0.2251609 0.1978113 0.5879706 0.0321592 0.5774065 0.0214706 0.5894106 0.02085745 0.2234032 0.02821105 0.2493262 0.01879847 0.2472301 0.0288434 0.6614534 0.6734783 0.6709698 0.6977605 0.6568731 0.6959031 0.219873 0.1976709 0.2240983 0.2119502 0.2205613 0.2118563 0.5894106 0.02085745 0.5773681 0.01081734 0.5909503 0.01012355 0.22233 0.03889304 0.2472301 0.0288434 0.2451605 0.03949892 0.6614534 0.6734783 0.6428 0.6945101 0.6474451 0.6717679 0.4364618 0.3689227 0.4364618 0.3832794 0.4347274 0.3829132 0.5925837 0 0.5773681 0.01081734 0.577477 7.71623e-4 0.22233 0.03889304 0.2431254 0.05072307 0.2213815 0.05014604 0.6334977 0.6706174 0.6428 0.6945101 0.6288062 0.693587 0.436499 0.4391016 0.4347274 0.4252758 0.436499 0.4252176 0.8145836 0.7331117 0.8012307 0.7394084 0.8040102 0.7257999 0.5797816 0.08230346 0.5737896 0.07020115 0.5790209 0.06928533 0.8272932 0.5704994 0.8433111 0.544617 0.8392748 0.5683683 0.7264833 0.7096613 0.7095533 0.7279899 0.7128461 0.7060372 0.2290108 0.1552812 0.2424321 0.1430423 0.2393289 0.1568281 0.5790209 0.06928533 0.571458 0.05785942 0.5784008 0.05664396 0.850771 0.5657806 0.8433111 0.544617 0.854717 0.5425608 0.6990116 0.7028377 0.7095533 0.7279899 0.6956116 0.7255048 0.2290108 0.1552812 0.2362834 0.1707192 0.227622 0.1694207 0.5779239 0.04442924 0.571458 0.05785942 0.5692969 0.0459395 0.850771 0.5657806 0.8655764 0.5401501 0.8617363 0.5627469 0.6850345 0.7000751 0.6956116 0.7255048 0.6815407 0.7233673 0.227622 0.1694207 0.2333075 0.1846611 0.226337 0.1836161 0.577592 0.03268939 0.5692969 0.0459395 0.5673149 0.03448855 0.2514405 0.009403705 0.2738881 0.02248072 0.2493262 0.01879847 0.6850345 0.7000751 0.6673961 0.7215858 0.6709698 0.6977605 0.2251609 0.1978113 0.2333075 0.1846611 0.230413 0.1985986 0.577592 0.03268939 0.5655199 0.02355158 0.5774065 0.0214706 0.2472301 0.0288434 0.2738881 0.02248072 0.2708957 0.03239125 0.6568731 0.6959031 0.6673961 0.7215858 0.6532335 0.7201675 0.2240983 0.2119502 0.230413 0.1985986 0.2276112 0.2124769 0.5773681 0.01081734 0.5655199 0.02355158 0.5639188 0.01317191 0.2451605 0.03949892 0.2708957 0.03239125 0.2678363 0.04289841 0.6568731 0.6959031 0.639109 0.7191177 0.6428 0.6945101 0.2240983 0.2119502 0.2249133 0.2262409 0.2231534 0.2259771 0.8120498 0.7455173 0.8204699 0.7639633 0.8100364 0.7589405 0.2451605 0.03949892 0.264722 0.0539608 0.2431254 0.05072307 0.6288062 0.693587 0.639109 0.7191177 0.6250782 0.7184409 0.2223299 0.2398366 0.2231534 0.2259771 0.2249133 0.2262409 0.8120498 0.7455173 0.799022 0.7541333 0.8012307 0.7394084 0.2431254 0.05072307 0.2615651 0.06553459 0.2411329 0.06247144 0.6288062 0.693587 0.6111965 0.7181395 0.6149467 0.6931375 0.7898654 0.7335924 0.799022 0.7541333 0.7874702 0.7495608 0.2391909 0.07469761 0.2615651 0.06553459 0.258378 0.07757413 0.6012763 0.6931634 0.6111965 0.7181395 0.5975186 0.7182148 0.7898654 0.7335924 0.7754268 0.7452409 0.777999 0.728092 0.2373071 0.08735352 0.258378 0.07757413 0.2551735 0.09003198 0.7754818 0.5743197 0.793152 0.5491554 0.7889163 0.5740798 0.777999 0.728092 0.762939 0.7411908 0.7656782 0.7229291 0.2373071 0.08735352 0.2519639 0.102859 0.2354889 0.1003891 0.8020641 0.5733608 0.793152 0.5491554 0.8062747 0.5485842 0.7529516 0.7181239 0.762939 0.7411908 0.7500563 0.7374264 0.2337434 0.1137529 0.2519639 0.102859 0.2487621 0.1160045 0.5806801 0.09564691 0.5817128 0.1092631 0.5789272 0.09595382 0.8020641 0.5733608 0.8190421 0.5476346 0.8148732 0.5721659 0.7398694 0.7136955 0.7500563 0.7374264 0.7368294 0.7339625 0.2337434 0.1137529 0.2455806 0.1294165 0.2320776 0.1273922 0.5797816 0.08230346 0.5789272 0.09595382 0.5762826 0.08291602 0.8272932 0.5704994 0.8190421 0.5476346 0.8314039 0.5463104 0.7398694 0.7136955 0.7233106 0.7308129 0.7264833 0.7096613 0.2320776 0.1273922 0.2424321 0.1430423 0.230498 0.1412532 0.2678363 0.04289841 0.2858307 0.05980807 0.264722 0.0539608 0.6250782 0.7184409 0.6364301 0.7452028 0.6223725 0.7447869 0.2223299 0.2398366 0.2249133 0.2262409 0.2266335 0.2267175 0.8100364 0.7589405 0.797419 0.7697422 0.799022 0.7541333 0.264722 0.0539608 0.2815357 0.07106661 0.2615651 0.06553459 0.6250782 0.7184409 0.6084747 0.7446426 0.6111965 0.7181395 0.7874702 0.7495608 0.797419 0.7697422 0.7857319 0.7664878 0.2615651 0.06553459 0.2771317 0.08276903 0.258378 0.07757413 0.5975186 0.7182148 0.6084747 0.7446426 0.5947915 0.7447703 0.7754268 0.7452409 0.7857319 0.7664878 0.7735599 0.7634193 0.258378 0.07757413 0.2726361 0.09486925 0.2551735 0.09003198 0.7797258 0.5493461 0.7963886 0.5227103 0.793152 0.5491554 0.762939 0.7411908 0.7735599 0.7634193 0.760951 0.7605489 0.2551735 0.09003198 0.2680667 0.1073196 0.2519639 0.102859 0.8062747 0.5485842 0.7963886 0.5227103 0.8094921 0.5222957 0.7500563 0.7374264 0.760951 0.7605489 0.747955 0.7578877 0.2487621 0.1160045 0.2680667 0.1073196 0.2634414 0.1200708 0.5789272 0.09595382 0.5817128 0.1092631 0.5772192 0.09647232 0.8062747 0.5485842 0.8222277 0.5216066 0.8190421 0.5476346 0.7368294 0.7339625 0.747955 0.7578877 0.734623 0.7554463 0.2487621 0.1160045 0.2587786 0.1330724 0.2455806 0.1294165 0.5762826 0.08291602 0.5772192 0.09647232 0.5728734 0.08395099 0.8314039 0.5463104 0.8222277 0.5216066 0.834545 0.5206455 0.7368294 0.7339625 0.721008 0.7532344 0.7233106 0.7308129 0.2424321 0.1430423 0.2587786 0.1330724 0.2540966 0.1462735 0.5737896 0.07020115 0.5728734 0.08395099 0.5686926 0.07174849 0.8314039 0.5463104 0.8463954 0.5194165 0.8433111 0.544617 0.7233106 0.7308129 0.7071634 0.7512606 0.7095533 0.7279899 0.2393289 0.1568281 0.2540966 0.1462735 0.249414 0.1596217 0.5737896 0.07020115 0.5646933 0.05991303 0.571458 0.05785942 0.854717 0.5425608 0.8463954 0.5194165 0.8577323 0.5179241 0.6956116 0.7255048 0.7071634 0.7512606 0.693144 0.7495329 0.2393289 0.1568281 0.2447491 0.1730643 0.2362834 0.1707192 0.5692969 0.0459395 0.5646933 0.05991303 0.5608912 0.04849129 0.854717 0.5425608 0.8685108 0.5161745 0.8655764 0.5401501 0.6956116 0.7255048 0.679005 0.748058 0.6815407 0.7233673 0.2362834 0.1707192 0.2401205 0.1865484 0.2333075 0.1846611 0.5673149 0.03448855 0.5608912 0.04849129 0.5573014 0.03752845 0.2768018 0.01320582 0.2978951 0.02913087 0.2738881 0.02248072 0.6815407 0.7233673 0.6648024 0.7468416 0.6673961 0.7215858 0.230413 0.1985986 0.2401205 0.1865484 0.2355464 0.2000207 0.5673149 0.03448855 0.553938 0.0270676 0.5655199 0.02355158 0.2708957 0.03239125 0.2978951 0.02913087 0.2940266 0.03879874 0.6532335 0.7201675 0.6648024 0.7468416 0.650592 0.7458886 0.230413 0.1985986 0.2310448 0.213428 0.2276112 0.2124769 0.5655199 0.02355158 0.5508144 0.0171501 0.5639188 0.01317191 0.2678363 0.04289841 0.2940266 0.03879874 0.2899999 0.04903793 0.6532335 0.7201675 0.6364301 0.7452028 0.639109 0.7191177 0.2276112 0.2124769 0.2266335 0.2267175 0.2249133 0.2262409 0.8100364 0.7589405 0.8191561 0.7767565 0.808575 0.7731696 0.5728734 0.08395099 0.5755831 0.09719425 0.5696076 0.08539205 0.834545 0.5206455 0.8243797 0.4944921 0.836667 0.4939094 0.734623 0.7554463 0.7196117 0.7765722 0.721008 0.7532344 0.2540966 0.1462735 0.2714634 0.1383024 0.2653076 0.1508958 0.5728734 0.08395099 0.5638101 0.07390296 0.5686926 0.07174849 0.834545 0.5206455 0.848479 0.4931641 0.8463954 0.5194165 0.721008 0.7532344 0.7057143 0.7754824 0.7071634 0.7512606 0.2540966 0.1462735 0.2591069 0.163618 0.249414 0.1596217 0.5686926 0.07174849 0.5582132 0.06277245 0.5646933 0.05991303 0.8577323 0.5179241 0.848479 0.4931641 0.8597693 0.4922592 0.693144 0.7495329 0.7057143 0.7754824 0.6916477 0.774543 0.249414 0.1596217 0.2528857 0.176419 0.2447491 0.1730643 0.5608912 0.04849129 0.5582132 0.06277245 0.5528393 0.05204433 0.8577323 0.5179241 0.8704931 0.4911983 0.8685108 0.5161745 0.679005 0.748058 0.6916477 0.774543 0.6774675 0.7737576 0.2447491 0.1730643 0.2466686 0.1892482 0.2401205 0.1865484 0.5573014 0.03752845 0.5528393 0.05204433 0.5477094 0.0417611 0.3015901 0.0200724 0.3209686 0.03864401 0.2978951 0.02913087 0.679005 0.748058 0.6632296 0.7731295 0.6648024 0.7468416 0.2355464 0.2000207 0.2466686 0.1892482 0.2404803 0.2020549 0.5573014 0.03752845 0.5428437 0.0319631 0.553938 0.0270676 0.2940266 0.03879874 0.3209686 0.03864401 0.3162581 0.04796475 0.650592 0.7458886 0.6632296 0.7731295 0.6489903 0.772661 0.2310448 0.213428 0.2404803 0.2020549 0.2343449 0.2147886 0.553938 0.0270676 0.5382615 0.02268922 0.5508144 0.0171501 0.2899999 0.04903793 0.3162581 0.04796475 0.3113017 0.05782061 0.650592 0.7458886 0.6348057 0.772354 0.6364301 0.7452028 0.2310448 0.213428 0.2282868 0.2273991 0.2266335 0.2267175 0.808575 0.7731696 0.8183594 0.7900725 0.807689 0.7879803 0.2899999 0.04903793 0.3061187 0.06817281 0.2858307 0.05980807 0.6223725 0.7447869 0.6348057 0.772354 0.6207318 0.7722097 0.2223299 0.2398366 0.2266335 0.2267175 0.2282868 0.2273991 0.808575 0.7731696 0.796447 0.785989 0.797419 0.7697422 0.2858307 0.05980807 0.3007297 0.07898026 0.2815357 0.07106661 0.6223725 0.7447869 0.6068243 0.7722287 0.6084747 0.7446426 0.7857319 0.7664878 0.796447 0.785989 0.7846778 0.7841067 0.2815357 0.07106661 0.2951561 0.09020048 0.2771317 0.08276903 0.5947915 0.7447703 0.6068243 0.7722287 0.5931378 0.772411 0.7857319 0.7664878 0.7724279 0.7823408 0.7735599 0.7634193 0.2726361 0.09486925 0.2951561 0.09020048 0.2894197 0.1017891 0.7829688 0.5228487 0.7985751 0.4951614 0.7963886 0.5227103 0.760951 0.7605489 0.7724279 0.7823408 0.7597455 0.7806981 0.2726361 0.09486925 0.2835432 0.1137006 0.2680667 0.1073196 0.8094921 0.5222957 0.7985751 0.4951614 0.8116657 0.49491 0.747955 0.7578877 0.7597455 0.7806981 0.7466807 0.7791852 0.2634414 0.1200708 0.2835432 0.1137006 0.2775499 0.1258877 0.5772192 0.09647232 0.5817128 0.1092631 0.5755831 0.09719425 0.8094921 0.5222957 0.8243797 0.4944921 0.8222277 0.5216066 0.734623 0.7554463 0.7466807 0.7791852 0.7332852 0.7778081 0.2634414 0.1200708 0.2714634 0.1383024 0.2587786 0.1330724 0.3113017 0.05782061 0.3372396 0.05974471 0.3314056 0.06910794 0.6489903 0.772661 0.6342614 0.800143 0.6348057 0.772354 0.2343449 0.2147886 0.2298471 0.2282751 0.2282868 0.2273991 0.807689 0.7879803 0.8180924 0.8037014 0.8073921 0.8031389 0.3113017 0.05782061 0.3252658 0.07892292 0.3061187 0.06817281 0.6207318 0.7722097 0.6342614 0.800143 0.6201821 0.8002767 0.2223299 0.2398366 0.2282868 0.2273991 0.2298471 0.2282751 0.807689 0.7879803 0.7961213 0.8026175 0.796447 0.785989 0.3061187 0.06817281 0.3188446 0.08915078 0.3007297 0.07898026 0.6207318 0.7722097 0.6062712 0.800463 0.6068243 0.7722287 0.7846778 0.7841067 0.7961213 0.8026175 0.7843245 0.8021395 0.2951561 0.09020048 0.3188446 0.08915078 0.3121671 0.09975123 0.5931378 0.772411 0.6062712 0.800463 0.5925837 0.8007011 0.7846778 0.7841067 0.7720485 0.8017066 0.7724279 0.7823408 0.2894197 0.1017891 0.3121671 0.09975123 0.3052597 0.1106824 0.7851597 0.4952453 0.799677 0.4669432 0.7985751 0.4951614 0.7724279 0.7823408 0.7593415 0.8013207 0.7597455 0.7806981 0.2894197 0.1017891 0.2981497 0.1219013 0.2835432 0.1137006 0.8116657 0.49491 0.799677 0.4669432 0.8127611 0.466859 0.7466807 0.7791852 0.7593415 0.8013207 0.7462538 0.8009831 0.2775499 0.1258877 0.2981497 0.1219013 0.2908652 0.1333636 0.5755831 0.09719425 0.5817128 0.1092631 0.5740447 0.09810829 0.8116657 0.49491 0.8254643 0.466719 0.8243797 0.4944921 0.7332852 0.7778081 0.7462538 0.8009831 0.7328369 0.8006953 0.2775499 0.1258877 0.2834349 0.1450238 0.2714634 0.1383024 0.5696076 0.08539205 0.5740447 0.09810829 0.5665369 0.08721643 0.836667 0.4939094 0.8254643 0.466719 0.8377364 0.4665237 0.7332852 0.7778081 0.7191438 0.8004583 0.7196117 0.7765722 0.2653076 0.1508958 0.2834349 0.1450238 0.2758882 0.1568362 0.5638101 0.07390296 0.5665369 0.08721643 0.5592191 0.07663059 0.836667 0.4939094 0.8495292 0.4662739 0.848479 0.4931641 0.7196117 0.7765722 0.7052286 0.8002732 0.7057143 0.7754824 0.2653076 0.1508958 0.2682547 0.1687541 0.2591069 0.163618 0.5638101 0.07390296 0.5521202 0.06639254 0.5582132 0.06277245 0.8597693 0.4922592 0.8495292 0.4662739 0.8607959 0.4659707 0.6916477 0.774543 0.7052286 0.8002732 0.6911463 0.8001406 0.2591069 0.163618 0.2605648 0.1807304 0.2528857 0.176419 0.5582132 0.06277245 0.5452681 0.05654257 0.5528393 0.05204433 0.8597693 0.4922592 0.8714922 0.4656152 0.8704931 0.4911983 0.6774675 0.7737576 0.6911463 0.8001406 0.6769523 0.8000611 0.2528857 0.176419 0.2528486 0.1927179 0.2466686 0.1892482 0.5477094 0.0417611 0.5452681 0.05654257 0.53869 0.04711973 0.8704931 0.4911983 0.8815758 0.4652088 0.8806082 0.4899855 0.6774675 0.7737576 0.6627026 0.8000349 0.6632296 0.7731295 0.2404803 0.2020549 0.2528486 0.1927179 0.2451366 0.2046692 0.5428437 0.0319631 0.53869 0.04711973 0.5324118 0.03816103 0.3162581 0.04796475 0.3427448 0.05087018 0.3372396 0.05974471 0.6489903 0.772661 0.6627026 0.8000349 0.6484536 0.8000623 0.2404803 0.2020549 0.2374594 0.2165372 0.2343449 0.2147886 0.5428437 0.0319631 0.5264583 0.02970188 0.5382615 0.02268922 0.5740447 0.09810829 0.5817128 0.1092631 0.5726282 0.09919995 0.8127611 0.466859 0.8254643 0.4387251 0.8254643 0.466719 0.7328369 0.8006953 0.7466807 0.8229376 0.7332852 0.8237469 0.2908652 0.1333636 0.2945045 0.1531306 0.2834349 0.1450238 0.5665369 0.08721643 0.5726282 0.09919995 0.5637096 0.08939546 0.8377364 0.4665237 0.8254643 0.4387251 0.8377364 0.4389203 0.7328369 0.8006953 0.7196117 0.824516 0.7191438 0.8004583 0.2758882 0.1568362 0.2945045 0.1531306 0.2856715 0.1640011 0.5665369 0.08721643 0.5549921 0.07988834 0.5592191 0.07663059 0.8377364 0.4665237 0.8495292 0.4391701 0.8495292 0.4662739 0.7191438 0.8004583 0.7057142 0.8252421 0.7052286 0.8002732 0.2758882 0.1568362 0.2767133 0.1749488 0.2682547 0.1687541 0.5592191 0.07663059 0.5465102 0.07071614 0.5521202 0.06639254 0.8607959 0.4659707 0.8495292 0.4391701 0.8607959 0.4394733 0.6911463 0.8001406 0.7057142 0.8252421 0.6916477 0.8259221 0.2682547 0.1687541 0.2676652 0.1859304 0.2605648 0.1807304 0.5521202 0.06639254 0.5382972 0.06191504 0.5452681 0.05654257 0.8607959 0.4659707 0.8714922 0.4398288 0.8714922 0.4656152 0.6911463 0.8001406 0.6774675 0.8265535 0.6769523 0.8000611 0.2605648 0.1807304 0.2585629 0.1969028 0.2528486 0.1927179 0.53869 0.04711973 0.5382972 0.06191504 0.5303858 0.05351984 0.8714922 0.4656152 0.8815758 0.4402352 0.8815758 0.4652088 0.6769523 0.8000611 0.6632296 0.8271337 0.6627026 0.8000349 0.2451366 0.2046692 0.2585629 0.1969028 0.2494422 0.2078224 0.5324118 0.03816103 0.5303858 0.05351984 0.522807 0.04556351 0.3372396 0.05974471 0.3628802 0.06561648 0.3566402 0.07395291 0.6484536 0.8000623 0.6632296 0.8271337 0.6489903 0.8276604 0.2451366 0.2046692 0.2403392 0.2186464 0.2374594 0.2165372 0.5324118 0.03816103 0.5155907 0.03807753 0.5264583 0.02970188 0.3314056 0.06910794 0.3566402 0.07395291 0.3499949 0.08272194 0.6484536 0.8000623 0.6348057 0.8281316 0.6342614 0.800143 0.2374594 0.2165372 0.2312899 0.2293318 0.2298471 0.2282751 0.8073921 0.8031389 0.8183594 0.8174281 0.807689 0.8184064 0.3314056 0.06910794 0.3429704 0.09188896 0.3252658 0.07892292 0.6201821 0.8002767 0.6348057 0.8281316 0.6207318 0.8285453 0.2223299 0.2398366 0.2298471 0.2282751 0.2312899 0.2293318 0.8073921 0.8031389 0.796447 0.8193655 0.7961213 0.8026175 0.3252658 0.07892292 0.3355945 0.1014177 0.3188446 0.08915078 0.6201821 0.8002767 0.6068243 0.8289 0.6062712 0.800463 0.7843245 0.8021395 0.796447 0.8193655 0.7846778 0.8203018 0.3121671 0.09975123 0.3355945 0.1014177 0.3278962 0.1112707 0.5925837 0.8007011 0.6068243 0.8289 0.5931378 0.8291944 0.7843245 0.8021395 0.7724279 0.8212116 0.7720485 0.8017066 0.3052597 0.1106824 0.3278962 0.1112707 0.3199061 0.1214089 0.7862638 0.4669713 0.799677 0.4385008 0.799677 0.4669432 0.7720485 0.8017066 0.7597455 0.8220914 0.7593415 0.8013207 0.3052597 0.1106824 0.3116555 0.1317924 0.2981497 0.1219013 0.8127611 0.466859 0.799677 0.4385008 0.8127611 0.438585 0.7462538 0.8009831 0.7597455 0.8220914 0.7466807 0.8229376 0.2908652 0.1333636 0.3116555 0.1317924 0.3031772 0.1423803 0.3628802 0.06561648 0.3741539 0.09036529 0.3566402 0.07395291 0.6489903 0.8276604 0.6648024 0.8539983 0.650592 0.8550201 0.2494422 0.2078224 0.242939 0.2210826 0.2403392 0.2186464 0.522807 0.04556351 0.5058302 0.04768401 0.5155907 0.03807753 0.3499949 0.08272194 0.3741539 0.09036529 0.3667762 0.09844791 0.6489903 0.8276604 0.6364301 0.8558784 0.6348057 0.8281316 0.2403392 0.2186464 0.2325924 0.2305523 0.2312899 0.2293318 0.807689 0.8184064 0.8191561 0.8310363 0.808575 0.8335419 0.3429704 0.09188896 0.3667762 0.09844791 0.3589529 0.1068665 0.6207318 0.8285453 0.6364301 0.8558784 0.6223725 0.8565698 0.2223299 0.2398366 0.2312899 0.2293318 0.2325924 0.2305523 0.807689 0.8184064 0.797419 0.8359687 0.796447 0.8193655 0.3429704 0.09188896 0.3507153 0.1155877 0.3355945 0.1014177 0.6207318 0.8285453 0.6084747 0.8570915 0.6068243 0.8289 0.7846778 0.8203018 0.797419 0.8359687 0.7857319 0.8383072 0.3355945 0.1014177 0.3420957 0.1245771 0.3278962 0.1112707 0.5931378 0.8291944 0.6084747 0.8570915 0.5947915 0.8574416 0.7846778 0.8203018 0.7735599 0.8405482 0.7724279 0.8212116 0.3199061 0.1214089 0.3420957 0.1245771 0.333128 0.1337994 0.7862638 0.4384726 0.7985751 0.4102826 0.799677 0.4385008 0.7597455 0.8220914 0.7735599 0.8405482 0.760951 0.8426827 0.3199061 0.1214089 0.3238478 0.143218 0.3116555 0.1317924 0.8127611 0.438585 0.7985751 0.4102826 0.8116657 0.410534 0.7466807 0.8229376 0.760951 0.8426827 0.747955 0.8447024 0.3031772 0.1423803 0.3238478 0.143218 0.3142917 0.1527959 0.5726282 0.09919995 0.5817128 0.1092631 0.5713561 0.100452 0.8127611 0.438585 0.8243797 0.4109519 0.8254643 0.4387251 0.7466807 0.8229376 0.734623 0.8465993 0.7332852 0.8237469 0.3031772 0.1423803 0.3044974 0.1624951 0.2945045 0.1531306 0.5637096 0.08939546 0.5713561 0.100452 0.5611703 0.09189468 0.8377364 0.4389203 0.8243797 0.4109519 0.836667 0.4115346 0.7332852 0.8237469 0.721008 0.8483659 0.7196117 0.824516 0.2856715 0.1640011 0.3044974 0.1624951 0.2945034 0.1722776 0.5549921 0.07988834 0.5611703 0.09189468 0.5511957 0.08362489 0.8377364 0.4389203 0.848479 0.4122799 0.8495292 0.4391701 0.7057142 0.8252421 0.721008 0.8483659 0.7071634 0.8499953 0.2856715 0.1640011 0.2843493 0.1821045 0.2767133 0.1749488 0.5549921 0.07988834 0.5414716 0.07567518 0.5465102 0.07071614 0.8607959 0.4394733 0.848479 0.4122799 0.8597693 0.4131848 0.6916477 0.8259221 0.7071634 0.8499953 0.693144 0.8514809 0.2767133 0.1749488 0.2740751 0.1919372 0.2676652 0.1859304 0.5382972 0.06191504 0.5414716 0.07567518 0.5320364 0.06807708 0.8714922 0.4398288 0.8597693 0.4131848 0.8704931 0.4142457 0.6916477 0.8259221 0.679005 0.852817 0.6774675 0.8265535 0.2676652 0.1859304 0.2637214 0.2017369 0.2585629 0.1969028 0.5303858 0.05351984 0.5320364 0.06807708 0.5229275 0.06086045 0.8714922 0.4398288 0.8806082 0.4154586 0.8815758 0.4402352 0.6774675 0.8265535 0.6648024 0.8539983 0.6632296 0.8271337 0.2585629 0.1969028 0.253329 0.2114648 0.2494422 0.2078224 0.522807 0.04556351 0.5229275 0.06086045 0.5141805 0.05405384 0.8116657 0.410534 0.7963886 0.3827338 0.8094921 0.3831483 0.747955 0.8447024 0.762939 0.8627698 0.7500563 0.8659343 0.3142917 0.1527959 0.3345344 0.1559978 0.3240335 0.164446 0.5713561 0.100452 0.5817128 0.1092631 0.5702483 0.1018448 0.8116657 0.410534 0.8222277 0.3838375 0.8243797 0.4109519 0.747955 0.8447024 0.7368294 0.8688922 0.734623 0.8465993 0.3142917 0.1527959 0.3132561 0.1729696 0.3044974 0.1624951 0.5611703 0.09189468 0.5702483 0.1018448 0.5589591 0.09467476 0.836667 0.4115346 0.8222277 0.3838375 0.834545 0.3847985 0.734623 0.8465993 0.7233106 0.8716318 0.721008 0.8483659 0.2945034 0.1722776 0.3132561 0.1729696 0.3022444 0.181535 0.5511957 0.08362489 0.5589591 0.09467476 0.5478898 0.08778125 0.836667 0.4115346 0.8463954 0.3860276 0.848479 0.4122799 0.7071634 0.8499953 0.7233106 0.8716318 0.7095533 0.8741424 0.2945034 0.1722776 0.2910421 0.1901084 0.2843493 0.1821045 0.5511957 0.08362489 0.5370841 0.08119148 0.5414716 0.07567518 0.8597693 0.4131848 0.8463954 0.3860276 0.8577323 0.3875199 0.693144 0.8514809 0.7095533 0.8741424 0.6956116 0.876414 0.2843493 0.1821045 0.2796933 0.198656 0.2740751 0.1919372 0.5320364 0.06807708 0.5370841 0.08119148 0.5265845 0.07493144 0.8704931 0.4142457 0.8577323 0.3875199 0.8685108 0.3892695 0.693144 0.8514809 0.6815407 0.8784375 0.679005 0.852817 0.2740751 0.1919372 0.2682428 0.207144 0.2637214 0.2017369 0.5229275 0.06086045 0.5265845 0.07493144 0.5164327 0.06902593 0.8704931 0.4142457 0.8786883 0.3912696 0.8806082 0.4154586 0.679005 0.852817 0.6673961 0.8802052 0.6648024 0.8539983 0.253329 0.2114648 0.2682428 0.207144 0.2567358 0.2155389 0.5141805 0.05405384 0.5164327 0.06902593 0.5066686 0.06349813 0.3810572 0.08265048 0.3895046 0.1087229 0.3741539 0.09036529 0.650592 0.8550201 0.6673961 0.8802052 0.6532335 0.8817099 0.253329 0.2114648 0.2452177 0.2238076 0.242939 0.2210826 0.5141805 0.05405384 0.4973307 0.05836993 0.5058302 0.04768401 0.3667762 0.09844791 0.3895046 0.1087229 0.3814848 0.1160378 0.650592 0.8550201 0.639109 0.8829458 0.6364301 0.8558784 0.242939 0.2210826 0.233734 0.2319175 0.2325924 0.2305523 0.808575 0.8335419 0.8204699 0.8443113 0.8100364 0.8483069 0.3589529 0.1068665 0.3814848 0.1160378 0.3729616 0.1236192 0.6223725 0.8565698 0.639109 0.8829458 0.6250782 0.883908 0.2223299 0.2398366 0.2325924 0.2305523 0.233734 0.2319175 0.808575 0.8335419 0.799022 0.8521655 0.797419 0.8359687 0.3589529 0.1068665 0.3639686 0.1314371 0.3507153 0.1155877 0.6223725 0.8565698 0.6111965 0.8845927 0.6084747 0.8570915 0.7857319 0.8383072 0.799022 0.8521655 0.7874703 0.8558718 0.3507153 0.1155877 0.3545414 0.1394608 0.3420957 0.1245771 0.5947915 0.8574416 0.6111965 0.8845927 0.5975186 0.8849971 0.7857319 0.8383072 0.7754268 0.8594112 0.7735599 0.8405482 0.333128 0.1337994 0.3545414 0.1394608 0.344717 0.1476584 0.7851597 0.4101986 0.7963886 0.3827338 0.7985751 0.4102826 0.760951 0.8426827 0.7754268 0.8594112 0.762939 0.8627698 0.333128 0.1337994 0.3345344 0.1559978 0.3238478 0.143218 0.6956116 0.876414 0.7128461 0.8973025 0.6990116 0.9003279 0.2910421 0.1901084 0.2844313 0.2059807 0.2796933 0.198656 0.5265845 0.07493144 0.5334166 0.08717793 0.5220274 0.0823701 0.8685108 0.3892695 0.854717 0.3628832 0.8655764 0.3652939 0.6956116 0.876414 0.6850345 0.9030109 0.6815407 0.8784375 0.2796933 0.198656 0.2720558 0.2130388 0.2682428 0.207144 0.5164327 0.06902593 0.5220274 0.0823701 0.511004 0.07788741 0.4039094 0.09500694 0.4104251 0.1224748 0.3969893 0.1017034 0.6815407 0.8784375 0.6709698 0.905341 0.6673961 0.8802052 0.2567358 0.2155389 0.2720558 0.2130388 0.2596088 0.2199805 0.5066686 0.06349813 0.511004 0.07788741 0.5003896 0.07374745 0.3969893 0.1017034 0.4024501 0.1287363 0.3895046 0.1087229 0.6532335 0.8817099 0.6709698 0.905341 0.6568731 0.9073089 0.2567358 0.2155389 0.2471393 0.2267785 0.2452177 0.2238076 0.5066686 0.06349813 0.4902263 0.06996667 0.4973307 0.05836993 0.3814848 0.1160378 0.4024501 0.1287363 0.393889 0.1352142 0.6532335 0.8817099 0.6428 0.9089071 0.639109 0.8829458 0.2452177 0.2238076 0.2346967 0.2334059 0.233734 0.2319175 0.8100364 0.8483069 0.8222801 0.8570438 0.8120498 0.8624684 0.3729616 0.1236192 0.393889 0.1352142 0.3847754 0.141883 0.6250782 0.883908 0.6428 0.9089071 0.6288062 0.910129 0.2223299 0.2398366 0.233734 0.2319175 0.2346967 0.2334059 0.8100364 0.8483069 0.8012307 0.8677002 0.799022 0.8521655 0.3729616 0.1236192 0.3751454 0.1487162 0.3639686 0.1314371 0.6250782 0.883908 0.6149467 0.9109698 0.6111965 0.8845927 0.7874703 0.8558718 0.8012307 0.8677002 0.7898654 0.8727185 0.3639686 0.1314371 0.365037 0.1556868 0.3545414 0.1394608 0.5975186 0.8849971 0.6149467 0.9109698 0.6012763 0.9114264 0.7874703 0.8558718 0.7779991 0.8775033 0.7754268 0.8594112 0.344717 0.1476584 0.365037 0.1556868 0.3544902 0.1627675 0.7829688 0.3825953 0.7931519 0.3562886 0.7963886 0.3827338 0.762939 0.8627698 0.7779991 0.8775033 0.7656782 0.882036 0.344717 0.1476584 0.3435465 0.1699303 0.3345344 0.1559978 0.8094921 0.3831483 0.7931519 0.3562886 0.8062747 0.3568598 0.7500563 0.8659343 0.7656782 0.882036 0.7529516 0.8862984 0.3240335 0.164446 0.3435465 0.1699303 0.332249 0.1771469 0.5702483 0.1018448 0.5817128 0.1092631 0.5693223 0.1033563 0.8094921 0.3831483 0.8190421 0.3578094 0.8222277 0.3838375 0.7500563 0.8659343 0.7398694 0.890274 0.7368294 0.8688922 0.3240335 0.164446 0.3206425 0.1843888 0.3132561 0.1729696 0.5589591 0.09467476 0.5693223 0.1033563 0.5571107 0.09769177 0.834545 0.3847985 0.8190421 0.3578094 0.8314039 0.3591336 0.7368294 0.8688922 0.7264833 0.8939468 0.7233106 0.8716318 0.3022444 0.181535 0.3206425 0.1843888 0.3087726 0.1916275 0.5589591 0.09467476 0.5451264 0.09229183 0.5478898 0.08778125 0.834545 0.3847985 0.8433111 0.360827 0.8463954 0.3860276 0.7095533 0.8741424 0.7264833 0.8939468 0.7128461 0.8973025 0.3022444 0.181535 0.2966863 0.1988343 0.2910421 0.1901084 0.5478898 0.08778125 0.5334166 0.08717793 0.5370841 0.08119148 0.8577323 0.3875199 0.8433111 0.360827 0.854717 0.3628832 0.7898654 0.8727185 0.8040102 0.882328 0.7928797 0.8885816 0.3751454 0.1487162 0.3734172 0.1729995 0.365037 0.1556868 0.6012763 0.9114264 0.6196662 0.9358071 0.6060051 0.9363128 0.7898654 0.8727185 0.7812361 0.8945392 0.7779991 0.8775033 0.3544902 0.1627675 0.3734172 0.1729995 0.3622935 0.1788884 0.7797258 0.3560979 0.7889163 0.3313643 0.7931519 0.3562886 0.7656782 0.882036 0.7812361 0.8945392 0.7691254 0.9001773 0.3544902 0.1627675 0.3507421 0.1847958 0.3435465 0.1699303 0.8062747 0.3568598 0.7889163 0.3313643 0.8020641 0.3320832 0.7529516 0.8862984 0.7691254 0.9001773 0.7565952 0.9054737 0.332249 0.1771469 0.3507421 0.1847958 0.3388085 0.1906983 0.5693223 0.1033563 0.5817128 0.1092631 0.5685927 0.1049627 0.8062747 0.3568598 0.8148732 0.3332782 0.8190421 0.3578094 0.7529516 0.8862984 0.7436951 0.9104074 0.7398694 0.890274 0.332249 0.1771469 0.3265401 0.1965726 0.3206425 0.1843888 0.5571107 0.09769177 0.5685927 0.1049627 0.5556546 0.1008982 0.8314039 0.3591336 0.8148732 0.3332782 0.8272931 0.3349446 0.7398694 0.890274 0.730476 0.9149591 0.7264833 0.8939468 0.3087726 0.1916275 0.3265401 0.1965726 0.313985 0.2023957 0.5451264 0.09229183 0.5556546 0.1008982 0.5429493 0.09708565 0.8314039 0.3591336 0.8392748 0.3370758 0.8433111 0.360827 0.7128461 0.8973025 0.730476 0.9149591 0.71699 0.9191106 0.3087726 0.1916275 0.3011928 0.2081443 0.2966863 0.1988343 0.5451264 0.09229183 0.5305272 0.09354013 0.5334166 0.08717793 0.854717 0.3628832 0.8392748 0.3370758 0.850771 0.3396633 0.6990116 0.9003279 0.71699 0.9191106 0.7032904 0.9228457 0.2966863 0.1988343 0.2882142 0.213796 0.2844313 0.2059807 0.5334166 0.08717793 0.5184371 0.09027564 0.5220274 0.0823701 0.8655764 0.3652939 0.850771 0.3396633 0.8617362 0.3426972 0.6990116 0.9003279 0.6894312 0.9261496 0.6850345 0.9030109 0.2844313 0.2059807 0.2751002 0.2193283 0.2720558 0.2130388 0.511004 0.07788741 0.5184371 0.09027564 0.5067269 0.08730512 0.4177825 0.1164544 0.4211528 0.1446372 0.4104251 0.1224748 0.6850345 0.9030109 0.6754671 0.9290093 0.6709698 0.905341 0.2596088 0.2199805 0.2751002 0.2193283 0.2619027 0.2247195 0.5003896 0.07374745 0.5067269 0.08730512 0.4954426 0.08464014 0.4104251 0.1224748 0.4127863 0.1500899 0.4024501 0.1287363 0.6568731 0.9073089 0.6754671 0.9290093 0.6614534 0.9314134 0.2596088 0.2199805 0.2486737 0.2299482 0.2471393 0.2267785 0.5003896 0.07374745 0.484629 0.08229136 0.4902263 0.06996667 0.393889 0.1352142 0.4127863 0.1500899 0.4037929 0.1556748 0.6568731 0.9073089 0.6474451 0.9333526 0.6428 0.9089071 0.2471393 0.2267785 0.2354654 0.2349939 0.2346967 0.2334059 0.4805542 0.06656002 0.484629 0.08229136 0.4743286 0.08026802 0.3847754 0.141883 0.4037929 0.1556748 0.3942079 0.1613698 0.6288062 0.910129 0.6474451 0.9333526 0.6334977 0.9348191 0.2223299 0.2398366 0.2346967 0.2334059 0.2354654 0.2349939 0.8120498 0.8624684 0.8040102 0.882328 0.8012307 0.8677002 0.3847754 0.141883 0.3840693 0.1671522 0.3751454 0.1487162 0.6288062 0.910129 0.6196662 0.9358071 0.6149467 0.9109698 0.71699 0.9191106 0.7352257 0.9343371 0.7219196 0.9392226 0.313985 0.2023957 0.3044906 0.2178919 0.3011928 0.2081443 0.5429493 0.09708565 0.5284613 0.1001778 0.5305272 0.09354013 0.850771 0.3396633 0.8343501 0.3151482 0.8459565 0.3182265 0.7032904 0.9228457 0.7219196 0.9392226 0.7083804 0.9436123 0.3011928 0.2081443 0.2909826 0.2219784 0.2882142 0.213796 0.5184371 0.09027564 0.5284613 0.1001778 0.5158701 0.09852349 0.6675612 0.004751145 0.6815741 0.01687997 0.668425 0.02117818 0.7032904 0.9228457 0.6946616 0.9474889 0.6894312 0.9261496 0.2882142 0.213796 0.2773281 0.2259134 0.2751002 0.2193283 0.5184371 0.09027564 0.5036689 0.09713059 0.5067269 0.08730512 0.4288593 0.139338 0.4290031 0.167841 0.4211528 0.1446372 0.6894312 0.9261496 0.6808173 0.9508369 0.6754671 0.9290093 0.2619027 0.2247195 0.2773281 0.2259134 0.2635813 0.2296811 0.4954426 0.08464014 0.5036689 0.09713059 0.4919057 0.09600448 0.4211528 0.1446372 0.4203501 0.1724469 0.4127863 0.1500899 0.6614534 0.9314134 0.6808173 0.9508369 0.6669021 0.9536433 0.2619027 0.2247195 0.2497965 0.2332669 0.2486737 0.2299482 0.4954426 0.08464014 0.4806271 0.09514963 0.484629 0.08229136 0.4037929 0.1556748 0.4203501 0.1724469 0.4110404 0.1770968 0.6614534 0.9314134 0.6529709 0.955897 0.6474451 0.9333526 0.2486737 0.2299482 0.2360278 0.2366566 0.2354654 0.2349939 0.4743286 0.08026802 0.4806271 0.09514963 0.4698776 0.09456956 0.3942079 0.1613698 0.4110404 0.1770968 0.4011105 0.1817722 0.6334977 0.9348191 0.6529709 0.955897 0.6390788 0.957589 0.2223299 0.2398366 0.2354654 0.2349939 0.2360278 0.2366566 0.8145836 0.8758032 0.8073168 0.8958182 0.8040102 0.882328 0.3942079 0.1613698 0.3905998 0.1864546 0.3840693 0.1671522 0.6334977 0.9348191 0.6252806 0.9587126 0.6196662 0.9358071 0.7928797 0.8885816 0.8073168 0.8958182 0.7964655 0.9032111 0.3840693 0.1671522 0.3795497 0.1911256 0.3734172 0.1729995 0.6060051 0.9363128 0.6252806 0.9587126 0.6116306 0.9592637 0.7928797 0.8885816 0.7850871 0.9102502 0.7812361 0.8945392 0.3622935 0.1788884 0.3795497 0.1911256 0.3680039 0.1957668 0.7754817 0.3311243 0.7837484 0.3083539 0.7889163 0.3313643 0.7691254 0.9001773 0.7850871 0.9102502 0.7732262 0.9169078 0.3622935 0.1788884 0.3560077 0.2003598 0.3507421 0.1847958 0.8020641 0.3320832 0.7837484 0.3083539 0.7969268 0.3092091 0.7565952 0.9054737 0.7732262 0.9169078 0.7609297 0.9231576 0.3388085 0.1906983 0.3560077 0.2003598 0.3436087 0.2048865 0.5685927 0.1049627 0.5817128 0.1092631 0.5680711 0.1066386 0.8020641 0.3320832 0.8097868 0.3106306 0.8148732 0.3332782 0.7565952 0.9054737 0.7482461 0.9289751 0.7436951 0.9104074 0.3388085 0.1906983 0.3308559 0.209329 0.3265401 0.1965726 0.5556546 0.1008982 0.5680711 0.1066386 0.5546134 0.1042433 0.8272931 0.3349446 0.8097868 0.3106306 0.8222777 0.312613 0.7436951 0.9104074 0.7352257 0.9343371 0.730476 0.9149591 0.313985 0.2023957 0.3308559 0.209329 0.3177993 0.2136699 0.5429493 0.09708565 0.5546134 0.1042433 0.5413928 0.102087 0.8272931 0.3349446 0.8343501 0.3151482 0.8392748 0.3370758 0.2223299 0.2398366 0.2360278 0.2366566 0.2363753 0.2383676 0.4698776 0.09456956 0.4568402 0.1103583 0.4596994 0.09426635 0.4011105 0.1817722 0.3946337 0.2063189 0.3905998 0.1864546 0.02838706 0.3702272 0.01486927 0.3899829 0.01423162 0.3692492 0.7964655 0.9032111 0.8110982 0.907958 0.8005663 0.9163761 0.3905998 0.1864546 0.3833377 0.2097795 0.3795497 0.1911256 0 0.3689227 0.01486927 0.3899829 6.38907e-4 0.3896974 0.7964655 0.9032111 0.7894909 0.9243884 0.7850871 0.9102502 0.3680039 0.1957668 0.3833377 0.2097795 0.3715311 0.2131365 0.7652691 0.004176855 0.7519292 0.02541172 0.7510228 0.004688084 0.7732262 0.9169078 0.7894909 0.9243884 0.7779158 0.9319635 0.3680039 0.1957668 0.3592603 0.2163769 0.3560077 0.2003598 0.7368211 0.005850255 0.7519292 0.02541172 0.7377221 0.02645117 0.7609297 0.9231576 0.7779158 0.9319635 0.7658867 0.9390714 0.3436087 0.2048865 0.3592603 0.2163769 0.3465738 0.2194877 0.5680711 0.1066386 0.5817128 0.1092631 0.5677657 0.1083576 0.7368211 0.005850255 0.7236122 0.02805572 0.7227201 0.007658898 0.7609297 0.9231576 0.7534509 0.9456841 0.7482461 0.9289751 0.3436087 0.2048865 0.3335217 0.2224568 0.3308559 0.209329 0.5546134 0.1042433 0.5677657 0.1083576 0.5540037 0.1076747 0.7087754 0.01010704 0.7236122 0.02805572 0.709655 0.03021931 0.7482461 0.9289751 0.7406576 0.9517754 0.7352257 0.9343371 0.3177993 0.2136699 0.3335217 0.2224568 0.3201555 0.2252723 0.5413928 0.102087 0.5540037 0.1076747 0.5404813 0.107217 0.7087754 0.01010704 0.6959057 0.03293305 0.695042 0.01318472 0.7219196 0.9392226 0.7406576 0.9517754 0.7275572 0.9573214 0.3177993 0.2136699 0.3065277 0.2279233 0.3044906 0.2178919 0.5413928 0.102087 0.5272516 0.1069862 0.5284613 0.1001778 0.6815741 0.01687997 0.6959057 0.03293305 0.6824185 0.03618645 0.7083804 0.9436123 0.7275572 0.9573214 0.7142015 0.9623001 0.3044906 0.2178919 0.2926926 0.2303991 0.2909826 0.2219784 0.5284613 0.1001778 0.5143669 0.1069836 0.5158701 0.09852349 0.668425 0.02117818 0.6824185 0.03618645 0.6692467 0.03996658 0.7083804 0.9436123 0.7006432 0.9666919 0.6946616 0.9474889 0.2773281 0.2259134 0.2926926 0.2303991 0.2787043 0.2326902 0.5158701 0.09852349 0.5018782 0.1072088 0.5036689 0.09713059 0.668425 0.02117818 0.6564423 0.04425853 0.6556465 0.02606236 0.6946616 0.9474889 0.6869358 0.9704795 0.6808173 0.9508369 0.2635813 0.2296811 0.2787043 0.2326902 0.2646183 0.2347873 0.4919057 0.09600448 0.5018782 0.1072088 0.4898346 0.1076611 0.6556465 0.02606236 0.6440557 0.04904532 0.6432889 0.03151321 0.6669021 0.9536433 0.6869358 0.9704795 0.6731334 0.9736478 0.2635813 0.2296811 0.25049 0.2366822 0.2497965 0.2332669 0.4919057 0.09600448 0.4782836 0.1083387 0.4806271 0.09514963 0.4110404 0.1770968 0.4250224 0.1954548 0.4155172 0.1991424 0.6669021 0.9536433 0.6592903 0.9761846 0.6529709 0.955897 0.2497965 0.2332669 0.2363753 0.2383676 0.2360278 0.2366566 0.4698776 0.09456956 0.4782836 0.1083387 0.467271 0.1092391 0.4011105 0.1817722 0.4155172 0.1991424 0.4053743 0.2027686 0.6390788 0.957589 0.6592903 0.9761846 0.6454614 0.9780796 0.7534509 0.9456841 0.7466859 0.9669989 0.7406576 0.9517754 0.3201555 0.2252723 0.3344957 0.2357488 0.3210162 0.23702 0.5404813 0.107217 0.5538352 0.1111379 0.5402292 0.1123947 0.709655 0.03021931 0.6967117 0.05485194 0.6959057 0.03293305 0.1091985 0.4075901 0.121743 0.4316827 0.1096792 0.4277942 0.3201555 0.2252723 0.307272 0.2380802 0.3065277 0.2279233 0.5404813 0.107217 0.526917 0.1138581 0.5272516 0.1069862 0.6824185 0.03618645 0.6967117 0.05485194 0.6832065 0.05761486 0.09666609 0.4034645 0.1096792 0.4277942 0.09716242 0.4243261 0.2926926 0.2303991 0.307272 0.2380802 0.2933173 0.2389252 0.5143669 0.1069836 0.526917 0.1138581 0.5139513 0.1155224 0.6692467 0.03996658 0.6832065 0.05761486 0.6700136 0.06081998 0.09666609 0.4034645 0.08424216 0.4212923 0.08373212 0.3998555 0.2926926 0.2303991 0.2792071 0.2395517 0.2787043 0.2326902 0.5143669 0.1069836 0.501383 0.1173809 0.5018782 0.1072088 0.6692467 0.03996658 0.6571849 0.06445467 0.6564423 0.04425853 0.08373212 0.3998555 0.07096934 0.4187047 0.07044762 0.3967772 0.2646183 0.2347873 0.2792071 0.2395517 0.2649971 0.2399573 0.4898346 0.1076611 0.501383 0.1173809 0.4892618 0.1194264 0.6564423 0.04425853 0.6447712 0.06850445 0.6440557 0.04904532 0.05686503 0.3942419 0.07096934 0.4187047 0.05739635 0.4165735 0.2646183 0.2347873 0.2507434 0.2401403 0.25049 0.2366822 0.4898346 0.1076611 0.4776356 0.1216506 0.4782836 0.1083387 0.6321359 0.05430817 0.6447712 0.06850445 0.6328215 0.07295352 0.05686503 0.3942419 0.04357677 0.4149071 0.04303795 0.3922595 0.25049 0.2366822 0.2365022 0.2401 0.2363753 0.2383676 0.467271 0.1092391 0.4776356 0.1216506 0.4665504 0.1240451 0.4053743 0.2027686 0.4171528 0.221464 0.406932 0.2240278 0.0290209 0.390838 0.04357677 0.4149071 0.02956515 0.4137122 0.2223299 0.2398366 0.2363753 0.2383676 0.2365022 0.2401 0.467271 0.1092391 0.4560495 0.1266001 0.4568402 0.1103583 0.4053743 0.2027686 0.3961074 0.2264319 0.3946337 0.2063189 0.0290209 0.390838 0.0154168 0.4129933 0.01486927 0.3899829 0.4470322 0.1116923 0.4560495 0.1266001 0.4461748 0.1293057 0.3946337 0.2063189 0.3847217 0.2286668 0.3833377 0.2097795 6.38907e-4 0.3896974 0.0154168 0.4129933 0.001187443 0.4127534 0.8005663 0.9163761 0.7943785 0.9367311 0.7894909 0.9243884 0.3715311 0.2131365 0.3847217 0.2286668 0.3728198 0.2307237 0.7661772 0.02494144 0.752775 0.04841309 0.7519292 0.02541172 0.7779158 0.9319635 0.7943785 0.9367311 0.7831206 0.9451071 0.3715311 0.2131365 0.3604487 0.2325944 0.3592603 0.2163769 0.7377221 0.02645117 0.752775 0.04841309 0.7385629 0.04931634 0.7658867 0.9390714 0.7831206 0.9451071 0.771388 0.952964 0.3465738 0.2194877 0.3604487 0.2325944 0.3476571 0.2342717 0.5677657 0.1083576 0.5817128 0.1092631 0.5676813 0.1100926 0.7377221 0.02645117 0.7244446 0.0506944 0.7236122 0.02805572 0.7658867 0.9390714 0.7592271 0.960271 0.7534509 0.9456841 0.3465738 0.2194877 0.3344957 0.2357488 0.3335217 0.2224568 0.5540037 0.1076747 0.5676813 0.1100926 0.5538352 0.1111379 0.709655 0.03021931 0.7244446 0.0506944 0.7104758 0.05254215 0.2507434 0.2401403 0.2364067 0.2418265 0.2365022 0.2401 0.4665504 0.1240451 0.4786933 0.1348755 0.4677267 0.1387543 0.6213828 0.07778424 0.6334472 0.09315115 0.6219788 0.09702056 0.02956515 0.4137122 0.04401844 0.4394384 0.03001123 0.4384889 0.2223299 0.2398366 0.2365022 0.2401 0.2364067 0.2418265 0.4665504 0.1240451 0.45734 0.1427356 0.4560495 0.1266001 0.406932 0.2240278 0.3949978 0.2464762 0.3961074 0.2264319 0.02956515 0.4137122 0.0158655 0.4379176 0.0154168 0.4129933 0.4461748 0.1293057 0.45734 0.1427356 0.4475743 0.1468039 0.3961074 0.2264319 0.3836797 0.2474897 0.3847217 0.2286668 0.001187443 0.4127534 0.0158655 0.4379176 0.001637101 0.4377269 0.4461748 0.1293057 0.438468 0.1509429 0.4369651 0.1321511 0.3728198 0.2307237 0.3836797 0.2474897 0.3718495 0.2482509 0.7670248 0.04798835 0.7535468 0.0733295 0.752775 0.04841309 0.1547508 0.4457101 0.1648552 0.4682072 0.1550785 0.4639151 0.3728198 0.2307237 0.3595539 0.2487567 0.3604487 0.2325944 0.7385629 0.04931634 0.7535468 0.0733295 0.7393302 0.07408511 0.1443234 0.4406584 0.1550785 0.4639151 0.1446698 0.4599009 0.3476571 0.2342717 0.3595539 0.2487567 0.3468414 0.2490053 0.5676813 0.1100926 0.5817128 0.1092631 0.5678191 0.1118163 0.7385629 0.04931634 0.7252043 0.07521784 0.7244446 0.0506944 0.1443234 0.4406584 0.13367 0.4561805 0.1333062 0.4359764 0.3476571 0.2342717 0.3337624 0.2489956 0.3344957 0.2357488 0.5538352 0.1111379 0.5678191 0.1118163 0.5541103 0.1145784 0.7104758 0.05254215 0.7252043 0.07521784 0.7112249 0.07672345 0.1333062 0.4359764 0.1221227 0.4527686 0.121743 0.4316827 0.3210162 0.23702 0.3337624 0.2489956 0.3203681 0.2487276 0.5402292 0.1123947 0.5541103 0.1145784 0.5406406 0.1175386 0.7104758 0.05254215 0.6974472 0.07859569 0.6967117 0.05485194 0.1096792 0.4277942 0.1221227 0.4527686 0.1100732 0.4496787 0.3210162 0.23702 0.3067116 0.2482025 0.307272 0.2380802 0.5402292 0.1123947 0.527463 0.120685 0.526917 0.1138581 0.6832065 0.05761486 0.6974472 0.07859569 0.6839256 0.08082735 0.09716242 0.4243261 0.1100732 0.4496787 0.09756928 0.4469229 0.307272 0.2380802 0.2928469 0.2474222 0.2933173 0.2389252 0.5139513 0.1155224 0.527463 0.120685 0.5146297 0.1240053 0.6700136 0.06081998 0.6839256 0.08082735 0.6707133 0.0834096 0.09716242 0.4243261 0.08466023 0.4445122 0.08424216 0.4212923 0.2933173 0.2389252 0.2788285 0.2463899 0.2792071 0.2395517 0.501383 0.1173809 0.5146297 0.1240053 0.5021912 0.1274864 0.6700136 0.06081998 0.6578626 0.08633226 0.6571849 0.06445467 0.08424216 0.4212923 0.07139694 0.442456 0.07096934 0.4187047 0.2649971 0.2399573 0.2788285 0.2463899 0.2647119 0.2451097 0.4892618 0.1194264 0.5021912 0.1274864 0.4901966 0.1311146 0.6571849 0.06445467 0.6454242 0.08958363 0.6447712 0.06850445 0.05739635 0.4165735 0.07139694 0.442456 0.05783188 0.4407625 0.2649971 0.2399573 0.2505526 0.2435866 0.2507434 0.2401403 0.4892618 0.1194264 0.4786933 0.1348755 0.4776356 0.1216506 0.6328215 0.07295352 0.6454242 0.08958363 0.6334472 0.09315115 0.05739635 0.4165735 0.04401844 0.4394384 0.04357677 0.4149071 0.1446698 0.4599009 0.133948 0.4776173 0.13367 0.4561805 0.3468414 0.2490053 0.3313333 0.2619881 0.3337624 0.2489956 0.5541103 0.1145784 0.5681771 0.1135015 0.5548249 0.1179421 0.7112249 0.07672345 0.7258792 0.1012394 0.7118904 0.102382 0.13367 0.4561805 0.1224127 0.4751411 0.1221227 0.4527686 0.3203681 0.2487276 0.3313333 0.2619881 0.3182213 0.2602106 0.5406406 0.1175386 0.5548249 0.1179421 0.5417089 0.1225674 0.7112249 0.07672345 0.6981007 0.1037899 0.6974472 0.07859569 0.1100732 0.4496787 0.1224127 0.4751411 0.1103743 0.4728986 0.3203681 0.2487276 0.3048555 0.2581305 0.3067116 0.2482025 0.5406406 0.1175386 0.5288809 0.1273592 0.527463 0.120685 0.6839256 0.08082735 0.6981007 0.1037899 0.6845644 0.1054579 0.09756928 0.4469229 0.1103743 0.4728986 0.09788012 0.4708985 0.3067116 0.2482025 0.2912888 0.2557562 0.2928469 0.2474222 0.5146297 0.1240053 0.5288809 0.1273592 0.5163915 0.1322985 0.6707133 0.0834096 0.6845644 0.1054579 0.671335 0.1073791 0.09756928 0.4469229 0.08497965 0.4691489 0.08466023 0.4445122 0.2928469 0.2474222 0.2775746 0.2530969 0.2788285 0.2463899 0.5021912 0.1274864 0.5163915 0.1322985 0.5042901 0.1373659 0.6707133 0.0834096 0.6584647 0.1095462 0.6578626 0.08633226 0.08466023 0.4445122 0.07172369 0.4676566 0.07139694 0.442456 0.2647119 0.2451097 0.2775746 0.2530969 0.2637671 0.2501633 0.4901966 0.1311146 0.5042901 0.1373659 0.4926241 0.1425415 0.6578626 0.08633226 0.6460043 0.1119505 0.6454242 0.08958363 0.05783188 0.4407625 0.07172369 0.4676566 0.05816465 0.4664275 0.2647119 0.2451097 0.2499207 0.2469667 0.2505526 0.2435866 0.4901966 0.1311146 0.4814399 0.1478046 0.4786933 0.1348755 0.6334472 0.09315115 0.6460043 0.1119505 0.6340031 0.1145826 0.05783188 0.4407625 0.04435592 0.4654664 0.04401844 0.4394384 0.2505526 0.2435866 0.2360901 0.24352 0.2364067 0.2418265 0.4677267 0.1387543 0.4814399 0.1478046 0.4707816 0.1531345 0.6219788 0.09702056 0.6340031 0.1145826 0.6225082 0.1174321 0.03001123 0.4384889 0.04435592 0.4654664 0.03035211 0.4647773 0.2223299 0.2398366 0.2364067 0.2418265 0.2360901 0.24352 0.4677267 0.1387543 0.4606911 0.1585103 0.45734 0.1427356 0.6219788 0.09702056 0.6115651 0.1204875 0.6110643 0.1011766 0.03001123 0.4384889 0.01620841 0.4643628 0.0158655 0.4379176 0.4475743 0.1468039 0.4606911 0.1585103 0.4512084 0.1639108 0.3949978 0.2464762 0.3802281 0.2659514 0.3836797 0.2474897 0.001637101 0.4377269 0.01620841 0.4643628 0.001980662 0.4642243 0.4475743 0.1468039 0.4423708 0.1693145 0.438468 0.1509429 0.3718495 0.2482509 0.3802281 0.2659514 0.3686355 0.2654417 0.7677981 0.07295399 0.7542325 0.09976798 0.7535468 0.0733295 0.1550785 0.4639151 0.1650904 0.486346 0.155329 0.4832308 0.3718495 0.2482509 0.3565903 0.2646088 0.3595539 0.2487567 0.7393302 0.07408511 0.7542325 0.09976798 0.7400118 0.100367 0.1446698 0.4599009 0.155329 0.4832308 0.1449345 0.4803175 0.3468414 0.2490053 0.3565903 0.2646088 0.3441397 0.2634561 0.5678191 0.1118163 0.5817128 0.1092631 0.5681771 0.1135015 0.7393302 0.07408511 0.7258792 0.1012394 0.7252043 0.07521784 0.2637671 0.2501633 0.2488575 0.2502275 0.2499207 0.2469667 0.4926241 0.1425415 0.4858322 0.1602341 0.4814399 0.1478046 0.6340031 0.1145826 0.6465025 0.1352523 0.6344804 0.1369099 0.05816465 0.4664275 0.04458391 0.4925808 0.04435592 0.4654664 0.2499207 0.2469667 0.2355574 0.2451536 0.2360901 0.24352 0.4707816 0.1531345 0.4858322 0.1602341 0.4756669 0.1669592 0.6225082 0.1174321 0.6344804 0.1369099 0.6229627 0.1386967 0.03035211 0.4647773 0.04458391 0.4925808 0.03058236 0.492163 0.2223299 0.2398366 0.2360901 0.24352 0.2355574 0.2451536 0.4707816 0.1531345 0.4660502 0.1736755 0.4606911 0.1585103 0.6225082 0.1174321 0.6119952 0.1406056 0.6115651 0.1204875 0.03035211 0.4647773 0.01644003 0.4919116 0.01620841 0.4643628 0.4512084 0.1639108 0.4660502 0.1736755 0.45702 0.1803566 0.3913223 0.266136 0.3744214 0.2837607 0.3802281 0.2659514 0.001980662 0.4642243 0.01644003 0.4919116 0.002212762 0.4918277 0.4512084 0.1639108 0.448612 0.1869761 0.4423708 0.1693145 0.3686355 0.2654417 0.3744214 0.2837607 0.3632286 0.282025 0.7684852 0.09944474 0.7548214 0.1273115 0.7542325 0.09976798 0.155329 0.4832308 0.1652492 0.5052418 0.1554982 0.5033528 0.3686355 0.2654417 0.3516044 0.2799007 0.3565903 0.2646088 0.7400118 0.100367 0.7548214 0.1273115 0.7405971 0.1277474 0.1449345 0.4803175 0.1554982 0.5033528 0.1451134 0.5015863 0.3441397 0.2634561 0.3516044 0.2799007 0.3395946 0.2773963 0.5681771 0.1135015 0.5817128 0.1092631 0.5687496 0.1151215 0.7400118 0.100367 0.7264587 0.1283486 0.7258792 0.1012394 0.1449345 0.4803175 0.1341357 0.4999489 0.133948 0.4776173 0.3441397 0.2634561 0.3272469 0.2745215 0.3313333 0.2619881 0.5548249 0.1179421 0.5687496 0.1151215 0.5559676 0.1211758 0.7118904 0.102382 0.7264587 0.1283486 0.7124618 0.1291129 0.133948 0.4776173 0.1226087 0.4984474 0.1224127 0.4751411 0.3182213 0.2602106 0.3272469 0.2745215 0.3146096 0.2712877 0.5417089 0.1225674 0.5559676 0.1211758 0.5434173 0.127402 0.7118904 0.102382 0.6986618 0.1300371 0.6981007 0.1037899 0.1103743 0.4728986 0.1226087 0.4984474 0.1105777 0.4970875 0.3182213 0.2602106 0.3017329 0.2677077 0.3048555 0.2581305 0.5417089 0.1225674 0.5311483 0.1337755 0.5288809 0.1273592 0.6845644 0.1054579 0.6986618 0.1300371 0.685113 0.1311178 0.09788012 0.4708985 0.1105777 0.4970875 0.09809017 0.4958748 0.3048555 0.2581305 0.2886676 0.2637956 0.2912888 0.2557562 0.5163915 0.1322985 0.5311483 0.1337755 0.5192089 0.1402714 0.671335 0.1073791 0.685113 0.1311178 0.6718688 0.1323506 0.09788012 0.4708985 0.08519548 0.4948138 0.08497965 0.4691489 0.2912888 0.2557562 0.2754651 0.2595669 0.2775746 0.2530969 0.5042901 0.1373659 0.5192089 0.1402714 0.5076463 0.1468638 0.671335 0.1073791 0.6589818 0.1337305 0.6584647 0.1095462 0.08497965 0.4691489 0.07194447 0.4939089 0.07172369 0.4676566 0.2637671 0.2501633 0.2754651 0.2595669 0.2621776 0.2550382 0.4926241 0.1425415 0.5076463 0.1468638 0.4965061 0.1535268 0.6584647 0.1095462 0.6465025 0.1352523 0.6460043 0.1119505 0.05816465 0.4664275 0.07194447 0.4939089 0.05838948 0.4931637 0.1451134 0.5015863 0.1555835 0.5239637 0.1452035 0.5233718 0.3395946 0.2773963 0.344675 0.2943913 0.3332777 0.290606 0.5687496 0.1151215 0.5817128 0.1092631 0.5695275 0.1166509 0.7405971 0.1277474 0.7269337 0.1561179 0.7264587 0.1283486 0.1451134 0.5015863 0.1342304 0.522823 0.1341357 0.4999489 0.3395946 0.2773963 0.3215674 0.2863981 0.3272469 0.2745215 0.5559676 0.1211758 0.5695275 0.1166509 0.5575204 0.1242284 0.7124618 0.1291129 0.7269337 0.1561179 0.7129302 0.1564948 0.1341357 0.4999489 0.1227074 0.5223199 0.1226087 0.4984474 0.3146096 0.2712877 0.3215674 0.2863981 0.3095901 0.2817844 0.5434173 0.127402 0.5575204 0.1242284 0.5457389 0.1319659 0.7124618 0.1291129 0.6991217 0.1569236 0.6986618 0.1300371 0.1105777 0.4970875 0.1227074 0.5223199 0.1106802 0.5218642 0.3146096 0.2712877 0.297393 0.276783 0.3017329 0.2677077 0.5434173 0.127402 0.5342295 0.1398328 0.5311483 0.1337755 0.685113 0.1311178 0.6991217 0.1569236 0.6855625 0.1574027 0.09809017 0.4958748 0.1106802 0.5218642 0.09819602 0.5214579 0.3017329 0.2677077 0.2850245 0.2714138 0.2886676 0.2637956 0.5192089 0.1402714 0.5342295 0.1398328 0.5230375 0.147798 0.6718688 0.1323506 0.6855625 0.1574027 0.6723064 0.1579301 0.09809017 0.4958748 0.0853042 0.5211023 0.08519548 0.4948138 0.2886676 0.2637956 0.2725332 0.2656978 0.2754651 0.2595669 0.5076463 0.1468638 0.5230375 0.147798 0.5122072 0.15583 0.6718688 0.1323506 0.6594055 0.1585038 0.6589818 0.1337305 0.08519548 0.4948138 0.07205569 0.5207991 0.07194447 0.4939089 0.2621776 0.2550382 0.2725332 0.2656978 0.2599685 0.2596577 0.4965061 0.1535268 0.5122072 0.15583 0.5017814 0.1638973 0.6589818 0.1337305 0.6469107 0.1591215 0.6465025 0.1352523 0.05838948 0.4931637 0.07205569 0.5207991 0.05850273 0.5205494 0.2621776 0.2550382 0.24738 0.2533172 0.2488575 0.2502275 0.4965061 0.1535268 0.4918009 0.171968 0.4858322 0.1602341 0.6344804 0.1369099 0.6469107 0.1591215 0.6348716 0.1597809 0.05838948 0.4931637 0.04469883 0.520354 0.04458391 0.4925808 0.2488575 0.2502275 0.2348172 0.2467015 0.2355574 0.2451536 0.4756669 0.1669592 0.4918009 0.171968 0.4823056 0.1800101 0.6229627 0.1386967 0.6348716 0.1597809 0.6233353 0.1604791 0.03058236 0.492163 0.04469883 0.520354 0.03069841 0.520214 0.2223299 0.2398366 0.2355574 0.2451536 0.2348172 0.2467015 0.4756669 0.1669592 0.4733325 0.187992 0.4660502 0.1736755 0.6229627 0.1386967 0.6123477 0.1612136 0.6119952 0.1406056 0.03058236 0.492163 0.01655679 0.5201298 0.01644003 0.4919116 0.45702 0.1803566 0.4733325 0.187992 0.4649174 0.1958822 0.6119952 0.1406056 0.6019518 0.1619814 0.6016209 0.1426292 0.002212762 0.4918277 0.01655679 0.5201298 0.002329707 0.5201017 0.45702 0.1803566 0.4570933 0.2036494 0.448612 0.1869761 0.3632286 0.282025 0.3663513 0.3006368 0.355714 0.2977394 0.7690752 0.1270428 0.7553039 0.1555258 0.7548214 0.1273115 0.1554982 0.5033528 0.1653293 0.5245966 0.1555835 0.5239637 0.3632286 0.282025 0.344675 0.2943913 0.3516044 0.2799007 0.7405971 0.1277474 0.7553039 0.1555258 0.7410769 0.1557945 0.2599685 0.2596577 0.2688254 0.271393 0.2571747 0.2639489 0.5017814 0.1638973 0.5179008 0.1641234 0.5083666 0.1734896 0.6594055 0.1585038 0.6472227 0.1831818 0.6469107 0.1591215 0.05850273 0.5205494 0.07205569 0.547903 0.05850273 0.5481527 0.2599685 0.2596577 0.2455112 0.2561875 0.24738 0.2533172 0.5017814 0.1638973 0.4992519 0.1828212 0.4918009 0.171968 0.6348716 0.1597809 0.6472227 0.1831818 0.6351705 0.1828348 0.05850273 0.5205494 0.04469883 0.548348 0.04469883 0.520354 0.24738 0.2533172 0.233881 0.2481395 0.2348172 0.2467015 0.4823056 0.1800101 0.4992519 0.1828212 0.4905929 0.1920815 0.6233353 0.1604791 0.6351705 0.1828348 0.62362 0.1824359 0.03069841 0.520214 0.04469883 0.548348 0.03069841 0.548488 0.2223299 0.2398366 0.2348172 0.2467015 0.233881 0.2481395 0.4823056 0.1800101 0.4824234 0.201234 0.4733325 0.187992 0.6233353 0.1604791 0.612617 0.1819865 0.6123477 0.1612136 0.03069841 0.520214 0.01655679 0.5485723 0.01655679 0.5201298 0.4649174 0.1958822 0.4824234 0.201234 0.474776 0.2102425 0.6123477 0.1612136 0.6022048 0.1814885 0.6019518 0.1619814 0.002329707 0.5201017 0.01655679 0.5485723 0.002329707 0.5486004 0.4649174 0.1958822 0.4676808 0.2190713 0.4570933 0.2036494 0.355714 0.2977394 0.3561449 0.3163135 0.3462101 0.3123369 0.7695587 0.1553128 0.7556727 0.1839659 0.7553039 0.1555258 0.4570933 0.2036494 0.4611656 0.2276858 0.4498911 0.2112632 0.355714 0.2977394 0.3359112 0.3078521 0.344675 0.2943913 0.7410769 0.1557945 0.7556727 0.1839659 0.7414435 0.1840661 0.1452035 0.5233718 0.1555835 0.5447384 0.1452035 0.5453304 0.3332777 0.290606 0.3359112 0.3078521 0.3252886 0.3028768 0.5695275 0.1166509 0.5817128 0.1092631 0.5704987 0.1180654 0.7410769 0.1557945 0.7272967 0.1841095 0.7269337 0.1561179 0.1452035 0.5233718 0.1342304 0.545879 0.1342304 0.522823 0.3332777 0.290606 0.3143846 0.2974307 0.3215674 0.2863981 0.5575204 0.1242284 0.5704987 0.1180654 0.5594589 0.127052 0.7129302 0.1564948 0.7272967 0.1841095 0.7132881 0.1840959 0.1342304 0.522823 0.1227074 0.5463821 0.1227074 0.5223199 0.3095901 0.2817844 0.3143846 0.2974307 0.3032418 0.2915351 0.5457389 0.1319659 0.5594589 0.127052 0.548637 0.1361874 0.7129302 0.1564948 0.699473 0.1840252 0.6991217 0.1569236 0.1106802 0.5218642 0.1227074 0.5463821 0.1106802 0.5468378 0.3095901 0.2817844 0.2919044 0.2852134 0.297393 0.276783 0.5457389 0.1319659 0.5380758 0.1454355 0.5342295 0.1398328 0.6855625 0.1574027 0.699473 0.1840252 0.6859061 0.1838979 0.09819602 0.5214579 0.1106802 0.5468378 0.09819602 0.5472442 0.297393 0.276783 0.2804172 0.2784906 0.2850245 0.2714138 0.5230375 0.147798 0.5380758 0.1454355 0.5278168 0.1547597 0.6723064 0.1579301 0.6859061 0.1838979 0.6726407 0.1837143 0.09819602 0.5214579 0.0853042 0.5475997 0.0853042 0.5211023 0.2850245 0.2714138 0.2688254 0.271393 0.2725332 0.2656978 0.5122072 0.15583 0.5278168 0.1547597 0.5179008 0.1641234 0.6723064 0.1579301 0.6597293 0.1834753 0.6594055 0.1585038 0.0853042 0.5211023 0.07205569 0.547903 0.07205569 0.5207991 0.4676808 0.2190713 0.4745051 0.2425169 0.4611656 0.2276858 0.3462101 0.3123369 0.3254514 0.3200708 0.3359112 0.3078521 0.7414435 0.1840661 0.7559218 0.2121832 0.7416911 0.2121163 0.1452035 0.5453304 0.1554982 0.5653492 0.1451134 0.5671159 0.3252886 0.3028768 0.3254514 0.3200708 0.3157534 0.3140153 0.5704987 0.1180654 0.5817128 0.1092631 0.5716477 0.1193429 0.7414435 0.1840661 0.7275418 0.2118818 0.7272967 0.1841095 0.1452035 0.5453304 0.1341357 0.5687531 0.1342304 0.545879 0.3252886 0.3028768 0.3058116 0.3074452 0.3143846 0.2974307 0.5594589 0.127052 0.5716477 0.1193429 0.5617524 0.129602 0.7132881 0.1840959 0.7275418 0.2118818 0.7135298 0.2114807 0.1342304 0.545879 0.1226087 0.5702546 0.1227074 0.5463821 0.3032418 0.2915351 0.3058116 0.3074452 0.2956649 0.300386 0.548637 0.1361874 0.5617524 0.129602 0.552066 0.1399997 0.7132881 0.1840959 0.6997104 0.2109145 0.699473 0.1840252 0.1106802 0.5468378 0.1226087 0.5702546 0.1105777 0.5716145 0.3032418 0.2915351 0.2853535 0.2928658 0.2919044 0.2852134 0.548637 0.1361874 0.5426266 0.1504951 0.5380758 0.1454355 0.6859061 0.1838979 0.6997104 0.2109145 0.6861382 0.2101855 0.09819602 0.5472442 0.1105777 0.5716145 0.09809017 0.5728273 0.2919044 0.2852134 0.2749181 0.2849143 0.2804172 0.2784906 0.5278168 0.1547597 0.5426266 0.1504951 0.5334717 0.1610468 0.6726407 0.1837143 0.6861382 0.2101855 0.6728665 0.2092966 0.09819602 0.5472442 0.08519548 0.5738882 0.0853042 0.5475997 0.2804172 0.2784906 0.2643998 0.2765626 0.2688254 0.271393 0.5179008 0.1641234 0.5334717 0.1610468 0.5246372 0.171613 0.6726407 0.1837143 0.659948 0.2082512 0.6597293 0.1834753 0.0853042 0.5475997 0.07194447 0.5747931 0.07205569 0.547903 0.2571747 0.2639489 0.2643998 0.2765626 0.2538402 0.2678441 0.5083666 0.1734896 0.5246372 0.171613 0.5161581 0.1821522 0.6597293 0.1834753 0.6474335 0.2070536 0.6472227 0.1831818 0.05850273 0.5481527 0.07194447 0.5747931 0.05838942 0.5755384 0.2571747 0.2639489 0.2432809 0.2587929 0.2455112 0.2561875 0.5083666 0.1734896 0.5080677 0.1926227 0.4992519 0.1828212 0.6351705 0.1828348 0.6474335 0.2070536 0.6353724 0.2057083 0.05850273 0.5481527 0.04458391 0.5761212 0.04469883 0.548348 0.2455112 0.2561875 0.2327637 0.2494447 0.233881 0.2481395 0.4905929 0.1920815 0.5080677 0.1926227 0.5003982 0.2029831 0.62362 0.1824359 0.6353724 0.2057083 0.6238123 0.2042207 0.03069841 0.548488 0.04458391 0.5761212 0.03058236 0.576539 0.2223299 0.2398366 0.233881 0.2481395 0.2327637 0.2494447 0.4905929 0.1920815 0.4931795 0.2131927 0.4824234 0.201234 0.62362 0.1824359 0.6127989 0.2025967 0.612617 0.1819865 0.03069841 0.548488 0.01644003 0.5767904 0.01655679 0.5485723 0.474776 0.2102425 0.4931795 0.2131927 0.4864404 0.2232111 0.6022048 0.1814885 0.6127989 0.2025967 0.6023757 0.2008427 0.002329707 0.5486004 0.01644003 0.5767904 0.002212762 0.5768744 0.4676808 0.2190713 0.4864404 0.2232111 0.4802075 0.2329986 0.3561449 0.3163135 0.334867 0.3255874 0.3462101 0.3123369 0.7699282 0.1838092 0.7559218 0.2121832 0.7556727 0.1839659 0.2749181 0.2849143 0.2593265 0.2811253 0.2643998 0.2765626 0.5246372 0.171613 0.5399127 0.16656 0.5323102 0.1781808 0.6728665 0.2092966 0.6600582 0.2324408 0.659948 0.2082512 0.08519548 0.5738882 0.07172369 0.6010454 0.07194447 0.5747931 0.2538402 0.2678441 0.2593265 0.2811253 0.2500176 0.2712818 0.5161581 0.1821522 0.5323102 0.1781808 0.5250328 0.1897486 0.6474335 0.2070536 0.6600582 0.2324408 0.6475397 0.2303604 0.05838942 0.5755384 0.07172369 0.6010454 0.05816465 0.6022745 0.2538402 0.2678441 0.2407241 0.2610923 0.2432809 0.2587929 0.5161581 0.1821522 0.5181092 0.2012177 0.5080677 0.1926227 0.6353724 0.2057083 0.6475397 0.2303604 0.6354742 0.2280404 0.05838942 0.5755384 0.04435592 0.6032356 0.04458391 0.5761212 0.2432809 0.2587929 0.2314827 0.2505967 0.2327637 0.2494447 0.5003982 0.2029831 0.5181092 0.2012177 0.5115667 0.2125428 0.6238123 0.2042207 0.6354742 0.2280404 0.6239092 0.22549 0.03058236 0.576539 0.04435592 0.6032356 0.03035211 0.6039248 0.2223299 0.2398366 0.2327637 0.2494447 0.2314827 0.2505967 0.5003982 0.2029831 0.5054311 0.2236794 0.4931795 0.2131927 0.6238123 0.2042207 0.6128907 0.2227192 0.6127989 0.2025967 0.03058236 0.576539 0.01620841 0.6043393 0.01644003 0.5767904 0.4864404 0.2232111 0.5054311 0.2236794 0.4997266 0.2345834 0.6023757 0.2008427 0.6128907 0.2227192 0.6024618 0.219739 0.002212762 0.5768744 0.01620841 0.6043393 0.001980662 0.6044777 0.4864404 0.2232111 0.4944759 0.2452117 0.4802075 0.2329986 0.6023757 0.2008427 0.5926638 0.2165612 0.5925837 0.1989657 0.7701778 0.2120823 0.7560474 0.2397328 0.7559218 0.2121832 0.4802075 0.2329986 0.4896995 0.2555226 0.4745051 0.2425169 0.334867 0.3255874 0.3134604 0.3308545 0.3254514 0.3200708 0.7416911 0.2121163 0.7560474 0.2397328 0.7418159 0.2395027 0.1451134 0.5671159 0.155329 0.5854712 0.1449345 0.5883846 0.3157534 0.3140153 0.3134604 0.3308545 0.3048225 0.3238459 0.5716477 0.1193429 0.5817128 0.1092631 0.5729565 0.1204632 0.7416911 0.2121163 0.7276654 0.2389969 0.7275418 0.2118818 0.1451134 0.5671159 0.1339479 0.5910847 0.1341357 0.5687531 0.3157534 0.3140153 0.2959837 0.3162837 0.3058116 0.3074452 0.5617524 0.129602 0.5729565 0.1204632 0.5643648 0.1318381 0.7135298 0.2114807 0.7276654 0.2389969 0.7136517 0.2382175 0.1341357 0.5687531 0.1224127 0.5935609 0.1226087 0.5702546 0.2956649 0.300386 0.2959837 0.3162837 0.2869789 0.3081976 0.552066 0.1399997 0.5643648 0.1318381 0.5559716 0.1433428 0.7135298 0.2114807 0.6998301 0.2371675 0.6997104 0.2109145 0.1226087 0.5702546 0.1103743 0.5958034 0.1105777 0.5716145 0.2956649 0.300386 0.2778437 0.2996196 0.2853535 0.2928658 0.552066 0.1399997 0.5478102 0.154932 0.5426266 0.1504951 0.6861382 0.2101855 0.6998301 0.2371675 0.6862551 0.2358511 0.09809017 0.5728273 0.1103743 0.5958034 0.09788012 0.5978035 0.2853535 0.2928658 0.2686141 0.2905836 0.2749181 0.2849143 0.5334717 0.1610468 0.5478102 0.154932 0.5399127 0.16656 0.6728665 0.2092966 0.6862551 0.2358511 0.6729804 0.2342735 0.09809017 0.5728273 0.08497965 0.5995531 0.08519548 0.5738882 0.4944759 0.2452117 0.5144251 0.2441802 0.510261 0.255518 0.6024618 0.219739 0.5926638 0.2334527 0.5926638 0.2165612 0.7703036 0.2396863 0.7560474 0.2661801 0.7560474 0.2397328 0.4944759 0.2452117 0.5065089 0.2664976 0.4896995 0.2555226 0.3218634 0.3372818 0.3001275 0.3400334 0.3134604 0.3308545 0.7418159 0.2395027 0.7560474 0.2661801 0.7418159 0.2657933 0.4854164 0.2654751 0.5065089 0.2664976 0.5031838 0.2770757 0.3048225 0.3238459 0.3001275 0.3400334 0.2926681 0.3322134 0.5729565 0.1204632 0.5817128 0.1092631 0.5744044 0.1214085 0.7418159 0.2395027 0.7276654 0.2650272 0.7276654 0.2389969 0.1449345 0.5883846 0.13367 0.6125215 0.1339479 0.5910847 0.3048225 0.3238459 0.2850559 0.3238067 0.2959837 0.3162837 0.5643648 0.1318381 0.5744044 0.1214085 0.5672549 0.1337251 0.7136517 0.2382175 0.7276654 0.2650272 0.7136517 0.2638847 0.1339479 0.5910847 0.1221226 0.6159334 0.1224127 0.5935609 0.2869789 0.3081976 0.2850559 0.3238067 0.2773208 0.3148465 0.5559716 0.1433428 0.5672549 0.1337251 0.5602926 0.146164 0.7136517 0.2382175 0.6998301 0.2623702 0.6998301 0.2371675 0.1224127 0.5935609 0.1100732 0.6190233 0.1103743 0.5958034 0.2869789 0.3081976 0.2694934 0.3053682 0.2778437 0.2996196 0.5559716 0.1433428 0.5535448 0.1586762 0.5478102 0.154932 0.6862551 0.2358511 0.6998301 0.2623702 0.6862551 0.2604899 0.09788012 0.5978035 0.1100732 0.6190233 0.09756928 0.6217792 0.2778437 0.2996196 0.2616046 0.2954092 0.2686141 0.2905836 0.5399127 0.16656 0.5535448 0.1586762 0.5470383 0.1712124 0.6729804 0.2342735 0.6862551 0.2604899 0.6729804 0.2582511 0.09788012 0.5978035 0.08466023 0.6241898 0.08497965 0.5995531 0.2686141 0.2905836 0.2536854 0.2850088 0.2593265 0.2811253 0.5323102 0.1781808 0.5470383 0.1712124 0.5407989 0.1837231 0.6729804 0.2342735 0.6600582 0.2556626 0.6600582 0.2324408 0.08497965 0.5995531 0.07139694 0.626246 0.07172369 0.6010454 0.2500176 0.2712818 0.2536854 0.2850088 0.2457671 0.274208 0.5250328 0.1897486 0.5407989 0.1837231 0.5348509 0.1961589 0.6475397 0.2303604 0.6600582 0.2556626 0.6475397 0.2527348 0.05816465 0.6022745 0.07139694 0.626246 0.05783188 0.6279395 0.2500176 0.2712818 0.2378811 0.2630495 0.2407241 0.2610923 0.5250328 0.1897486 0.529218 0.2084708 0.5181092 0.2012177 0.6354742 0.2280404 0.6475397 0.2527348 0.6354742 0.2494791 0.05816465 0.6022745 0.04401844 0.6292637 0.04435592 0.6032356 0.2407241 0.2610923 0.2300584 0.2515773 0.2314827 0.2505967 0.5115667 0.2125428 0.529218 0.2084708 0.5239225 0.22061 0.6239092 0.22549 0.6354742 0.2494791 0.6239092 0.2459083 0.03035211 0.6039248 0.04401844 0.6292637 0.03001123 0.6302132 0.2223299 0.2398366 0.2314827 0.2505967 0.2300584 0.2515773 0.5115667 0.2125428 0.5189849 0.2325289 0.5054311 0.2236794 0.6239092 0.22549 0.6128907 0.2420366 0.6128907 0.2227192 0.03035211 0.6039248 0.0158655 0.6307844 0.01620841 0.6043393 0.4997266 0.2345834 0.5189849 0.2325289 0.5144251 0.2441802 0.6024618 0.219739 0.6128907 0.2420366 0.6024618 0.2378793 0.001980662 0.6044777 0.0158655 0.6307844 0.001637101 0.6309751 0.2694934 0.3053682 0.254 0.299315 0.2616046 0.2954092 0.5470383 0.1712124 0.55974 0.1616685 0.5547363 0.1749307 0.6729804 0.2582511 0.6861382 0.2837132 0.6728665 0.2808513 0.09756928 0.6217792 0.08424216 0.6474097 0.08466023 0.6241898 0.2616046 0.2954092 0.2475653 0.288152 0.2536854 0.2850088 0.5407989 0.1837231 0.5547363 0.1749307 0.5499693 0.1881526 0.6729804 0.2582511 0.659948 0.2775504 0.6600582 0.2556626 0.08466023 0.6241898 0.07096934 0.6499973 0.07139694 0.626246 0.2457671 0.274208 0.2475653 0.288152 0.2411559 0.2765764 0.5348509 0.1961589 0.5499693 0.1881526 0.5454576 0.2012822 0.6475397 0.2527348 0.659948 0.2775504 0.6474335 0.2738239 0.05783188 0.6279395 0.07096934 0.6499973 0.05739635 0.6521285 0.2457671 0.274208 0.2347968 0.2646336 0.2378811 0.2630495 0.5348509 0.1961589 0.541219 0.2142676 0.529218 0.2084708 0.6354742 0.2494791 0.6474335 0.2738239 0.6353724 0.2696862 0.05783188 0.6279395 0.04357677 0.653795 0.04401844 0.6292637 0.2378811 0.2630495 0.2285132 0.2523709 0.2300584 0.2515773 0.5239225 0.22061 0.541219 0.2142676 0.5372705 0.2270574 0.6239092 0.2459083 0.6353724 0.2696862 0.6238123 0.2651537 0.03001123 0.6302132 0.04357677 0.653795 0.02956515 0.6549898 0.2223299 0.2398366 0.2300584 0.2515773 0.2285132 0.2523709 0.5239225 0.22061 0.5336273 0.2396014 0.5189849 0.2325289 0.6239092 0.2459083 0.6127989 0.2602443 0.6128907 0.2420366 0.03001123 0.6302132 0.01541674 0.6557087 0.0158655 0.6307844 0.5144251 0.2441802 0.5336273 0.2396014 0.5303041 0.2518501 0.6024618 0.2378793 0.6127989 0.2602443 0.6023757 0.2549775 0.001637101 0.6309751 0.01541674 0.6557087 0.001187443 0.6559488 0.510261 0.255518 0.5303041 0.2518501 0.5273138 0.2637549 0.3144703 0.3537924 0.2917181 0.3552925 0.3074044 0.3472359 0.7703036 0.266186 0.7559218 0.2911081 0.7560474 0.2661801 0.510261 0.255518 0.5246683 0.275269 0.5065089 0.2664976 0.3074044 0.3472359 0.2856627 0.3474626 0.3001275 0.3400334 0.7418159 0.2657933 0.7559218 0.2911081 0.7416911 0.2905737 0.5031838 0.2770757 0.5246683 0.275269 0.5223782 0.2863469 0.2926681 0.3322134 0.2856627 0.3474626 0.279482 0.3389858 0.5744044 0.1214085 0.5817128 0.1092631 0.5759685 0.1221641 0.7418159 0.2657933 0.7275418 0.2895622 0.7276654 0.2650272 0.5031838 0.2770757 0.5204521 0.296945 0.5002986 0.2872104 0.2926681 0.3322134 0.2732005 0.3298957 0.2850559 0.3238067 0.5672549 0.1337251 0.5759685 0.1221641 0.5703771 0.1352331 0.7136517 0.2638847 0.7275418 0.2895622 0.7135298 0.2880772 0.13367 0.6125215 0.121743 0.6370193 0.1221226 0.6159334 0.2773208 0.3148465 0.2732005 0.3298957 0.2668429 0.3202281 0.5602926 0.146164 0.5703771 0.1352331 0.5649604 0.1484186 0.7136517 0.2638847 0.6997104 0.2861251 0.6998301 0.2623702 0.1221226 0.6159334 0.1096792 0.6409078 0.1100732 0.6190233 0.2773208 0.3148465 0.2604342 0.3100211 0.2694934 0.3053682 0.5602926 0.146164 0.55974 0.1616685 0.5535448 0.1586762 0.6862551 0.2604899 0.6997104 0.2861251 0.6861382 0.2837132 0.09756928 0.6217792 0.1096792 0.6409078 0.09716242 0.6443759 0.5303041 0.2518501 0.5491273 0.2447856 0.5471131 0.257472 0.6023757 0.2549775 0.612617 0.2770552 0.6022048 0.2707639 0.001187443 0.6559488 0.01486927 0.6787192 6.38893e-4 0.6790047 0.5273138 0.2637549 0.5471131 0.257472 0.5453655 0.2697925 0.2976244 0.3624446 0.275052 0.3613246 0.2917181 0.3552925 0.7701778 0.2911633 0.7556727 0.3141238 0.7559218 0.2911081 0.5273138 0.2637549 0.5438914 0.2816984 0.5246683 0.275269 0.2917181 0.3552925 0.2702944 0.353025 0.2856627 0.3474626 0.7416911 0.2905737 0.7556727 0.3141238 0.7414435 0.313453 0.5223782 0.2863469 0.5438914 0.2816984 0.5426967 0.2931427 0.279482 0.3389858 0.2702944 0.353025 0.2654721 0.3440565 0.5759685 0.1221641 0.5817128 0.1092631 0.5776243 0.1227179 0.7416911 0.2905737 0.7272967 0.3122148 0.7275418 0.2895622 0.5223782 0.2863469 0.541786 0.3040804 0.5204521 0.296945 0.279482 0.3389858 0.2606045 0.3344547 0.2732005 0.3298957 0.5703771 0.1352331 0.5776243 0.1227179 0.5736821 0.1363385 0.7275418 0.2895622 0.7132881 0.3104138 0.7135298 0.2880772 0.5204521 0.296945 0.541163 0.3144682 0.518898 0.3070213 0.2668429 0.3202281 0.2606045 0.3344547 0.2557103 0.3242574 0.5649604 0.1484186 0.5736821 0.1363385 0.5699017 0.1500713 0.7135298 0.2880772 0.699473 0.3080575 0.6997104 0.2861251 0.121743 0.6370193 0.1091985 0.6611119 0.1096792 0.6409078 0.2668429 0.3202281 0.2508092 0.3135047 0.2604342 0.3100211 0.5649604 0.1484186 0.566298 0.163862 0.55974 0.1616685 0.6861382 0.2837132 0.699473 0.3080575 0.6859061 0.3051549 0.09716242 0.6443759 0.1091985 0.6611119 0.09666603 0.6652376 0.2604342 0.3100211 0.2459203 0.3022393 0.254 0.299315 0.5547363 0.1749307 0.566298 0.163862 0.5628852 0.1776562 0.6728665 0.2808513 0.6859061 0.3051549 0.6726407 0.3017176 0.09716242 0.6443759 0.08373212 0.6688466 0.08424216 0.6474097 0.254 0.299315 0.2410631 0.2905055 0.2475653 0.288152 0.5499693 0.1881526 0.5628852 0.1776562 0.5596768 0.1913994 0.6728665 0.2808513 0.6597293 0.297759 0.659948 0.2775504 0.08424216 0.6474097 0.07044762 0.6719248 0.07096934 0.6499973 0.2411559 0.2765764 0.2410631 0.2905055 0.2362565 0.2783496 0.5454576 0.2012822 0.5596768 0.1913994 0.5566855 0.2050375 0.6474335 0.2738239 0.6597293 0.297759 0.6472227 0.293295 0.05739635 0.6521285 0.07044762 0.6719248 0.05686503 0.6744601 0.2411559 0.2765764 0.2315198 0.2658197 0.2347968 0.2646336 0.5454576 0.2012822 0.553923 0.2185166 0.541219 0.2142676 0.6353724 0.2696862 0.6472227 0.293295 0.6351705 0.288343 0.05739635 0.6521285 0.04303789 0.6764425 0.04357677 0.653795 0.2347968 0.2646336 0.2268715 0.2529651 0.2285132 0.2523709 0.5372705 0.2270574 0.553923 0.2185166 0.5514004 0.2317833 0.6238123 0.2651537 0.6351705 0.288343 0.62362 0.2829226 0.02956515 0.6549898 0.04303789 0.6764425 0.0290209 0.677864 0.2223299 0.2398366 0.2285132 0.2523709 0.2268715 0.2529651 0.5372705 0.2270574 0.5491273 0.2447856 0.5336273 0.2396014 0.6238123 0.2651537 0.612617 0.2770552 0.6127989 0.2602443 0.02956515 0.6549898 0.01486927 0.6787192 0.01541674 0.6557087 0.2557103 0.3242574 0.2407699 0.3157643 0.2508092 0.3135047 0.5699017 0.1500713 0.5731154 0.1652218 0.566298 0.163862 0.6859061 0.3051549 0.6991216 0.3278216 0.6855625 0.3244768 0.09666603 0.6652376 0.1086386 0.6793169 0.09608799 0.684035 0.2508092 0.3135047 0.237493 0.3041361 0.2459203 0.3022393 0.5628852 0.1776562 0.5731154 0.1652218 0.5713564 0.1793459 0.6726407 0.3017176 0.6855625 0.3244768 0.6723064 0.3205209 0.09666603 0.6652376 0.08313804 0.6881623 0.08373212 0.6688466 0.2459203 0.3022393 0.234281 0.292032 0.2410631 0.2905055 0.5596768 0.1913994 0.5713564 0.1793459 0.5697683 0.1934123 0.382693 0.4669209 0.4008214 0.4800472 0.3838618 0.4811259 0.08373212 0.6688466 0.06984001 0.6916826 0.07044762 0.6719248 0.2362565 0.2783496 0.234281 0.292032 0.2311465 0.2794998 0.5566855 0.2050375 0.5697683 0.1934123 0.5683575 0.2073656 0.385716 0.4952587 0.4008214 0.4800472 0.4020566 0.4942194 0.05686503 0.6744601 0.06984001 0.6916826 0.05624616 0.6945821 0.2362565 0.2783496 0.2281018 0.266589 0.2315198 0.2658197 0.5566855 0.2050375 0.5671295 0.2211508 0.553923 0.2185166 0.3882482 0.5092635 0.4020566 0.4942194 0.4039054 0.5082677 0.05686503 0.6744601 0.04241031 0.6968492 0.04303789 0.6764425 0.2315198 0.2658197 0.2251591 0.2533505 0.2268715 0.2529651 0.5514004 0.2317833 0.5671295 0.2211508 0.5660892 0.2347132 0.3914483 0.5230852 0.4039054 0.5082677 0.4063604 0.5221368 0.0290209 0.677864 0.04241031 0.6968492 0.02838701 0.6984748 0.2223299 0.2398366 0.2268715 0.2529651 0.2251591 0.2533505 0.5514004 0.2317833 0.5652405 0.2479997 0.5491273 0.2447856 0.3914483 0.5230852 0.4094117 0.5357717 0.3953037 0.536669 0.0290209 0.677864 0.01423162 0.6994528 0.01486927 0.6787192 0.5471131 0.257472 0.5652405 0.2479997 0.564587 0.2609575 0.3997993 0.5499615 0.4094117 0.5357717 0.4130476 0.5491188 6.38893e-4 0.6790047 0.01423162 0.6994528 0 0.6997793 0.5453655 0.2697925 0.564587 0.2609575 0.5641312 0.2735356 0.3997993 0.5499615 0.4172536 0.5621254 0.4049172 0.56291 0.7699282 0.3142244 0.7553039 0.3348639 0.7556727 0.3141238 0.5453655 0.2697925 0.5638749 0.2856844 0.5438914 0.2816984 0.275052 0.3613246 0.2542648 0.3566328 0.2702944 0.353025 0.7414435 0.313453 0.7553039 0.3348639 0.7410769 0.3340703 0.5426967 0.2931427 0.5638749 0.2856844 0.5638191 0.2973559 0.2654721 0.3440565 0.2542648 0.3566328 0.2508595 0.3473454 0.5776243 0.1227179 0.5817128 0.1092631 0.5793457 0.1230612 0.7414435 0.313453 0.7269337 0.3326279 0.7272967 0.3122148 0.5426967 0.2931427 0.563964 0.3085042 0.541786 0.3040804 0.2654721 0.3440565 0.2474664 0.3374118 0.2606045 0.3344547 0.5736821 0.1363385 0.5793457 0.1230612 0.5771179 0.1370239 0.7132881 0.3104138 0.7269337 0.3326279 0.7129302 0.3305422 0.541786 0.3040804 0.564309 0.319085 0.541163 0.3144682 0.2557103 0.3242574 0.2474664 0.3374118 0.2440988 0.3268708 0.5699017 0.1500713 0.5771179 0.1370239 0.5750384 0.1510959 0.7132881 0.3104138 0.6991216 0.3278216 0.699473 0.3080575 0.541163 0.3144682 0.5648527 0.3290566 0.5408302 0.324265 0.5660892 0.2347132 0.5817128 0.2491928 0.5652405 0.2479997 0.5655933 0.3383799 0.5925837 0.3489054 0.5665274 0.347018 0.237493 0.3041361 0.2273261 0.2927074 0.234281 0.292032 0.4002045 0.4658071 0.4197766 0.4802663 0.4008214 0.4800472 0.564587 0.2609575 0.5817128 0.2491928 0.5824504 0.2622515 0.08313804 0.6881623 0.06915605 0.7089594 0.06984001 0.6916826 0.2311465 0.2794998 0.2273261 0.2927074 0.2259061 0.2800087 0.4020566 0.4942194 0.4197766 0.4802663 0.4203201 0.4944306 0.5641312 0.2735356 0.5824504 0.2622515 0.5833151 0.2749252 0.05624616 0.6945821 0.06915605 0.7089594 0.05554968 0.7121771 0.2281018 0.266589 0.2259061 0.2800087 0.2245967 0.2669294 0.4039054 0.5082677 0.4203201 0.4944306 0.4214051 0.50847 0.5641312 0.2735356 0.5843037 0.2871642 0.5638749 0.2856844 0.05624616 0.6945821 0.04170393 0.7146931 0.04241031 0.6968492 0.2281018 0.266589 0.2234031 0.253521 0.2251591 0.2533505 0.4063604 0.5221368 0.4214051 0.50847 0.4230272 0.5223295 0.5638191 0.2973559 0.5843037 0.2871642 0.5854122 0.2989199 0.3516652 0.5951175 0.372431 0.5748873 0.3718453 0.5878124 0.434982 0.4666063 0.4364917 0.4803304 0.4347274 0.4803304 0.4347274 0.3972791 0.4347274 0.3832793 0.4364833 0.3971071 0.4063604 0.5221368 0.4251799 0.535954 0.4094117 0.5357717 0.5638191 0.2973559 0.5866361 0.3101465 0.563964 0.3085042 0.3516652 0.5951175 0.3718453 0.6010186 0.3515449 0.6083672 0.5771179 0.1370239 0.5811053 0.1231887 0.5806303 0.1372783 0.4130476 0.5491188 0.4251799 0.535954 0.427855 0.54929 0.563964 0.3085042 0.5879706 0.3207989 0.564309 0.319085 0.3520905 0.6218168 0.3718453 0.6010186 0.372431 0.6144536 0.5771179 0.1370239 0.5802897 0.1514763 0.5750384 0.1510959 0.4130476 0.5491188 0.4310416 0.5622848 0.4172536 0.5621254 0.4130965 0.3689227 0.4310416 0.3823273 0.4094535 0.3820777 0.5750384 0.1510959 0.5800848 0.1657267 0.5731154 0.1652218 0.4172536 0.5621254 0.4347273 0.5748871 0.4220131 0.5747401 0.4063947 0.3955513 0.4310416 0.3823273 0.427855 0.3957995 0.5713564 0.1793459 0.5800848 0.1657267 0.5800163 0.1799732 0.2508595 0.3473454 0.2378267 0.3582292 0.2358745 0.3488007 0.4063947 0.3955513 0.4251798 0.4095362 0.4039322 0.4092905 0.5697683 0.1934123 0.5800163 0.1799732 0.5800848 0.1941596 0.2508595 0.3473454 0.2339936 0.3387202 0.2474664 0.3374118 0.402076 0.4232411 0.4251798 0.4095362 0.4230272 0.4234833 0.5697683 0.1934123 0.5802897 0.2082298 0.5683575 0.2073656 0.2440988 0.3268708 0.2339936 0.3387202 0.2321914 0.3280271 0.402076 0.4232411 0.421405 0.4375857 0.400833 0.4373478 0.5683575 0.2073656 0.5806303 0.2221288 0.5671295 0.2211508 0.564309 0.319085 0.5894106 0.3308355 0.5648527 0.3290566 0.2407699 0.3157643 0.2321914 0.3280271 0.230475 0.3167641 0.4002083 0.4515552 0.421405 0.4375857 0.4203201 0.4517877 0.5660892 0.2347132 0.5806303 0.2221288 0.5811053 0.2358009 0.5655933 0.3383799 0.5894106 0.3308355 0.5909504 0.3402167 0.2407699 0.3157643 0.228851 0.3049754 0.237493 0.3041361 0.4002045 0.4658071 0.4203201 0.4517877 0.4197766 0.4660333 0.5843037 0.6287952 0.5854122 0.6415249 0.5784008 0.6411668 1.39845e-4 0.2139171 0.01052832 0.2136414 0.01201546 0.2276694 0.9081958 0.2879664 0.8947098 0.2923308 0.8905659 0.2720422 0.8863268 0.6770909 0.8912514 0.6990185 0.8792697 0.6968873 0.5833152 0.6156878 0.5843037 0.6287952 0.5790209 0.6285254 0 0.2279883 0.01201546 0.2276694 0.0135951 0.2415303 0.9214149 0.2831146 0.9081958 0.2879664 0.9042032 0.2684181 0.8742544 0.6745557 0.8792697 0.6968873 0.8668498 0.695221 0.5824504 0.6022543 0.5833152 0.6156878 0.5797817 0.6155073 0 0.2418913 0.0135951 0.2415303 0.01526093 0.2551696 0.934315 0.2777946 0.9214149 0.2831146 0.9175893 0.2643839 0.8617635 0.6725732 0.8668498 0.695221 0.8540407 0.6940259 1.39932e-4 0.255571 0.01526093 0.2551696 0.01700645 0.2685335 0.9468452 0.2720277 0.934315 0.2777946 0.9306715 0.2599555 0.8489034 0.6711518 0.8540407 0.6940259 0.8408929 0.6933071 4.19116e-4 0.2689738 0.01700645 0.2685335 0.01882469 0.281569 0.958956 0.2658362 0.9468452 0.2720277 0.9433981 0.2551503 0.8222803 0.6700111 0.835725 0.6702966 0.8408929 0.6933071 8.36571e-4 0.2820466 0.01882469 0.281569 0.0207085 0.2942249 0.9705995 0.2592449 0.958956 0.2658362 0.9557189 0.2499874 0.783725 0.3080684 0.7789962 0.284916 0.7926666 0.2849419 0.001390576 0.2947377 0.0207085 0.2942249 0.02265053 0.3064512 0.9817301 0.2522796 0.9705995 0.2592449 0.9675853 0.244487 0.8112176 0.3074622 0.7973861 0.3080486 0.7926666 0.2849419 0.00207895 0.3069972 0.02265053 0.3064512 0.024643 0.3181995 0.9923035 0.2449678 0.9817301 0.2522796 0.9789505 0.238671 0.825165 0.3063117 0.8112176 0.3074622 0.8065261 0.2844924 0.00289911 0.3187766 0.024643 0.3181995 0.02667808 0.3294236 0.5909504 0.6876873 0.5925837 0.6978108 0.577477 0.6970392 0.002898752 0.1429926 0.004670739 0.1429455 0.005615651 0.1569724 0.8391732 0.3046013 0.825165 0.3063117 0.8205199 0.2835693 0.003847599 0.3300297 0.02667808 0.3294236 0.02874779 0.3400791 0.5894106 0.6769533 0.5909504 0.6876873 0.5773681 0.6869934 0.002078711 0.1570663 0.005615651 0.1569724 0.006678283 0.1711113 0.853187 0.3023381 0.8391732 0.3046013 0.834593 0.2821763 0.00492078 0.3407117 0.02874779 0.3400791 0.03084385 0.3501241 0.5879707 0.6656516 0.5894106 0.6769533 0.5774065 0.6763401 0.001390397 0.1712517 0.006678283 0.1711113 0.007854402 0.1853064 0.867151 0.2995309 0.853187 0.3023381 0.8486897 0.2803189 0.006114423 0.3507806 0.03084385 0.3501241 0.03295814 0.3595188 0.5866361 0.6538266 0.5879707 0.6656516 0.577592 0.6651214 8.36408e-4 0.1854928 0.007854402 0.1853064 0.009139478 0.1995018 0.8810102 0.2961907 0.867151 0.2995309 0.8627544 0.2780043 0.007423877 0.3601967 0.03295814 0.3595188 0.03508222 0.3682262 0.5854122 0.6415249 0.5866361 0.6538266 0.5779239 0.6533815 4.19012e-4 0.1997334 0.009139478 0.1995018 0.01052832 0.2136414 0.8947098 0.2923308 0.8810102 0.2961907 0.8767315 0.2752418 0.8979331 0.6801691 0.9027476 0.7016062 0.8912514 0.6990185 0.8540407 0.6940259 0.8582512 0.7188026 0.8451285 0.7182314 0.01882469 0.281569 0.01700645 0.2685335 0.03348135 0.2660635 0.9557189 0.2499874 0.9433981 0.2551503 0.9406589 0.2368887 0.8274583 0.6930671 0.8408929 0.6933071 0.8451285 0.7182314 0.01882469 0.281569 0.03669095 0.2788906 0.03989559 0.2913484 0.9675853 0.244487 0.9557189 0.2499874 0.9531466 0.2328385 0.7789962 0.284916 0.7752386 0.2598646 0.7889164 0.2599399 0.0207085 0.2942249 0.03989559 0.2913484 0.04308265 0.3033879 0.9675853 0.244487 0.9651901 0.2285187 0.9767419 0.2239461 0.8065261 0.2844924 0.7926666 0.2849419 0.7889164 0.2599399 0.02265053 0.3064512 0.04308265 0.3033879 0.04623955 0.3149617 0.9789505 0.238671 0.9767419 0.2239461 0.9877562 0.2191389 0.8205199 0.2835693 0.8065261 0.2844924 0.8027981 0.2596386 0.02667808 0.3294236 0.024643 0.3181995 0.04623955 0.3149617 0.9897696 0.2325621 0.9877562 0.2191389 0.9981898 0.2141161 0.004670739 0.1429455 0.006430685 0.1426817 0.00912857 0.1564458 0.8205199 0.2835693 0.8168289 0.2589617 0.8309534 0.257912 0.02874779 0.3400791 0.02667808 0.3294236 0.04935389 0.3260241 0.5773681 0.6869934 0.5639188 0.6846388 0.5655199 0.6742591 0.005615651 0.1569724 0.00912857 0.1564458 0.01193034 0.1703239 0.8486897 0.2803189 0.834593 0.2821763 0.8309534 0.257912 0.03084385 0.3501241 0.02874779 0.3400791 0.05241328 0.3365312 0.577592 0.6651214 0.5774065 0.6763401 0.5655199 0.6742591 0.007854402 0.1853064 0.006678283 0.1711113 0.01193034 0.1703239 0.8486897 0.2803189 0.845116 0.2564936 0.8592606 0.2547121 0.03084385 0.3501241 0.05540573 0.3464418 0.05831938 0.3557167 0.577592 0.6651214 0.5673149 0.6633222 0.5692969 0.6518712 0.009139478 0.1995018 0.007854402 0.1853064 0.01482492 0.1842615 0.8627544 0.2780043 0.8592606 0.2547121 0.8733315 0.2525746 0.9137129 0.7046399 0.917553 0.7272367 0.9066936 0.724826 0.5779239 0.6533815 0.5692969 0.6518712 0.571458 0.6399513 0.01052832 0.2136414 0.009139478 0.1995018 0.01780086 0.1982033 0.8767315 0.2752418 0.8733315 0.2525746 0.8872731 0.2500895 0.8912514 0.6990185 0.9027476 0.7016062 0.9066936 0.724826 0.5784008 0.6411668 0.571458 0.6399513 0.5737897 0.6276096 0.01052832 0.2136414 0.02084642 0.2120945 0.02394956 0.2258802 0.8905659 0.2720422 0.8872731 0.2500895 0.9010305 0.2472665 0.8912514 0.6990185 0.8952877 0.7227698 0.8833804 0.7210763 0.5790209 0.6285254 0.5737897 0.6276096 0.5762826 0.6148947 0.0135951 0.2415303 0.01201546 0.2276694 0.02394956 0.2258802 0.9042032 0.2684181 0.9010305 0.2472665 0.9145492 0.2441169 0.8668498 0.695221 0.8792697 0.6968873 0.8833804 0.7210763 0.5806801 0.6021638 0.5797817 0.6155073 0.5762826 0.6148947 0.01526093 0.2551696 0.0135951 0.2415303 0.02709805 0.239506 0.9175893 0.2643839 0.9145492 0.2441169 0.9277761 0.240653 0.8668498 0.695221 0.8710187 0.7197522 0.8582512 0.7188026 0.01700645 0.2685335 0.01526093 0.2551696 0.03027951 0.2529181 0.9306715 0.2599555 0.9277761 0.240653 0.9406589 0.2368887 0.8309534 0.257912 0.8283119 0.2321908 0.8425223 0.2312378 0.05540573 0.3464418 0.05241328 0.3365312 0.07554417 0.3301237 0.5673149 0.6633222 0.5655199 0.6742591 0.553938 0.6707431 0.01482492 0.1842615 0.01193034 0.1703239 0.01706379 0.1689019 0.845116 0.2564936 0.8425223 0.2312378 0.8567249 0.2300215 0.05540573 0.3464418 0.07941269 0.3397916 0.0831077 0.34885 0.5673149 0.6633222 0.5573014 0.6602823 0.5608912 0.6493194 0.01780086 0.1982033 0.01482492 0.1842615 0.02163791 0.1823742 0.8592606 0.2547121 0.8567249 0.2300215 0.8708639 0.2285465 0.917553 0.7272367 0.9204874 0.7512122 0.9097088 0.7494626 0.5692969 0.6518712 0.5608912 0.6493194 0.5646933 0.6378977 0.02084642 0.2120945 0.01780086 0.1982033 0.02626657 0.1958582 0.8872731 0.2500895 0.8733315 0.2525746 0.8708639 0.2285465 0.8952877 0.7227698 0.9066936 0.724826 0.9097088 0.7494626 0.571458 0.6399513 0.5646933 0.6378977 0.5686926 0.6260622 0.02084642 0.2120945 0.03093141 0.2093008 0.03561407 0.222649 0.8872731 0.2500895 0.8848833 0.2268187 0.8987278 0.224845 0.8833804 0.7210763 0.8952877 0.7227698 0.898372 0.7479704 0.5737897 0.6276096 0.5686926 0.6260622 0.5728734 0.6138598 0.02709805 0.239506 0.02394956 0.2258802 0.03561407 0.222649 0.9010305 0.2472665 0.8987278 0.224845 0.9123429 0.2226331 0.8833804 0.7210763 0.8865215 0.7467413 0.8742042 0.7457802 0.5762826 0.6148947 0.5728734 0.6138598 0.5772192 0.6013384 0.03027951 0.2529181 0.02709805 0.239506 0.04029601 0.23585 0.9145492 0.2441169 0.9123429 0.2226331 0.9256748 0.2201917 0.8710187 0.7197522 0.8742042 0.7457802 0.8614687 0.7450911 0.03027951 0.2529181 0.04495882 0.2488518 0.04958409 0.2616029 0.9406589 0.2368887 0.9277761 0.240653 0.9256748 0.2201917 0.8582512 0.7188026 0.8614687 0.7450911 0.8483651 0.7446765 0.03669095 0.2788906 0.03348135 0.2660635 0.04958409 0.2616029 0.9406589 0.2368887 0.9386708 0.2175306 0.9512798 0.2146601 0.8317024 0.7180407 0.8451285 0.7182314 0.8483651 0.7446765 0.03669095 0.2788906 0.05415356 0.2740532 0.05864918 0.2861534 0.9651901 0.2285187 0.9531466 0.2328385 0.9512798 0.2146601 0.7752386 0.2598646 0.7725114 0.2333092 0.7861946 0.2334368 0.04308265 0.3033879 0.03989559 0.2913484 0.05864918 0.2861534 0.9651901 0.2285187 0.9634518 0.2115916 0.9751389 0.2083372 0.8027981 0.2596386 0.7889164 0.2599399 0.7861946 0.2334368 0.04308265 0.3033879 0.06305319 0.2978559 0.06734824 0.3091144 0.9877562 0.2191389 0.9767419 0.2239461 0.9751389 0.2083372 0.8027981 0.2596386 0.8000924 0.2332925 0.81415 0.2328765 0.04935389 0.3260241 0.04623955 0.3149617 0.06734824 0.3091144 0.9877562 0.2191389 0.9862949 0.2049098 0.9968759 0.2013229 0.006430685 0.1426817 0.008150875 0.1422051 0.01256215 0.1554946 0.8309534 0.257912 0.8168289 0.2589617 0.81415 0.2328765 0.05241328 0.3365312 0.04935389 0.3260241 0.0715174 0.3198845 0.5639188 0.6846388 0.5508144 0.6806606 0.553938 0.6707431 0.00912857 0.1564458 0.01256215 0.1554946 0.01706379 0.1689019 0.8614687 0.7450911 0.8742042 0.7457802 0.8763563 0.7728946 0.04495882 0.2488518 0.05906736 0.2430348 0.06506073 0.2552219 0.9386708 0.2175306 0.9256748 0.2201917 0.9244006 0.1988942 0.8614687 0.7450911 0.8636422 0.7724767 0.8505517 0.7722253 0.05415356 0.2740532 0.04958409 0.2616029 0.06506073 0.2552219 0.9386708 0.2175306 0.9374654 0.1973813 0.9501477 0.1957387 0.8349453 0.7445381 0.8483651 0.7446765 0.8505517 0.7722253 0.05415356 0.2740532 0.07093721 0.2671334 0.07667356 0.278722 0.9634518 0.2115916 0.9512798 0.2146601 0.9501477 0.1957387 0.7725114 0.2333092 0.7708577 0.2056684 0.7845442 0.2058507 0.06305319 0.2978559 0.05864918 0.2861534 0.07667356 0.278722 0.9634518 0.2115916 0.9623976 0.1939727 0.9741669 0.1920904 0.7861946 0.2334368 0.7845442 0.2058507 0.7984518 0.2058697 0.06305319 0.2978559 0.08224725 0.2899422 0.08763617 0.3007497 0.9862949 0.2049098 0.9751389 0.2083372 0.9741669 0.1920904 0.8000924 0.2332925 0.7984518 0.2058697 0.8125256 0.2057254 0.0715174 0.3198845 0.06734824 0.3091144 0.08763617 0.3007497 0.9862949 0.2049098 0.9854089 0.1900992 0.9960792 0.1880069 0.01256215 0.1554946 0.008150875 0.1422051 0.009804129 0.1415235 0.8283119 0.2321908 0.81415 0.2328765 0.8125256 0.2057254 0.07554417 0.3301237 0.0715174 0.3198845 0.09281915 0.3111018 0.553938 0.6707431 0.5508144 0.6806606 0.5382615 0.6751215 0.01706379 0.1689019 0.01256215 0.1554946 0.01586222 0.154134 0.8283119 0.2321908 0.8267102 0.2054185 0.8409495 0.20495 0.07941269 0.3397916 0.07554417 0.3301237 0.09777569 0.3209577 0.553938 0.6707431 0.5428437 0.6658476 0.5477094 0.6560497 0.02163791 0.1823742 0.01706379 0.1689019 0.02199763 0.1668677 0.8567249 0.2300215 0.8425223 0.2312378 0.8409495 0.20495 0.0831077 0.34885 0.07941269 0.3397916 0.1024862 0.3302784 0.5573014 0.6602823 0.5477094 0.6560497 0.5528393 0.6457664 0.02626657 0.1958582 0.02163791 0.1823742 0.02818602 0.1796744 0.8708639 0.2285465 0.8567249 0.2300215 0.8551874 0.2043218 0.9204874 0.7512122 0.9224697 0.7761885 0.9117459 0.7751276 0.5608912 0.6493194 0.5528393 0.6457664 0.5582132 0.6350383 0.03093141 0.2093008 0.02626657 0.1958582 0.03440308 0.1925035 0.8708639 0.2285465 0.8693675 0.2035365 0.8834341 0.202597 0.9097088 0.7494626 0.9117459 0.7751276 0.9004556 0.7742227 0.5646933 0.6378977 0.5582132 0.6350383 0.5638101 0.6239078 0.03561407 0.222649 0.03093141 0.2093008 0.04062426 0.2053045 0.8848833 0.2268187 0.8834341 0.202597 0.8973316 0.2015072 0.8865215 0.7467413 0.898372 0.7479704 0.9004556 0.7742227 0.5686926 0.6260622 0.5638101 0.6239078 0.5696076 0.6124187 0.03561407 0.222649 0.04682499 0.2180268 0.05298078 0.2306201 0.8987278 0.224845 0.8973316 0.2015072 0.9110051 0.2002713 0.8865215 0.7467413 0.8886436 0.7734774 0.8763563 0.7728946 0.5728734 0.6138598 0.5696076 0.6124187 0.5755831 0.6006165 0.04495882 0.2488518 0.04029601 0.23585 0.05298078 0.2306201 0.9123429 0.2226331 0.9110051 0.2002713 0.9244006 0.1988942 0.8267102 0.2054185 0.8125256 0.2057254 0.8119813 0.1779365 0.09777569 0.3209577 0.09281915 0.3111018 0.1129232 0.2998145 0.5428437 0.6658476 0.5382615 0.6751215 0.5264583 0.6681088 0.02199763 0.1668677 0.01586222 0.154134 0.01897674 0.1523853 0.8267102 0.2054185 0.8261735 0.1780171 0.8404225 0.1780445 0.09777569 0.3209577 0.1187571 0.3091776 0.1242623 0.3180522 0.5428437 0.6658476 0.5324118 0.6596497 0.5386901 0.650691 0.02818602 0.1796744 0.02199763 0.1668677 0.026654 0.1642534 0.8551874 0.2043218 0.8409495 0.20495 0.8404225 0.1780445 0.9224697 0.7761885 0.9325848 0.7774013 0.9335523 0.8021779 0.5477094 0.6560497 0.5386901 0.650691 0.5452681 0.6412681 0.03440308 0.1925035 0.02818602 0.1796744 0.03436595 0.1762047 0.8551874 0.2043218 0.8546721 0.1780183 0.8688662 0.1779388 0.9117459 0.7751276 0.9224697 0.7761885 0.9234687 0.8017715 0.5528393 0.6457664 0.5452681 0.6412681 0.5521202 0.6314182 0.04062426 0.2053045 0.03440308 0.1925035 0.04208213 0.1881921 0.8693675 0.2035365 0.8688662 0.1779388 0.8829485 0.1778062 0.9117459 0.7751276 0.9127724 0.801416 0.9015057 0.8011128 0.5582132 0.6350383 0.5521202 0.6314182 0.5592191 0.6211801 0.04682499 0.2180268 0.04062426 0.2053045 0.04977214 0.2001684 0.8973316 0.2015072 0.8834341 0.202597 0.8829485 0.1778062 0.8886436 0.7734774 0.9004556 0.7742227 0.9015057 0.8011128 0.5638101 0.6239078 0.5592191 0.6211801 0.5665369 0.6105943 0.04682499 0.2180268 0.05740559 0.2120863 0.06495231 0.2238987 0.8973316 0.2015072 0.8968637 0.1776211 0.9105567 0.1773841 0.8886436 0.7734774 0.889713 0.8008631 0.8774408 0.8006678 0.5696076 0.6124187 0.5665369 0.6105943 0.5740447 0.5997024 0.05906736 0.2430348 0.05298078 0.2306201 0.06495231 0.2238987 0.9244006 0.1988942 0.9110051 0.2002713 0.9105567 0.1773841 0.8636422 0.7724767 0.8763563 0.7728946 0.8774408 0.8006678 0.05906736 0.2430348 0.07238262 0.235559 0.07966715 0.2470211 0.9374654 0.1973813 0.9244006 0.1988942 0.9239736 0.1770963 0.8636422 0.7724767 0.8647376 0.8005278 0.8516536 0.8004435 0.07093721 0.2671334 0.06506073 0.2552219 0.07966715 0.2470211 0.9374654 0.1973813 0.9370614 0.1767588 0.9497684 0.1763728 0.8371362 0.7721415 0.8505517 0.7722253 0.8516536 0.8004435 0.07093721 0.2671334 0.08677715 0.2582401 0.09368449 0.2691712 0.9623976 0.1939727 0.9501477 0.1957387 0.9497684 0.1763728 0.7708577 0.2056684 0.7703036 0.1773784 0.7839911 0.1776164 0.08224725 0.2899422 0.07667356 0.278722 0.09368449 0.2691712 0.9623976 0.1939727 0.9620444 0.1759399 0.9738411 0.175462 0.7984518 0.2058697 0.7845442 0.2058507 0.7839911 0.1776164 0.08224725 0.2899422 0.1003621 0.2797717 0.1067833 0.2899996 0.9854089 0.1900992 0.9741669 0.1920904 0.9738411 0.175462 0.7984518 0.2058697 0.797902 0.1778027 0.8119813 0.1779365 0.08763617 0.3007497 0.1067833 0.2899996 0.1129232 0.2998145 0.9854089 0.1900992 0.9851119 0.1749406 0.9958122 0.174378 0.01586222 0.154134 0.009804129 0.1415235 0.01136451 0.1406474 0.889713 0.8008631 0.889713 0.8284664 0.8774408 0.8286616 0.5665369 0.6105943 0.5637096 0.6084153 0.5726282 0.5986108 0.07238262 0.235559 0.06495231 0.2238987 0.07602185 0.2157918 0.9239736 0.1770963 0.9105567 0.1773841 0.9110051 0.1543326 0.8647376 0.8005278 0.8774408 0.8006678 0.8774408 0.8286616 0.07238262 0.235559 0.08469462 0.2265422 0.09317296 0.23713 0.9370614 0.1767588 0.9239736 0.1770963 0.9244006 0.1551418 0.8647376 0.8005278 0.8647376 0.8288017 0.8516536 0.8288859 0.08677715 0.2582401 0.07966715 0.2470211 0.09317296 0.23713 0.9370614 0.1767588 0.9374653 0.155988 0.9501477 0.1568678 0.8382403 0.8004154 0.8516536 0.8004435 0.8516536 0.8288859 0.08677715 0.2582401 0.1014235 0.2475135 0.1094137 0.2576518 0.9620444 0.1759399 0.9497684 0.1763728 0.9501477 0.1568678 0.7703036 0.1773784 0.7708577 0.1488851 0.7845442 0.1491793 0.1003621 0.2797717 0.09368449 0.2691712 0.1094137 0.2576518 0.9620444 0.1759399 0.9623976 0.1577776 0.9741668 0.158714 0.797902 0.1778027 0.7839911 0.1776164 0.7845442 0.1491793 0.1003621 0.2797717 0.1171119 0.2675047 0.1244878 0.2770335 0.9851119 0.1749406 0.9738411 0.175462 0.9741668 0.158714 0.797902 0.1778027 0.7984518 0.1495341 0.8125256 0.1499479 0.1067833 0.2899996 0.1244878 0.2770335 0.1315124 0.2862005 0.9851119 0.1749406 0.9854089 0.1596732 0.9960792 0.1606513 0.01897674 0.1523853 0.01136451 0.1406474 0.01280725 0.1395908 0.8261735 0.1780171 0.8119813 0.1779365 0.8125256 0.1499479 0.1187571 0.3091776 0.1129232 0.2998145 0.1315124 0.2862005 0.5324118 0.6596497 0.5264583 0.6681088 0.5155907 0.6597332 0.026654 0.1642534 0.01897674 0.1523853 0.0218566 0.1502763 0.8261735 0.1780171 0.8267102 0.1504191 0.8409495 0.1509458 0.1187571 0.3091776 0.1381577 0.2949694 0.1443977 0.3033059 0.5324118 0.6596497 0.522807 0.6522473 0.5303858 0.6442909 0.026654 0.1642534 0.03095954 0.1611002 0.04008024 0.1720198 0.8546721 0.1780183 0.8404225 0.1780445 0.8409495 0.1509458 0.9234687 0.8017715 0.9335523 0.8021779 0.9335523 0.8271515 0.5386901 0.650691 0.5303858 0.6442909 0.5382972 0.6358957 0.04208213 0.1881921 0.03436595 0.1762047 0.04008024 0.1720198 0.8546721 0.1780183 0.8551874 0.1515259 0.8693675 0.1521573 0.9127724 0.801416 0.9234687 0.8017715 0.9234687 0.8275579 0.5452681 0.6412681 0.5382972 0.6358957 0.5465102 0.6270946 0.04977214 0.2001684 0.04208213 0.1881921 0.04918259 0.1829921 0.8688662 0.1779388 0.8693675 0.1521573 0.8834341 0.1528373 0.9127724 0.801416 0.9127724 0.8279135 0.9015057 0.8282167 0.5521202 0.6314182 0.5465102 0.6270946 0.5549921 0.6179224 0.05740559 0.2120863 0.04977214 0.2001684 0.05823069 0.1939737 0.8968637 0.1776211 0.8829485 0.1778062 0.8834341 0.1528373 0.889713 0.8008631 0.9015057 0.8011128 0.9015057 0.8282167 0.5592191 0.6211801 0.5549921 0.6179224 0.5637096 0.6084153 0.05740559 0.2120863 0.06718891 0.2049214 0.07602185 0.2157918 0.8968637 0.1776211 0.8973316 0.1535634 0.9110051 0.1543326 0.7984518 0.1495341 0.8000924 0.1215097 0.81415 0.1222011 0.1244878 0.2770335 0.1404704 0.2620559 0.1482936 0.2704745 0.9854089 0.1596732 0.9862949 0.1445376 0.9968759 0.1470432 0.01280725 0.1395908 0.01410973 0.1383703 0.02445638 0.14784 0.8267102 0.1504191 0.8125256 0.1499479 0.81415 0.1222011 0.1381577 0.2949694 0.1315124 0.2862005 0.1482936 0.2704745 0.522807 0.6522473 0.5155907 0.6597332 0.5058302 0.6501267 0.03095954 0.1611002 0.0218566 0.1502763 0.02445638 0.14784 0.8267102 0.1504191 0.8283119 0.1230593 0.8425223 0.1240811 0.1381577 0.2949694 0.1556714 0.2785571 0.1625747 0.2862719 0.522807 0.6522473 0.5141806 0.6437569 0.5229275 0.6369503 0.04008024 0.1720198 0.03095954 0.1611002 0.03484636 0.1574578 0.8551874 0.1515259 0.8409495 0.1509458 0.8425223 0.1240811 0.9234687 0.8275579 0.9335523 0.8271515 0.9325848 0.8519281 0.5303858 0.6442909 0.5229275 0.6369503 0.5320364 0.6297336 0.04918259 0.1829921 0.04008024 0.1720198 0.04523873 0.1671857 0.8551874 0.1515259 0.8567249 0.1252624 0.8708639 0.1265985 0.9127724 0.8279135 0.9234687 0.8275579 0.9224697 0.853141 0.5382972 0.6358957 0.5320364 0.6297336 0.5414716 0.6221355 0.05823069 0.1939737 0.04918259 0.1829921 0.05559247 0.1769853 0.8693675 0.1521573 0.8708639 0.1265985 0.8848833 0.1280843 0.9127724 0.8279135 0.9117458 0.8542019 0.9004556 0.8551068 0.5465102 0.6270946 0.5414716 0.6221355 0.5511957 0.6141858 0.06718891 0.2049214 0.05823069 0.1939737 0.06586664 0.186818 0.8973316 0.1535634 0.8834341 0.1528373 0.8848833 0.1280843 0.889713 0.8284664 0.9015057 0.8282167 0.9004556 0.8551068 0.5549921 0.6179224 0.5511957 0.6141858 0.5611703 0.605916 0.06718891 0.2049214 0.07602077 0.1966449 0.08601474 0.2064273 0.8973316 0.1535634 0.8987278 0.1297135 0.9123429 0.1314802 0.889713 0.8284664 0.8886436 0.8558521 0.8763563 0.8564348 0.5637096 0.6084153 0.5611703 0.605916 0.5713561 0.5973587 0.08469462 0.2265422 0.07602185 0.2157918 0.08601474 0.2064273 0.9244006 0.1551418 0.9110051 0.1543326 0.9123429 0.1314802 0.8647376 0.8288017 0.8774408 0.8286616 0.8763563 0.8564348 0.08469462 0.2265422 0.0958091 0.2161266 0.1053653 0.2257044 0.9374653 0.155988 0.9244006 0.1551418 0.9256748 0.1333771 0.8647376 0.8288017 0.8636422 0.8568527 0.8505517 0.8571041 0.1014235 0.2475135 0.09317296 0.23713 0.1053653 0.2257044 0.9374653 0.155988 0.9386708 0.1353968 0.9512797 0.1375313 0.8382403 0.8289141 0.8516536 0.8288859 0.8505517 0.8571041 0.1014235 0.2475135 0.1146455 0.235123 0.1236131 0.2443453 0.9623976 0.1577776 0.9501477 0.1568678 0.9512797 0.1375313 0.7708577 0.1488851 0.7725114 0.1206379 0.7861946 0.120988 0.1171119 0.2675047 0.1094137 0.2576518 0.1236131 0.2443453 0.9623976 0.1577776 0.9634518 0.1397722 0.9751389 0.1421108 0.7984518 0.1495341 0.7845442 0.1491793 0.7861946 0.120988 0.1171119 0.2675047 0.1322327 0.2533348 0.1404704 0.2620559 0.9854089 0.1596732 0.9741668 0.158714 0.9751389 0.1421108 0.8886436 0.8558521 0.9004556 0.8551068 0.898372 0.8813591 0.5511957 0.6141858 0.5478898 0.6100295 0.5589591 0.603136 0.07602077 0.1966449 0.08376181 0.1873875 0.09477347 0.1959528 0.8987278 0.1297135 0.9010305 0.1064477 0.9145492 0.1091873 0.8886436 0.8558521 0.8865215 0.8825882 0.8742042 0.8835492 0.5611703 0.605916 0.5589591 0.603136 0.5702483 0.5959659 0.0958091 0.2161266 0.08601474 0.2064273 0.09477347 0.1959528 0.9256748 0.1333771 0.9123429 0.1314802 0.9145492 0.1091873 0.8636422 0.8568527 0.8763563 0.8564348 0.8742042 0.8835492 0.0958091 0.2161266 0.105551 0.2044765 0.1160517 0.2129246 0.9386708 0.1353968 0.9256748 0.1333771 0.9277762 0.1121452 0.8636422 0.8568527 0.8614687 0.8842384 0.8483651 0.884653 0.1146455 0.235123 0.1053653 0.2257044 0.1160517 0.2129246 0.9386708 0.1353968 0.9406589 0.1153097 0.9531466 0.1186683 0.8371362 0.8571881 0.8505517 0.8571041 0.8483651 0.884653 0.1146455 0.235123 0.1262344 0.221264 0.1360588 0.2294617 0.9634518 0.1397722 0.9512797 0.1375313 0.9531466 0.1186683 0.7725114 0.1206379 0.7752386 0.09308242 0.7889164 0.09348684 0.1322327 0.2533348 0.1236131 0.2443453 0.1360588 0.2294617 0.9634518 0.1397722 0.9651901 0.1222077 0.9767419 0.125914 0.8000924 0.1215097 0.7861946 0.120988 0.7889164 0.09348684 0.1322327 0.2533348 0.1454861 0.2374852 0.154479 0.2453032 0.9862949 0.1445376 0.9751389 0.1421108 0.9767419 0.125914 0.8000924 0.1215097 0.8027981 0.09417146 0.8168289 0.09513366 0.1404704 0.2620559 0.154479 0.2453032 0.1630022 0.2528846 0.9862949 0.1445376 0.9877562 0.1297726 0.9981898 0.1337682 0.02445638 0.14784 0.01410973 0.1383703 0.01525127 0.137005 0.8283119 0.1230593 0.81415 0.1222011 0.8168289 0.09513366 0.1556714 0.2785571 0.1482936 0.2704745 0.1630022 0.2528846 0.5141806 0.6437569 0.5058302 0.6501267 0.4973307 0.6394408 0.03484636 0.1574578 0.02445638 0.14784 0.026735 0.1451149 0.8283119 0.1230593 0.8309534 0.09636956 0.845116 0.09787434 0.1556714 0.2785571 0.171022 0.2601994 0.1785067 0.267219 0.5141806 0.6437569 0.5066686 0.6343126 0.5164327 0.6287848 0.03484636 0.1574578 0.03825312 0.1533836 0.04976016 0.1617786 0.8567249 0.1252624 0.8425223 0.1240811 0.845116 0.09787434 0.9224697 0.853141 0.9325848 0.8519281 0.9306649 0.8761172 0.5229275 0.6369503 0.5164327 0.6287848 0.5265846 0.6228793 0.04523873 0.1671857 0.04976016 0.1617786 0.06121063 0.1702665 0.8567249 0.1252624 0.8592606 0.09964197 0.8733315 0.1016656 0.9117458 0.8542019 0.9224697 0.853141 0.9204874 0.8781172 0.5414716 0.6221355 0.5320364 0.6297336 0.5265846 0.6228793 0.06586664 0.186818 0.05559247 0.1769853 0.06121063 0.1702665 0.8708639 0.1265985 0.8733315 0.1016656 0.8872731 0.1039372 0.9117458 0.8542019 0.9097088 0.8798668 0.898372 0.8813591 0.5511957 0.6141858 0.5414716 0.6221355 0.5370841 0.6166193 0.07602077 0.1966449 0.06586664 0.186818 0.07255947 0.1788141 0.8987278 0.1297135 0.8848833 0.1280843 0.8872731 0.1039372 0.8027981 0.09417146 0.7889164 0.09348684 0.7926666 0.06710964 0.1454861 0.2374852 0.1566628 0.2202063 0.1662927 0.2270394 0.9877562 0.1297726 0.9767419 0.125914 0.9789505 0.1103792 0.8027981 0.09417146 0.8065261 0.06795054 0.8205199 0.06917244 0.154479 0.2453032 0.1662927 0.2270394 0.1754063 0.2337082 0.9877562 0.1297726 0.9897696 0.115611 1 0.1210358 0.026735 0.1451149 0.01525127 0.137005 0.01621401 0.1355167 0.8309534 0.09636956 0.8168289 0.09513366 0.8205199 0.06917244 0.1630022 0.2528846 0.1754063 0.2337082 0.1839674 0.240186 0.5066686 0.6343126 0.4973307 0.6394408 0.4902263 0.6278441 0.03825312 0.1533836 0.026735 0.1451149 0.02865666 0.1421441 0.8309534 0.09636956 0.834593 0.07077056 0.8486897 0.07273852 0.171022 0.2601994 0.1839674 0.240186 0.1919425 0.2464475 0.5066686 0.6343126 0.5003896 0.6240633 0.511004 0.6199234 0.03825312 0.1533836 0.04112613 0.1489421 0.05357313 0.1558837 0.8592606 0.09964197 0.845116 0.09787434 0.8486897 0.07273852 0.1854268 0.2739154 0.1785067 0.267219 0.1919425 0.2464475 0.5265846 0.6228793 0.5164327 0.6287848 0.511004 0.6199234 0.06121063 0.1702665 0.04976016 0.1617786 0.05357313 0.1558837 0.8592606 0.09964197 0.8627544 0.07506859 0.8767315 0.07775163 0.9097088 0.8798668 0.9204874 0.8781172 0.917553 0.9020928 0.5265846 0.6228793 0.5220275 0.6154407 0.5334166 0.6106328 0.06121063 0.1702665 0.0659486 0.1629418 0.07820361 0.1700883 0.8733315 0.1016656 0.8767315 0.07775163 0.8905659 0.08077692 0.9097088 0.8798668 0.9066936 0.9045035 0.8952877 0.9065597 0.5370841 0.6166193 0.5334166 0.6106328 0.5451264 0.6055189 0.08376181 0.1873875 0.07255947 0.1788141 0.07820361 0.1700883 0.9010305 0.1064477 0.8872731 0.1039372 0.8905659 0.08077692 0.8865215 0.8825882 0.898372 0.8813591 0.8952877 0.9065597 0.5478898 0.6100295 0.5451264 0.6055189 0.5571108 0.600119 0.08376181 0.1873875 0.09028995 0.177295 0.1021598 0.1845337 0.9145492 0.1091873 0.9010305 0.1064477 0.9042032 0.08413267 0.8865215 0.8825882 0.8833804 0.9082531 0.8710187 0.9095773 0.5589591 0.603136 0.5571108 0.600119 0.5693223 0.5944544 0.105551 0.2044765 0.09477347 0.1959528 0.1021598 0.1845337 0.9277762 0.1121452 0.9145492 0.1091873 0.9175893 0.0878055 0.8614687 0.8842384 0.8742042 0.8835492 0.8710187 0.9095773 0.105551 0.2044765 0.1137664 0.1917756 0.1250638 0.1989921 0.9406589 0.1153097 0.9277762 0.1121452 0.9306715 0.09178102 0.8614687 0.8842384 0.8582512 0.9105269 0.8451285 0.9110981 0.1262344 0.221264 0.1160517 0.2129246 0.1250638 0.1989921 0.9406589 0.1153097 0.9433981 0.09604352 0.9557189 0.1005762 0.8349453 0.8847914 0.8483651 0.884653 0.8451285 0.9110981 0.1262344 0.221264 0.1360076 0.2061549 0.1465544 0.2132356 0.9651901 0.1222077 0.9531466 0.1186683 0.9557189 0.1005762 0.7752386 0.09308242 0.7789962 0.06665307 0.7926666 0.06710964 0.1454861 0.2374852 0.1360588 0.2294617 0.1465544 0.2132356 0.9651901 0.1222077 0.9675853 0.105361 0.9789505 0.1103792 0.9066936 0.9045035 0.9027476 0.9277234 0.8912514 0.9303109 0.5334166 0.6106328 0.5305272 0.6042706 0.5429493 0.6007251 0.09028995 0.177295 0.07820361 0.1700883 0.08271014 0.1607782 0.8905659 0.08077692 0.8947098 0.0589689 0.9081959 0.06312042 0.8833804 0.9082531 0.8952877 0.9065597 0.8912514 0.9303109 0.5451264 0.6055189 0.5429493 0.6007251 0.5556546 0.5969126 0.09028995 0.177295 0.09550231 0.1665268 0.1080574 0.1723498 0.9042032 0.08413267 0.9081959 0.06312042 0.9214149 0.06767207 0.8833804 0.9082531 0.8792697 0.9324421 0.8668498 0.9341085 0.5571108 0.600119 0.5556546 0.5969126 0.5685927 0.5928481 0.1137664 0.1917756 0.1021598 0.1845337 0.1080574 0.1723498 0.9306715 0.09178102 0.9175893 0.0878055 0.9214149 0.06767207 0.8582512 0.9105269 0.8710187 0.9095773 0.8668498 0.9341085 0.1137664 0.1917756 0.1203259 0.1782242 0.1322594 0.1841266 0.9433981 0.09604352 0.9306715 0.09178102 0.934315 0.07260578 0.8582512 0.9105269 0.8540406 0.9353035 0.8408929 0.9360224 0.1360076 0.2061549 0.1250638 0.1989921 0.1322594 0.1841266 0.9433981 0.09604352 0.9468452 0.07790213 0.958956 0.08354026 0.8317024 0.9112887 0.8451285 0.9110981 0.8408929 0.9360224 0.1360076 0.2061549 0.1438108 0.190034 0.1549346 0.1959229 0.9675853 0.105361 0.9557189 0.1005762 0.958956 0.08354026 0.7789962 0.06665307 0.783725 0.04176676 0.7973861 0.04227244 0.1566628 0.2202063 0.1465544 0.2132356 0.1549346 0.1959229 0.9675853 0.105361 0.9705996 0.08949786 0.9817301 0.09575146 0.8065261 0.06795054 0.7926666 0.06710964 0.7973861 0.04227244 0.1566628 0.2202063 0.1655867 0.2017701 0.1757252 0.2075526 0.9897696 0.115611 0.9789505 0.1103792 0.9817301 0.09575146 0.8065261 0.06795054 0.8112176 0.04326045 0.825165 0.0447269 0.1662927 0.2270394 0.1757252 0.2075526 0.1853102 0.2132475 0.4805542 0.6312508 0.4743286 0.6175428 0.484629 0.6155194 0.02865666 0.1421441 0.01621401 0.1355167 0.01698267 0.1339287 0.834593 0.07077056 0.8205199 0.06917244 0.825165 0.0447269 0.1754063 0.2337082 0.1853102 0.2132475 0.1943036 0.2188324 0.5003896 0.6240633 0.4902263 0.6278441 0.484629 0.6155194 0.04112613 0.1489421 0.02865666 0.1421441 0.030191 0.1389744 0.834593 0.07077056 0.8391733 0.04666602 0.853187 0.04907023 0.1919425 0.2464475 0.1839674 0.240186 0.1943036 0.2188324 0.5003896 0.6240633 0.4954427 0.6131706 0.5067269 0.6105057 0.04112613 0.1489421 0.04342001 0.1442031 0.05661755 0.1495943 0.8627544 0.07506859 0.8486897 0.07273852 0.853187 0.04907023 0.1992999 0.2524679 0.1919425 0.2464475 0.2026701 0.2242851 0.5220275 0.6154407 0.511004 0.6199234 0.5067269 0.6105057 0.0659486 0.1629418 0.05357313 0.1558837 0.05661755 0.1495943 0.8627544 0.07506859 0.8671511 0.05192983 0.8810102 0.05523377 0.9066936 0.9045035 0.917553 0.9020928 0.9137129 0.9246895 0.5220275 0.6154407 0.5184372 0.6075351 0.5305272 0.6042706 0.0659486 0.1629418 0.06973153 0.1551265 0.08271014 0.1607782 0.8767315 0.07775163 0.8810102 0.05523377 0.8947098 0.0589689 0.783725 0.04176676 0.7893505 0.01881587 0.8030005 0.01936686 0.1655867 0.2017701 0.1549346 0.1959229 0.161067 0.1777968 0.9705996 0.08949786 0.9741854 0.07486844 0.9850366 0.08226126 0.8112176 0.04326045 0.7973861 0.04227244 0.8030005 0.01936686 0.1655867 0.2017701 0.1721171 0.1824678 0.1826279 0.1871502 0.9923035 0.1022763 0.9817301 0.09575146 0.9850366 0.08226126 0.8112176 0.04326045 0.8167987 0.02049058 0.8306908 0.02218258 0.1757252 0.2075526 0.1826279 0.1871502 0.1925577 0.1918256 0.4743286 0.6175428 0.4698775 0.6032412 0.4806271 0.6026611 0.030191 0.1389744 0.01698267 0.1339287 0.01754522 0.1322661 0.8391733 0.04666602 0.825165 0.0447269 0.8306908 0.02218258 0.1853102 0.2132475 0.1925577 0.1918256 0.2018674 0.1964754 0.4954427 0.6131706 0.484629 0.6155194 0.4806271 0.6026611 0.04342001 0.1442031 0.030191 0.1389744 0.03131377 0.1356557 0.8391733 0.04666602 0.844622 0.02443623 0.8585371 0.02724266 0.1943036 0.2188324 0.2018674 0.1964754 0.2105205 0.2010814 0.4954427 0.6131706 0.4919057 0.6018063 0.5036689 0.6006802 0.05661755 0.1495943 0.04342001 0.1442031 0.04509866 0.1392414 0.8671511 0.05192983 0.853187 0.04907023 0.8585371 0.02724266 0.2103767 0.2295843 0.2026701 0.2242851 0.2105205 0.2010814 0.5184372 0.6075351 0.5067269 0.6105057 0.5036689 0.6006802 0.06973153 0.1551265 0.05661755 0.1495943 0.0588454 0.1430091 0.8671511 0.05192983 0.8723815 0.03059071 0.8861003 0.03446722 0.6806865 0.6700111 0.6675612 0.66526 0.668425 0.6488329 0.5184372 0.6075351 0.5158701 0.5992872 0.5284613 0.597633 0.06973153 0.1551265 0.07249987 0.1469441 0.08600795 0.1510306 0.8810102 0.05523377 0.8861003 0.03446722 0.8996395 0.03885692 0.9027476 0.9277234 0.8979331 0.9491602 0.8863267 0.9522384 0.5305272 0.6042706 0.5284613 0.597633 0.5413928 0.5957238 0.09550231 0.1665268 0.08271014 0.1607782 0.08600795 0.1510306 0.9081959 0.06312042 0.8947098 0.0589689 0.8996395 0.03885692 0.8792697 0.9324421 0.8912514 0.9303109 0.8863267 0.9522384 0.5429493 0.6007251 0.5413928 0.5957238 0.5546134 0.5935674 0.09550231 0.1665268 0.09931659 0.1552526 0.1123731 0.1595934 0.9214149 0.06767207 0.9081959 0.06312042 0.9129456 0.04374241 0.8792697 0.9324421 0.8742542 0.9547737 0.8617634 0.956756 0.5556546 0.5969126 0.5546134 0.5935674 0.5680711 0.5911722 0.1203259 0.1782242 0.1080574 0.1723498 0.1123731 0.1595934 0.934315 0.07260578 0.9214149 0.06767207 0.925966 0.04910439 0.8540406 0.9353035 0.8668498 0.9341085 0.8617634 0.956756 0.1203259 0.1782242 0.1251261 0.1640359 0.137525 0.1685627 0.9468452 0.07790213 0.934315 0.07260578 0.9386495 0.05492186 0.8540406 0.9353035 0.8489034 0.9581776 0.835725 0.9590328 0.1438108 0.190034 0.1322594 0.1841266 0.137525 0.1685627 0.9468452 0.07790213 0.950946 0.06117171 0.9628069 0.06782937 0.8274583 0.9362623 0.8408929 0.9360224 0.835725 0.9590328 0.1438108 0.190034 0.1495211 0.1731556 0.161067 0.1777968 0.9705996 0.08949786 0.958956 0.08354026 0.9628069 0.06782937 0.6815741 0.6531311 0.668425 0.6488329 0.6692467 0.6300446 0.5158701 0.5992872 0.5143669 0.5908272 0.5272516 0.5908245 0.07249987 0.1469441 0.07420986 0.1385234 0.08804506 0.1409993 0.8861003 0.03446722 0.8919214 0.01577943 0.9052771 0.02075815 0.6815741 0.6531311 0.6824185 0.6338247 0.6959056 0.6370781 0.5284613 0.597633 0.5272516 0.5908245 0.5404813 0.5905938 0.09931659 0.1552526 0.08600795 0.1510306 0.08804506 0.1409993 0.9129456 0.04374241 0.8996395 0.03885692 0.9052771 0.02075815 0.7087753 0.6599041 0.6950419 0.6568264 0.6959056 0.6370781 0.5413928 0.5957238 0.5404813 0.5905938 0.5540038 0.5901361 0.09931659 0.1552526 0.1016727 0.1436502 0.115039 0.1464657 0.925966 0.04910439 0.9129456 0.04374241 0.9183774 0.02630412 0.7087753 0.6599041 0.7096549 0.6397918 0.7236121 0.6419553 0.5546134 0.5935674 0.5540038 0.5901361 0.5677657 0.5894531 0.1251261 0.1640359 0.1123731 0.1595934 0.115039 0.1464657 0.9386495 0.05492186 0.925966 0.04910439 0.9311707 0.03239542 0.736821 0.6641609 0.72272 0.6623522 0.7236121 0.6419553 0.1251261 0.1640359 0.1280911 0.1494348 0.1407776 0.1525456 0.950946 0.06117171 0.9386495 0.05492186 0.9436065 0.03900808 0.736821 0.6641609 0.737722 0.6435599 0.7519291 0.6445994 0.1495211 0.1731556 0.137525 0.1685627 0.1407776 0.1525456 0.950946 0.06117171 0.9556357 0.04611599 0.9672108 0.05369108 0.7652691 0.6658343 0.7510227 0.6653231 0.7519291 0.6445994 0.1495211 0.1731556 0.1530484 0.1557859 0.1648551 0.159143 0.9741854 0.07486844 0.9628069 0.06782937 0.9672108 0.05369108 0.1653293 0.7146929 0.1659682 0.6939183 0.1801987 0.6936329 0.1721171 0.1824678 0.161067 0.1777968 0.1648551 0.159143 0.9741854 0.07486844 0.9782862 0.06170344 0.9888181 0.07012146 0.1937164 0.7133885 0.179561 0.7143665 0.1801987 0.6936329 0.1721171 0.1824678 0.176151 0.1626034 0.1868916 0.1661538 0.4698775 0.6032412 0.4596994 0.6035444 0.4568402 0.5874525 0.8167987 0.02049058 0.8231813 0 0.8370102 0.00189495 0.1826279 0.1871502 0.1868916 0.1661538 0.1970345 0.16978 0.4698775 0.6032412 0.467271 0.5885717 0.4782837 0.589472 0.03131377 0.1356557 0.01754522 0.1322661 0.01789265 0.130555 0.844622 0.02443623 0.8306908 0.02218258 0.8370102 0.00189495 0.1925577 0.1918256 0.1970345 0.16978 0.2065396 0.1734676 0.4919057 0.6018063 0.4806271 0.6026611 0.4782837 0.589472 0.04509866 0.1392414 0.03131377 0.1356557 0.03200733 0.1322404 0.844622 0.02443623 0.8508532 0.004431664 0.8646557 0.007600009 0.6432889 0.6384979 0.6440557 0.6209658 0.6564422 0.6257526 0.4919057 0.6018063 0.4898346 0.5901496 0.5018782 0.5906019 0.0588454 0.1430091 0.04509866 0.1392414 0.04613554 0.1341353 0.8723815 0.03059071 0.8585371 0.02724266 0.8646557 0.007600009 0.668425 0.6488329 0.6556464 0.6439488 0.6564422 0.6257526 0.5158701 0.5992872 0.5036689 0.6006802 0.5018782 0.5906019 0.07249987 0.1469441 0.0588454 0.1430091 0.06022161 0.1362324 0.8723815 0.03059071 0.8783631 0.01138758 0.8919214 0.01577943 0.7661772 0.6450697 0.7519291 0.6445994 0.7527749 0.6215981 0.1530484 0.1557859 0.1543371 0.1381988 0.166239 0.1402556 0.9782862 0.06170344 0.9672108 0.05369108 0.9720984 0.04134845 0.1659682 0.6939183 0.1665169 0.6708623 0.1807461 0.6706224 0.176151 0.1626034 0.1648551 0.159143 0.166239 0.1402556 0.4470322 0.5861185 0.4461748 0.5685051 0.4560496 0.5712107 0.1943503 0.6927776 0.1801987 0.6936329 0.1807461 0.6706224 0.176151 0.1626034 0.1776247 0.1424905 0.1884493 0.1448946 0.467271 0.5885717 0.4568402 0.5874525 0.4560496 0.5712107 0.1943503 0.6927776 0.1948946 0.6699035 0.2089062 0.6687085 0.1868916 0.1661538 0.1884493 0.1448946 0.19867 0.1474584 0.467271 0.5885717 0.4665503 0.5737657 0.4776356 0.5761601 0.03200733 0.1322404 0.01789265 0.130555 0.01801961 0.1288226 0.2221944 0.6893737 0.2083673 0.6913561 0.2089062 0.6687085 0.6321359 0.615703 0.6328215 0.5970577 0.6447712 0.6015067 0.4898346 0.5901496 0.4782837 0.589472 0.4776356 0.5761601 0.04613554 0.1341353 0.03200733 0.1322404 0.03226071 0.1287823 0.2221944 0.6893737 0.2227258 0.6670421 0.2362987 0.6649109 0.6440557 0.6209658 0.6447712 0.6015067 0.6571849 0.6055565 0.4898346 0.5901496 0.4892618 0.5783844 0.501383 0.5804299 0.04613554 0.1341353 0.04651439 0.1289653 0.06072437 0.1293708 0.2490615 0.6837602 0.235777 0.6868384 0.2362987 0.6649109 0.6692467 0.6300446 0.6564422 0.6257526 0.6571849 0.6055565 0.5143669 0.5908272 0.5018782 0.5906019 0.501383 0.5804299 0.07420986 0.1385234 0.06022161 0.1362324 0.06072437 0.1293708 0.2490615 0.6837602 0.2495715 0.6623233 0.2624918 0.6592895 0.6824185 0.6338247 0.6692467 0.6300446 0.6700135 0.6091911 0.5143669 0.5908272 0.5139513 0.5822884 0.5269171 0.5839526 0.07420986 0.1385234 0.07483458 0.1299973 0.08878928 0.1308423 0.2619954 0.6801512 0.2624918 0.6592895 0.2750086 0.6558215 0.6824185 0.6338247 0.6832064 0.6123962 0.6967116 0.6151592 0.5404813 0.5905938 0.5272516 0.5908245 0.5269171 0.5839526 0.1016727 0.1436502 0.08804506 0.1409993 0.08878928 0.1308423 0.2866092 0.6713997 0.2745279 0.6760256 0.2750086 0.6558215 0.7096549 0.6397918 0.6959056 0.6370781 0.6967116 0.6151592 0.5404813 0.5905938 0.5402292 0.585416 0.5538352 0.5866729 0.1016727 0.1436502 0.1025335 0.1319025 0.1160129 0.1331737 0.9311707 0.03239542 0.9183774 0.02630412 0.9244058 0.01108062 0.7096549 0.6397918 0.7104758 0.617469 0.7244446 0.6193167 0.5540038 0.5901361 0.5538352 0.5866729 0.5676813 0.5877181 0.1280911 0.1494348 0.115039 0.1464657 0.1160129 0.1331737 0.9436065 0.03900808 0.9311707 0.03239542 0.9369469 0.01780861 0.737722 0.6435599 0.7236121 0.6419553 0.7244446 0.6193167 0.1280911 0.1494348 0.1291744 0.1346508 0.1419659 0.1363281 0.9556357 0.04611599 0.9436065 0.03900808 0.9491078 0.02511548 0.737722 0.6435599 0.7385628 0.6206948 0.7527749 0.6215981 0.1530484 0.1557859 0.1407776 0.1525456 0.1419659 0.1363281 0.9556357 0.04611599 0.9608404 0.03297245 0.9720984 0.04134845 0.6700135 0.6091911 0.6571849 0.6055565 0.6578626 0.583679 0.5139513 0.5822884 0.501383 0.5804299 0.5021913 0.5703244 0.07483458 0.1299973 0.06072437 0.1293708 0.06034576 0.1225326 0.2495715 0.6623233 0.2499896 0.6391035 0.2628987 0.6366928 0.6832064 0.6123962 0.6700135 0.6091911 0.6707133 0.5866016 0.5139513 0.5822884 0.5146297 0.5738055 0.5274631 0.5771257 0.07483458 0.1299973 0.07436418 0.1215003 0.08822888 0.1207201 0.2624918 0.6592895 0.2628987 0.6366928 0.2754026 0.633937 0.6832064 0.6123962 0.6839255 0.5891838 0.6974472 0.5914155 0.5269171 0.5839526 0.5274631 0.5771257 0.5406406 0.5802721 0.1025335 0.1319025 0.08878928 0.1308423 0.08822888 0.1207201 0.2870724 0.651933 0.2750086 0.6558215 0.2754026 0.633937 0.7104758 0.617469 0.6967116 0.6151592 0.6974472 0.5914155 0.5402292 0.585416 0.5406406 0.5802721 0.5541104 0.5832323 0.1025335 0.1319025 0.1018854 0.1201949 0.1152796 0.1199269 0.2986357 0.6476393 0.2870724 0.651933 0.287452 0.6308471 0.7104758 0.617469 0.7112249 0.5932877 0.7252042 0.5947933 0.5538352 0.5866729 0.5541104 0.5832323 0.5678191 0.5859944 0.1291744 0.1346508 0.1160129 0.1331737 0.1152796 0.1199269 0.3096528 0.6429573 0.2986357 0.6476393 0.2989994 0.6274352 0.7385628 0.6206948 0.7244446 0.6193167 0.7252042 0.5947933 0.1291744 0.1346508 0.1283587 0.1199172 0.1410712 0.1201658 0.3200802 0.6379055 0.3096528 0.6429573 0.3099992 0.6237148 0.7385628 0.6206948 0.7393301 0.595926 0.7535468 0.5966817 0.1543371 0.1381988 0.1419659 0.1363281 0.1410712 0.1201658 0.3200802 0.6379055 0.3204079 0.6197006 0.3301846 0.6154084 0.7670246 0.6220228 0.7527749 0.6215981 0.7535468 0.5966817 0.1543371 0.1381988 0.1533668 0.1206716 0.1651969 0.1214328 0.4461748 0.5685051 0.4369651 0.5656597 0.438468 0.5468679 0.1665169 0.6708623 0.1669664 0.6458888 0.1811949 0.6456981 0.1776247 0.1424905 0.166239 0.1402556 0.1651969 0.1214328 0.4461748 0.5685051 0.4475743 0.5510069 0.45734 0.5550752 0.1948946 0.6699035 0.1807461 0.6706224 0.1811949 0.6456981 0.1776247 0.1424905 0.176515 0.1224462 0.1872764 0.1237079 0.4665503 0.5737657 0.4560496 0.5712107 0.45734 0.5550752 0.1948946 0.6699035 0.1953406 0.6451268 0.2093479 0.6441773 0.6213828 0.592227 0.6219787 0.5729906 0.6334471 0.57686 0.4665503 0.5737657 0.4677267 0.5590565 0.4786933 0.5629353 0.01801961 0.1288226 0.01792401 0.1270961 0.03206992 0.125336 0.2227258 0.6670421 0.2089062 0.6687085 0.2093479 0.6441773 0.6328215 0.5970577 0.6334471 0.57686 0.6454242 0.5804275 0.4892618 0.5783844 0.4776356 0.5761601 0.4786933 0.5629353 0.04651439 0.1289653 0.03226071 0.1287823 0.03206992 0.125336 0.2227258 0.6670421 0.2231612 0.6428532 0.2367264 0.6411597 0.6447712 0.6015067 0.6454242 0.5804275 0.6578626 0.583679 0.4892618 0.5783844 0.4901966 0.5666962 0.5021913 0.5703244 0.06072437 0.1293708 0.04651439 0.1289653 0.04622912 0.1238129 0.2495715 0.6623233 0.2362987 0.6649109 0.2367264 0.6411597 0.7393301 0.595926 0.7400118 0.5696442 0.7542325 0.5702432 0.1533668 0.1206716 0.1410712 0.1201658 0.1381075 0.1043137 0.3204079 0.6197006 0.3206584 0.6003848 0.3304198 0.5972697 0.7677981 0.5970572 0.7535468 0.5966817 0.7542325 0.5702432 0.1533668 0.1206716 0.1501528 0.1034808 0.1617453 0.1029711 0.4475743 0.5510069 0.438468 0.5468679 0.4423708 0.5284963 0.1669664 0.6458888 0.1673101 0.6193914 0.1815378 0.619253 0.176515 0.1224462 0.1651969 0.1214328 0.1617453 0.1029711 0.4475743 0.5510069 0.4512084 0.5339 0.4606912 0.5393005 0.1953406 0.6451268 0.1811949 0.6456981 0.1815378 0.619253 0.6110642 0.5688345 0.6115651 0.5495236 0.6225081 0.5525792 0.4677267 0.5590565 0.45734 0.5550752 0.4606912 0.5393005 0.1953406 0.6451268 0.1956815 0.6188384 0.2096853 0.6181492 0.6219787 0.5729906 0.6225081 0.5525792 0.634003 0.5554286 0.4677267 0.5590565 0.4707816 0.5446763 0.48144 0.5500062 0.01792401 0.1270961 0.01760745 0.1254026 0.03143799 0.1219559 0.2231612 0.6428532 0.2093479 0.6441773 0.2096853 0.6181492 0.6334471 0.57686 0.634003 0.5554286 0.6460043 0.5580607 0.4901966 0.5666962 0.4786933 0.5629353 0.48144 0.5500062 0.03206992 0.125336 0.03143799 0.1219559 0.04528433 0.1187593 0.2231612 0.6428532 0.223494 0.6171882 0.2370531 0.6159591 0.6578626 0.583679 0.6454242 0.5804275 0.6460043 0.5580607 0.4901966 0.5666962 0.4926241 0.5552693 0.5042901 0.5604448 0.04622912 0.1238129 0.04528433 0.1187593 0.05909186 0.1158257 0.2499896 0.6391035 0.2367264 0.6411597 0.2370531 0.6159591 0.6707133 0.5866016 0.6578626 0.583679 0.6584647 0.5604649 0.5146297 0.5738055 0.5021913 0.5703244 0.5042901 0.5604448 0.07436418 0.1215003 0.06034576 0.1225326 0.05909186 0.1158257 0.2499896 0.6391035 0.2503091 0.6144668 0.2632095 0.6127172 0.6839255 0.5891838 0.6707133 0.5866016 0.671335 0.562632 0.5146297 0.5738055 0.5163915 0.5655122 0.5288809 0.5704515 0.07436418 0.1215003 0.07280606 0.1131664 0.08637273 0.1107921 0.2628987 0.6366928 0.2632095 0.6127172 0.2757037 0.6107172 0.6839255 0.5891838 0.6845644 0.5645533 0.6981006 0.5662212 0.5406406 0.5802721 0.5274631 0.5771257 0.5288809 0.5704515 0.1018854 0.1201949 0.08822888 0.1207201 0.08637273 0.1107921 0.2754026 0.633937 0.2757037 0.6107172 0.2877421 0.6084746 0.7112249 0.5932877 0.6974472 0.5914155 0.6981006 0.5662212 0.5406406 0.5802721 0.541709 0.5752433 0.5548249 0.5798687 0.1018854 0.1201949 0.09973853 0.108712 0.1128505 0.1069344 0.2989994 0.6274352 0.287452 0.6308471 0.2877421 0.6084746 0.7112249 0.5932877 0.7118903 0.5676292 0.7258791 0.5687717 0.5678191 0.5859944 0.5541104 0.5832323 0.5548249 0.5798687 0.1283587 0.1199172 0.1152796 0.1199269 0.1128505 0.1069344 0.3099992 0.6237148 0.2989994 0.6274352 0.2992774 0.6059983 0.7393301 0.595926 0.7252042 0.5947933 0.7258791 0.5687717 0.1283587 0.1199172 0.125657 0.1054664 0.1381075 0.1043137 0.3204079 0.6197006 0.3099992 0.6237148 0.3102639 0.6032982 0.6584647 0.5604649 0.6460043 0.5580607 0.6465024 0.5347589 0.4926241 0.5552693 0.4965061 0.5442839 0.5076464 0.550947 0.04528433 0.1187593 0.04369485 0.1138844 0.05698233 0.1093557 0.2503091 0.6144668 0.2370531 0.6159591 0.2372738 0.5897068 0.671335 0.562632 0.6584647 0.5604649 0.6589817 0.5362806 0.5163915 0.5655122 0.5042901 0.5604448 0.5076464 0.550947 0.07280606 0.1131664 0.05909186 0.1158257 0.05698233 0.1093557 0.2503091 0.6144668 0.2505248 0.5888019 0.2634196 0.587741 0.6845644 0.5645533 0.671335 0.562632 0.6718688 0.5376606 0.5163915 0.5655122 0.5192089 0.5575394 0.5311483 0.5640352 0.07280606 0.1131664 0.07018482 0.1051269 0.08325016 0.1012149 0.2632095 0.6127172 0.2634196 0.587741 0.275907 0.5865282 0.6845644 0.5645533 0.6851129 0.5388934 0.6986617 0.539974 0.5288809 0.5704515 0.5311483 0.5640352 0.5434173 0.5704088 0.09973853 0.108712 0.08637273 0.1107921 0.08325016 0.1012149 0.2757037 0.6107172 0.275907 0.5865282 0.2879381 0.5851683 0.7118903 0.5676292 0.6981006 0.5662212 0.6986617 0.539974 0.541709 0.5752433 0.5434173 0.5704088 0.5559676 0.576635 0.09973853 0.108712 0.09612685 0.09763485 0.1087641 0.09440106 0.2992774 0.6059983 0.2877421 0.6084746 0.2879381 0.5851683 0.7118903 0.5676292 0.7124618 0.5408983 0.7264587 0.5416626 0.5548249 0.5798687 0.5559676 0.576635 0.5687496 0.5826892 0.125657 0.1054664 0.1128505 0.1069344 0.1087641 0.09440106 0.3102639 0.6032982 0.2992774 0.6059983 0.2994651 0.5836668 0.7400118 0.5696442 0.7258791 0.5687717 0.7264587 0.5416626 0.125657 0.1054664 0.1211118 0.09152626 0.1331216 0.08902174 0.3206584 0.6003848 0.3102639 0.6032982 0.3104428 0.5820295 0.7400118 0.5696442 0.7405971 0.5422638 0.7548213 0.5426997 0.1501528 0.1034808 0.1381075 0.1043137 0.1331216 0.08902174 0.3206584 0.6003848 0.3208276 0.5802628 0.3305786 0.5783739 0.7684851 0.5705664 0.7542325 0.5702432 0.7548213 0.5426997 0.1501528 0.1034808 0.1447458 0.08689749 0.1559386 0.0851618 0.4512084 0.5339 0.4423708 0.5284963 0.4486121 0.5108346 0.1673101 0.6193914 0.1675422 0.591788 0.1817694 0.5917041 0.1728395 0.1027865 0.1617453 0.1029711 0.1559386 0.0851618 0.4512084 0.5339 0.4570201 0.5174541 0.4660502 0.5241352 0.1956815 0.6188384 0.1815378 0.619253 0.1817694 0.5917041 0.6115651 0.5495236 0.6119951 0.5294055 0.6229627 0.5313145 0.4707816 0.5446763 0.4606912 0.5393005 0.4660502 0.5241352 0.1956815 0.6188384 0.1959118 0.5914527 0.2099133 0.5910348 0.6225081 0.5525792 0.6229627 0.5313145 0.6344803 0.5331013 0.4707816 0.5446763 0.4756669 0.5308516 0.4858323 0.5375767 0.03143799 0.1219559 0.01760745 0.1254026 0.01707482 0.1237691 0.223494 0.6171882 0.2096853 0.6181492 0.2099133 0.5910348 0.634003 0.5554286 0.6344803 0.5331013 0.6465024 0.5347589 0.4926241 0.5552693 0.48144 0.5500062 0.4858323 0.5375767 0.04528433 0.1187593 0.03143799 0.1219559 0.03037482 0.1186952 0.223494 0.6171882 0.2237188 0.5904521 0.2372738 0.5897068 0.7405971 0.5422638 0.7264587 0.5416626 0.7269337 0.5138933 0.1211118 0.09152626 0.1147949 0.07831656 0.1261921 0.07453119 0.3208276 0.5802628 0.3104428 0.5820295 0.3105329 0.560244 0.7405971 0.5422638 0.7410768 0.5142167 0.7553039 0.5144854 0.1447458 0.08689749 0.1331216 0.08902174 0.1261921 0.07453119 0.3208276 0.5802628 0.3209128 0.559652 0.3306587 0.5590191 0.7690751 0.5429684 0.7548213 0.5426997 0.7553039 0.5144854 0.1447458 0.08689749 0.1372311 0.07118314 0.1478685 0.06828576 0.4570201 0.5174541 0.4486121 0.5108346 0.4570933 0.4941613 0.1675422 0.591788 0.1676591 0.5635141 0.1818861 0.5634859 0.6119951 0.5294055 0.6016209 0.527382 0.6019518 0.5080298 0.4570201 0.5174541 0.4649174 0.5019286 0.4733326 0.5098188 0.1959118 0.5914527 0.1817694 0.5917041 0.1818861 0.5634859 0.6119951 0.5294055 0.6123476 0.5087975 0.6233353 0.509532 0.4756669 0.5308516 0.4660502 0.5241352 0.4733326 0.5098188 0.1959118 0.5914527 0.1960278 0.5634016 0.2100282 0.5632617 0.6229627 0.5313145 0.6233353 0.509532 0.6348715 0.5102303 0.4756669 0.5308516 0.4823056 0.5178007 0.491801 0.5258428 0.03037482 0.1186952 0.01707482 0.1237691 0.01633453 0.1222211 0.2237188 0.5904521 0.2099133 0.5910348 0.2100282 0.5632617 0.6344803 0.5331013 0.6348715 0.5102303 0.6469107 0.5108897 0.4965061 0.5442839 0.4858323 0.5375767 0.491801 0.5258428 0.04369485 0.1138844 0.03037482 0.1186952 0.02889728 0.1156054 0.2237188 0.5904521 0.2238321 0.5630664 0.2373851 0.5628166 0.6589817 0.5362806 0.6465024 0.5347589 0.6469107 0.5108897 0.4965061 0.5442839 0.5017814 0.5339134 0.5122073 0.5419807 0.04369485 0.1138844 0.04148578 0.1092649 0.0540505 0.1032248 0.2505248 0.5888019 0.2372738 0.5897068 0.2373851 0.5628166 0.6718688 0.5376606 0.6589817 0.5362806 0.6594054 0.5115074 0.5076464 0.550947 0.5122073 0.5419807 0.5230375 0.5500127 0.07018482 0.1051269 0.05698233 0.1093557 0.0540505 0.1032248 0.2505248 0.5888019 0.2506336 0.5625134 0.2635254 0.5621579 0.6851129 0.5388934 0.6718688 0.5376606 0.6723063 0.5120811 0.5192089 0.5575394 0.5230375 0.5500127 0.5342295 0.5579779 0.08325016 0.1012149 0.07018482 0.1051269 0.06654179 0.09750878 0.2634196 0.587741 0.2635254 0.5621579 0.2760096 0.5617515 0.6851129 0.5388934 0.6855625 0.5126085 0.6991216 0.5130876 0.5434173 0.5704088 0.5311483 0.5640352 0.5342295 0.5579779 0.09612685 0.09763485 0.08325016 0.1012149 0.07891029 0.09213954 0.275907 0.5865282 0.2760096 0.5617515 0.2880368 0.5612959 0.7124618 0.5408983 0.6986617 0.539974 0.6991216 0.5130876 0.5434173 0.5704088 0.5457389 0.5658448 0.5575205 0.5735823 0.09612685 0.09763485 0.0911073 0.08713817 0.1030846 0.08252447 0.2994651 0.5836668 0.2879381 0.5851683 0.2880368 0.5612959 0.7124618 0.5408983 0.7129302 0.5135164 0.7269337 0.5138933 0.5559676 0.576635 0.5575205 0.5735823 0.5695275 0.5811598 0.1211118 0.09152626 0.1087641 0.09440106 0.1030846 0.08252447 0.3104428 0.5820295 0.2994651 0.5836668 0.2995598 0.5607927 0.4823056 0.5178007 0.4733326 0.5098188 0.4824235 0.4965768 0.1960278 0.5634016 0.1960278 0.5351277 0.2100282 0.5352678 0.6233353 0.509532 0.62362 0.4875752 0.6351704 0.4871764 0.4823056 0.5178007 0.4905929 0.5057292 0.499252 0.5149895 0.02889728 0.1156054 0.01633453 0.1222211 0.01539838 0.1207832 0.2238321 0.5630664 0.2100282 0.5632617 0.2100282 0.5352678 0.6348715 0.5102303 0.6351704 0.4871764 0.6472227 0.4868294 0.5017814 0.5339134 0.491801 0.5258428 0.499252 0.5149895 0.04148578 0.1092649 0.02889728 0.1156054 0.02702856 0.1127351 0.2238321 0.5630664 0.2238321 0.535463 0.2373851 0.5357128 0.6594054 0.5115074 0.6469107 0.5108897 0.6472227 0.4868294 0.5017814 0.5339134 0.5083666 0.5243211 0.5179008 0.5336874 0.04148578 0.1092649 0.03869199 0.1049737 0.05034261 0.09752959 0.2506336 0.5625134 0.2373851 0.5628166 0.2373851 0.5357128 0.6723063 0.5120811 0.6594054 0.5115074 0.6597292 0.4865359 0.5122073 0.5419807 0.5179008 0.5336874 0.5278169 0.543051 0.06654179 0.09750878 0.0540505 0.1032248 0.05034261 0.09752959 0.2506336 0.5625134 0.2506336 0.536016 0.2635254 0.5363715 0.6855625 0.5126085 0.6723063 0.5120811 0.6726406 0.4862968 0.5230375 0.5500127 0.5278169 0.543051 0.5380758 0.5523753 0.07891029 0.09213954 0.06654179 0.09750878 0.06193441 0.09043204 0.2635254 0.5621579 0.2635254 0.5363715 0.2760096 0.5367779 0.6855625 0.5126085 0.6859061 0.4861133 0.699473 0.4859859 0.5457389 0.5658448 0.5342295 0.5579779 0.5380758 0.5523753 0.0911073 0.08713817 0.07891029 0.09213954 0.07342159 0.08370923 0.2760096 0.5617515 0.2760096 0.5367779 0.2880368 0.5372336 0.7129302 0.5135164 0.6991216 0.5130876 0.699473 0.4859859 0.5457389 0.5658448 0.548637 0.5616233 0.5594589 0.5707587 0.0911073 0.08713817 0.08475899 0.07738751 0.09590172 0.07149195 0.2995598 0.5607927 0.2880368 0.5612959 0.2880368 0.5372336 0.7129302 0.5135164 0.713288 0.4859153 0.7272966 0.4859017 0.5575205 0.5735823 0.5594589 0.5707587 0.5704987 0.5797453 0.1147949 0.07831656 0.1030846 0.08252447 0.09590172 0.07149195 0.3105329 0.560244 0.2995598 0.5607927 0.2995598 0.5377368 0.7410768 0.5142167 0.7269337 0.5138933 0.7272966 0.4859017 0.1147949 0.07831656 0.1068059 0.06604576 0.1174284 0.06107044 0.3209128 0.559652 0.3105329 0.560244 0.3105329 0.5382854 0.7410768 0.5142167 0.7414434 0.4859451 0.7556726 0.4860453 0.1372311 0.07118314 0.1261921 0.07453119 0.1174284 0.06107044 0.4498911 0.4865476 0.4611656 0.4701249 0.4676808 0.4787395 0.7695587 0.5146983 0.7553039 0.5144854 0.7556726 0.4860453 0.1372311 0.07118314 0.1277273 0.05658566 0.137662 0.05260908 0.4649174 0.5019286 0.4570933 0.4941613 0.4676808 0.4787395 0.1676591 0.5635141 0.1676591 0.5350154 0.1818861 0.5350435 0.6123476 0.5087975 0.6019518 0.5080298 0.6022048 0.4885227 0.4649174 0.5019286 0.474776 0.4875683 0.4824235 0.4965768 0.1960278 0.5634016 0.1818861 0.5634859 0.1818861 0.5350435 0.6123476 0.5087975 0.612617 0.4880246 0.62362 0.4875752 0.08475899 0.07738751 0.07342159 0.08370923 0.06687074 0.07605683 0.2760096 0.5367779 0.275907 0.5120013 0.2879381 0.5133611 0.713288 0.4859153 0.699473 0.4859859 0.6997104 0.4590967 0.5594589 0.5707587 0.548637 0.5616233 0.552066 0.557811 0.08475899 0.07738751 0.07718211 0.06853663 0.08732879 0.06147748 0.2995598 0.5377368 0.2880368 0.5372336 0.2879381 0.5133611 0.713288 0.4859153 0.7135298 0.4585305 0.7275418 0.4581294 0.5594589 0.5707587 0.5617524 0.5682088 0.5716477 0.5784678 0.1068059 0.06604576 0.09590172 0.07149195 0.08732879 0.06147748 0.3105329 0.5382854 0.2995598 0.5377368 0.2994651 0.5148627 0.7414434 0.4859451 0.7272966 0.4859017 0.7275418 0.4581294 0.1068059 0.06604576 0.0972706 0.05490726 0.1069685 0.04885184 0.3209128 0.5388774 0.3105329 0.5382854 0.3104428 0.5164999 0.7414434 0.4859451 0.7416911 0.4578949 0.7559218 0.4578281 0.1277273 0.05658566 0.1174284 0.06107044 0.1069685 0.04885184 0.4611656 0.4701249 0.4745052 0.4552938 0.4802075 0.4648121 0.7699282 0.486202 0.7556726 0.4860453 0.7559218 0.4578281 0.1277273 0.05658566 0.1163841 0.04333519 0.1254802 0.03837907 0.474776 0.4875683 0.4676808 0.4787395 0.4802075 0.4648121 0.1676591 0.5350154 0.1675422 0.5067414 0.1817694 0.5068253 0.612617 0.4880246 0.6022048 0.4885227 0.6023756 0.4691684 0.474776 0.4875683 0.4864404 0.4745997 0.4931795 0.4846181 0.1960278 0.5351277 0.1818861 0.5350435 0.1817694 0.5068253 0.612617 0.4880246 0.6127989 0.4674144 0.6238123 0.4657905 0.4905929 0.5057292 0.4824235 0.4965768 0.4931795 0.4846181 0.1960278 0.5351277 0.1959118 0.5070767 0.2099133 0.5074946 0.62362 0.4875752 0.6238123 0.4657905 0.6353724 0.4643029 0.4905929 0.5057292 0.5003982 0.4948276 0.5080677 0.5051881 0.02702856 0.1127351 0.01539838 0.1207832 0.01428097 0.1194779 0.2238321 0.535463 0.2100282 0.5352678 0.2099133 0.5074946 0.6351704 0.4871764 0.6353724 0.4643029 0.6474334 0.4629577 0.5083666 0.5243211 0.499252 0.5149895 0.5080677 0.5051881 0.02702856 0.1127351 0.02479821 0.1101298 0.03535747 0.1010785 0.2238321 0.535463 0.2237188 0.5080773 0.2372738 0.5088226 0.6597292 0.4865359 0.6472227 0.4868294 0.6474334 0.4629577 0.5083666 0.5243211 0.5161581 0.5156586 0.5246372 0.5261977 0.05034261 0.09752959 0.03869199 0.1049737 0.03535747 0.1010785 0.2506336 0.536016 0.2373851 0.5357128 0.2372738 0.5088226 0.6726406 0.4862968 0.6597292 0.4865359 0.6599479 0.46176 0.5179008 0.5336874 0.5246372 0.5261977 0.5334717 0.536764 0.06193441 0.09043204 0.05034261 0.09752959 0.04591709 0.09235996 0.2506336 0.536016 0.2505248 0.5097275 0.2634195 0.5107885 0.6859061 0.4861133 0.6726406 0.4862968 0.6728665 0.4607146 0.5278169 0.543051 0.5334717 0.536764 0.5426266 0.5473156 0.07342159 0.08370923 0.06193441 0.09043204 0.05643534 0.08400839 0.2635254 0.5363715 0.2634195 0.5107885 0.275907 0.5120013 0.6859061 0.4861133 0.6861381 0.4598256 0.6997104 0.4590967 0.5380758 0.5523753 0.5426266 0.5473156 0.552066 0.557811 0.4864404 0.4745997 0.4997267 0.4632274 0.5054311 0.4741314 0.1959118 0.5070767 0.1817694 0.5068253 0.1815378 0.4792765 0.6127989 0.4674144 0.6128906 0.447292 0.6239092 0.4445212 0.5003982 0.4948276 0.4931795 0.4846181 0.5054311 0.4741314 0.1959118 0.5070767 0.1956815 0.479691 0.2096853 0.4803802 0.6238123 0.4657905 0.6239092 0.4445212 0.6354742 0.4419708 0.5003982 0.4948276 0.5115667 0.4852679 0.5181092 0.4965931 0.02479821 0.1101298 0.01428097 0.1194779 0.01300007 0.1183259 0.2237188 0.5080773 0.2099133 0.5074946 0.2096853 0.4803802 0.6353724 0.4643029 0.6354742 0.4419708 0.6475396 0.4396508 0.5161581 0.5156586 0.5080677 0.5051881 0.5181092 0.4965931 0.03535747 0.1010785 0.02479821 0.1101298 0.02224141 0.1078304 0.2237188 0.5080773 0.223494 0.4813412 0.2370531 0.4825703 0.6474334 0.4629577 0.6475396 0.4396508 0.6600582 0.4375704 0.5161581 0.5156586 0.5250328 0.5080622 0.5323103 0.51963 0.03535747 0.1010785 0.03153485 0.09764075 0.04084372 0.0877974 0.2505248 0.5097275 0.2372738 0.5088226 0.2370531 0.4825703 0.6728665 0.4607146 0.6599479 0.46176 0.6600582 0.4375704 0.5246372 0.5261977 0.5323103 0.51963 0.5399127 0.5312508 0.05643534 0.08400839 0.04591709 0.09235996 0.04084372 0.0877974 0.2505248 0.5097275 0.2503091 0.4840626 0.2632095 0.4858122 0.6861381 0.4598256 0.6728665 0.4607146 0.6729803 0.4357377 0.5334717 0.536764 0.5399127 0.5312508 0.5478103 0.5428787 0.06687074 0.07605683 0.05643534 0.08400839 0.05013132 0.07833904 0.2634195 0.5107885 0.2632095 0.4858122 0.2757036 0.4878123 0.6861381 0.4598256 0.6862551 0.4341601 0.6998301 0.4328436 0.552066 0.557811 0.5426266 0.5473156 0.5478103 0.5428787 0.07718211 0.06853663 0.06687074 0.07605683 0.05936092 0.06930309 0.2879381 0.5133611 0.275907 0.5120013 0.2757036 0.4878123 0.7135298 0.4585305 0.6997104 0.4590967 0.6998301 0.4328436 0.552066 0.557811 0.5559717 0.5544679 0.5643648 0.5659727 0.07718211 0.06853663 0.0684961 0.06072509 0.07750087 0.052639 0.2994651 0.5148627 0.2879381 0.5133611 0.2877421 0.4900548 0.7135298 0.4585305 0.7136517 0.4317937 0.7276654 0.4310143 0.5617524 0.5682088 0.5643648 0.5659727 0.5729565 0.5773475 0.0972706 0.05490726 0.08732879 0.06147748 0.07750087 0.052639 0.3104428 0.5164999 0.2994651 0.5148627 0.2992774 0.4925311 0.7416911 0.4578949 0.7275418 0.4581294 0.7276654 0.4310143 0.0972706 0.05490726 0.08633965 0.04507678 0.09497755 0.03806811 0.3208276 0.5182666 0.3104428 0.5164999 0.3102639 0.4952312 0.7416911 0.4578949 0.7418159 0.4305085 0.7560473 0.4302785 0.1163841 0.04333519 0.1069685 0.04885184 0.09497755 0.03806811 0.4745052 0.4552938 0.4896995 0.4422882 0.4944759 0.4525991 0.7701778 0.4579289 0.7559218 0.4578281 0.7560473 0.4302785 0.5925837 0.4710454 0.5926638 0.45345 0.6024618 0.4502722 0.4864404 0.4745997 0.4802075 0.4648121 0.4944759 0.4525991 0.1675422 0.5067414 0.16731 0.479138 0.1815378 0.4792765 0.6127989 0.4674144 0.6023756 0.4691684 0.6024618 0.4502722 0.05936092 0.06930309 0.05013132 0.07833904 0.04312175 0.07351344 0.2632095 0.4858122 0.2628986 0.4618366 0.2754026 0.4645924 0.6862551 0.4341601 0.6862551 0.4095214 0.6998301 0.407641 0.5478103 0.5428787 0.5535448 0.5391346 0.5602926 0.5516468 0.0684961 0.06072509 0.05936092 0.06930309 0.0510106 0.06355446 0.2877421 0.4900548 0.2757036 0.4878123 0.2754026 0.4645924 0.7136517 0.4317937 0.6998301 0.4328436 0.6998301 0.407641 0.5559717 0.5544679 0.5602926 0.5516468 0.5672549 0.5640857 0.0684961 0.06072509 0.058838 0.05407613 0.06657308 0.04511594 0.2992774 0.4925311 0.2877421 0.4900548 0.287452 0.4676823 0.7136517 0.4317937 0.7136517 0.4061266 0.7276654 0.404984 0.5643648 0.5659727 0.5672549 0.5640857 0.5744044 0.5764022 0.08633965 0.04507678 0.07750087 0.052639 0.06657308 0.04511594 0.3102639 0.4952312 0.2992774 0.4925311 0.2989994 0.4710942 0.7418159 0.4305085 0.7276654 0.4310143 0.7276654 0.404984 0.08633965 0.04507678 0.07418525 0.0367093 0.08164459 0.02888923 0.4896995 0.4422882 0.4854164 0.4323357 0.5031838 0.4207352 0.7418159 0.4305085 0.7418159 0.4042178 0.7560473 0.4038311 0.1033805 0.03164076 0.09497755 0.03806811 0.08164459 0.02888923 0.4896995 0.4422882 0.506509 0.4313132 0.510261 0.4422928 0.7703036 0.4303249 0.7560473 0.4302785 0.7560473 0.4038311 0.5926638 0.45345 0.5926638 0.4365585 0.6024618 0.4321319 0.4944759 0.4525991 0.510261 0.4422928 0.5144251 0.4536306 0.16731 0.479138 0.1669664 0.4526406 0.1811949 0.4528313 0.6128906 0.447292 0.6024618 0.4502722 0.6024618 0.4321319 0.4997267 0.4632274 0.5144251 0.4536306 0.5189849 0.4652819 0.1956815 0.479691 0.1815378 0.4792765 0.1811949 0.4528313 0.6128906 0.447292 0.6128906 0.4279746 0.6239092 0.4241029 0.5115667 0.4852679 0.5054311 0.4741314 0.5189849 0.4652819 0.1956815 0.479691 0.1953406 0.4534025 0.2093478 0.4543521 0.6239092 0.4445212 0.6239092 0.4241029 0.6354742 0.4205322 0.5115667 0.4852679 0.5239225 0.4772007 0.529218 0.48934 0.02224141 0.1078304 0.01300007 0.1183259 0.01157575 0.1173454 0.223494 0.4813412 0.2096853 0.4803802 0.2093478 0.4543521 0.6354742 0.4419708 0.6354742 0.4205322 0.6475396 0.4172765 0.5250328 0.5080622 0.5181092 0.4965931 0.529218 0.48934 0.02224141 0.1078304 0.01939839 0.1058732 0.02728444 0.09471464 0.223494 0.4813412 0.2231612 0.4556763 0.2367264 0.4573698 0.6475396 0.4396508 0.6475396 0.4172765 0.6600582 0.4143486 0.5250328 0.5080622 0.5348509 0.5016518 0.5407989 0.5140877 0.03153485 0.09764075 0.02728444 0.09471464 0.03520262 0.08391386 0.2503091 0.4840626 0.2370531 0.4825703 0.2367264 0.4573698 0.6729803 0.4357377 0.6600582 0.4375704 0.6600582 0.4143486 0.5323103 0.51963 0.5407989 0.5140877 0.5470384 0.5265983 0.04084372 0.0877974 0.03520262 0.08391386 0.04312175 0.07351344 0.2503091 0.4840626 0.2499896 0.4594259 0.2628986 0.4618366 0.6862551 0.4341601 0.6729803 0.4357377 0.6729803 0.4117601 0.5399127 0.5312508 0.5470384 0.5265983 0.5535448 0.5391346 0.510261 0.4422928 0.5273138 0.4340559 0.5303041 0.4459607 0.1669664 0.4526406 0.1665169 0.427667 0.1807461 0.4279071 0.6128906 0.4279746 0.6024618 0.4321319 0.6023756 0.4150338 0.5144251 0.4536306 0.5303041 0.4459607 0.5336273 0.4582093 0.1953406 0.4534025 0.1811949 0.4528313 0.1807461 0.4279071 0.6128906 0.4279746 0.6127989 0.4097669 0.6238123 0.4048576 0.5239225 0.4772007 0.5189849 0.4652819 0.5336273 0.4582093 0.1953406 0.4534025 0.1948945 0.4286259 0.2089062 0.4298209 0.6354742 0.4205322 0.6239092 0.4241029 0.6238123 0.4048576 0.5239225 0.4772007 0.5372705 0.4707533 0.5412191 0.4835432 0.01939839 0.1058732 0.01157575 0.1173454 0.01003056 0.1165518 0.2231612 0.4556763 0.2093478 0.4543521 0.2089062 0.4298209 0.6354742 0.4205322 0.6353724 0.4003251 0.6474335 0.3961874 0.5348509 0.5016518 0.529218 0.48934 0.5412191 0.4835432 0.02728444 0.09471464 0.01939839 0.1058732 0.01631408 0.104289 0.2231612 0.4556763 0.2227258 0.4314873 0.2362987 0.4336185 0.6475396 0.4172765 0.6474335 0.3961874 0.6599479 0.3924608 0.5348509 0.5016518 0.5454576 0.4965286 0.5499693 0.5096582 0.02728444 0.09471464 0.02267318 0.09234625 0.02908265 0.08077061 0.2499896 0.4594259 0.2367264 0.4573698 0.2362987 0.4336185 0.6729803 0.4117601 0.6600582 0.4143486 0.6599479 0.3924608 0.5407989 0.5140877 0.5499693 0.5096582 0.5547363 0.52288 0.03520262 0.08391386 0.02908265 0.08077061 0.03551721 0.06960767 0.2499896 0.4594259 0.2495715 0.4362061 0.2624918 0.4392399 0.6862551 0.4095214 0.6729803 0.4117601 0.6728665 0.38916 0.5535448 0.5391346 0.5470384 0.5265983 0.5547363 0.52288 0.0510106 0.06355446 0.04312175 0.07351344 0.03551721 0.06960767 0.2628986 0.4618366 0.2624918 0.4392399 0.2750086 0.4427079 0.6862551 0.4095214 0.6861381 0.386298 0.6997104 0.3838862 0.5602926 0.5516468 0.5535448 0.5391346 0.55974 0.5361422 0.058838 0.05407613 0.0510106 0.06355446 0.04195147 0.0589016 0.287452 0.4676823 0.2754026 0.4645924 0.2750086 0.4427079 0.7136517 0.4061266 0.6998301 0.407641 0.6997104 0.3838862 0.5602926 0.5516468 0.5649604 0.5493921 0.5703771 0.5625776 0.058838 0.05407613 0.04836004 0.04869461 0.05471765 0.03902691 0.2989994 0.4710942 0.287452 0.4676823 0.2870724 0.4465965 0.7136517 0.4061266 0.7135298 0.381934 0.7275418 0.3804491 0.5672549 0.5640857 0.5703771 0.5625776 0.5759686 0.5756466 0.07418525 0.0367093 0.06657308 0.04511594 0.05471765 0.03902691 0.5002986 0.4106004 0.5204521 0.4008658 0.5223781 0.4114639 0.7418159 0.4042178 0.7276654 0.404984 0.7275418 0.3804491 0.07418525 0.0367093 0.06099915 0.02993685 0.06717985 0.02146005 0.506509 0.4313132 0.5031838 0.4207352 0.5223781 0.4114639 0.7418159 0.4042178 0.7416911 0.3794375 0.7559218 0.3789031 0.08892154 0.02168679 0.08164459 0.02888923 0.06717985 0.02146005 0.506509 0.4313132 0.5246683 0.4225418 0.5273138 0.4340559 0.7703036 0.4038252 0.7560473 0.4038311 0.7559218 0.3789031 0.09598749 0.01513022 0.08892154 0.02168679 0.07323533 0.01363015 0.03551721 0.06960767 0.02908265 0.08077061 0.02258032 0.07841718 0.2495715 0.4362061 0.2490615 0.4147692 0.2619954 0.4183782 0.6861381 0.386298 0.6728665 0.38916 0.6726406 0.3682937 0.5547363 0.52288 0.5628852 0.5201545 0.566298 0.5339487 0.04195147 0.0589016 0.03551721 0.06960767 0.02743756 0.06668335 0.2624918 0.4392399 0.2619954 0.4183782 0.2745279 0.4225038 0.6861381 0.386298 0.6859061 0.3648563 0.699473 0.3619537 0.55974 0.5361422 0.566298 0.5339487 0.5699017 0.5477395 0.04836004 0.04869461 0.04195147 0.0589016 0.0323264 0.05541795 0.2870724 0.4465965 0.2750086 0.4427079 0.2745279 0.4225038 0.7135298 0.381934 0.6997104 0.3838862 0.699473 0.3619537 0.5649604 0.5493921 0.5699017 0.5477395 0.5736821 0.5614722 0.04836004 0.04869461 0.03722757 0.04466533 0.04212164 0.03446793 0.5204521 0.4008658 0.518898 0.3907896 0.541163 0.3833427 0.7135298 0.381934 0.713288 0.3595974 0.7272966 0.3577965 0.5703771 0.5625776 0.5736821 0.5614722 0.5776243 0.5750929 0.06099915 0.02993685 0.05471765 0.03902691 0.04212164 0.03446793 0.5204521 0.4008658 0.541786 0.3937304 0.5426967 0.404668 0.7416911 0.3794375 0.7275418 0.3804491 0.7272966 0.3577965 0.06099915 0.02993685 0.04698932 0.02486616 0.05181151 0.01589769 0.5223781 0.4114639 0.5426967 0.404668 0.5438914 0.4161124 0.7416911 0.3794375 0.7414434 0.3565583 0.7556726 0.3558875 0.07323533 0.01363015 0.06717985 0.02146005 0.05181151 0.01589769 0.5246683 0.4225418 0.5438914 0.4161124 0.5453655 0.4280183 0.7701778 0.3788479 0.7559218 0.3789031 0.7556726 0.3558875 0.07323533 0.01363015 0.05656909 0.007598102 0.06124329 0 0.5273138 0.4340559 0.5453655 0.4280183 0.5471131 0.4403387 0.1665169 0.427667 0.1659682 0.4046111 0.1801986 0.4048966 0.6023756 0.4150338 0.6022048 0.3992474 0.612617 0.3929561 0.5303041 0.4459607 0.5471131 0.4403387 0.5491273 0.4530251 0.1948945 0.4286259 0.1807461 0.4279071 0.1801986 0.4048966 0.6238123 0.4048576 0.6127989 0.4097669 0.612617 0.3929561 0.5372705 0.4707533 0.5336273 0.4582093 0.5491273 0.4530251 0.1948945 0.4286259 0.1943503 0.4057518 0.2083673 0.4071733 0.6353724 0.4003251 0.6238123 0.4048576 0.62362 0.3870887 0.5372705 0.4707533 0.5514003 0.4660274 0.553923 0.4792942 0.01631408 0.104289 0.01003056 0.1165518 0.008388817 0.1159576 0.2227258 0.4314873 0.2089062 0.4298209 0.2083673 0.4071733 0.6353724 0.4003251 0.6351704 0.3816683 0.6472227 0.3767163 0.5454576 0.4965286 0.5412191 0.4835432 0.553923 0.4792942 0.01631408 0.104289 0.01303714 0.1031029 0.01777386 0.09057301 0.2227258 0.4314873 0.2221944 0.4091557 0.235777 0.411691 0.6474335 0.3961874 0.6472227 0.3767163 0.6597292 0.3722522 0.5454576 0.4965286 0.5566855 0.4927732 0.5596768 0.5064113 0.02908265 0.08077061 0.02267318 0.09234625 0.01777386 0.09057301 0.2495715 0.4362061 0.2362987 0.4336185 0.235777 0.411691 0.6728665 0.38916 0.6599479 0.3924608 0.6597292 0.3722522 0.5499693 0.5096582 0.5596768 0.5064113 0.5628852 0.5201545 0.5453655 0.4280183 0.5438914 0.4161124 0.5638749 0.4121264 0.7699282 0.3557868 0.7556726 0.3558875 0.7553039 0.3351473 0.347765 0.3938484 0.352883 0.3808998 0.3652193 0.3816844 0.5453655 0.4280183 0.5641312 0.4242751 0.5645871 0.4368532 0.1659682 0.4046111 0.1653293 0.3838365 0.179561 0.384163 0.347765 0.3938484 0.3610134 0.394691 0.3573775 0.4080381 0.5471131 0.4403387 0.5645871 0.4368532 0.5652405 0.4498111 0.1943503 0.4057518 0.1801986 0.4048966 0.179561 0.384163 0.339414 0.4207246 0.3432695 0.4071408 0.3573775 0.4080381 0.5514003 0.4660274 0.5491273 0.4530251 0.5652405 0.4498111 0.1943503 0.4057518 0.1937164 0.385141 0.2077397 0.3867666 0.3362139 0.4345463 0.339414 0.4207246 0.3543261 0.4216731 0.5514003 0.4660274 0.5660892 0.4630975 0.5671295 0.47666 0.01303714 0.1031029 0.008388817 0.1159576 0.006676435 0.1155722 0.2221944 0.4091557 0.2083673 0.4071733 0.2077397 0.3867666 0.3362139 0.4345463 0.3518711 0.4355422 0.3500224 0.4495905 0.553923 0.4792942 0.5671295 0.47666 0.5683575 0.4904451 0.01777386 0.09057301 0.01303714 0.1031029 0.009619116 0.1023337 0.2221944 0.4091557 0.2215756 0.3890337 0.2351694 0.3919331 0.3336818 0.4485511 0.3500224 0.4495905 0.3487871 0.4637627 0.5566855 0.4927732 0.5683575 0.4904451 0.5697683 0.5043984 0.01777386 0.09057301 0.01266378 0.08942288 0.01579827 0.0768907 0.2490615 0.4147692 0.235777 0.411691 0.2351694 0.3919331 0.3306587 0.476889 0.3318276 0.462684 0.3487871 0.4637627 0.5596768 0.5064113 0.5697683 0.5043984 0.5713564 0.5184649 0.02743756 0.06668335 0.02258032 0.07841718 0.01579827 0.0768907 0.2490615 0.4147692 0.2484675 0.3954535 0.2614173 0.3995808 0.6859061 0.3648563 0.6726406 0.3682937 0.6723063 0.3494903 0.5628852 0.5201545 0.5713564 0.5184649 0.5731154 0.5325889 0.0323264 0.05541795 0.02743756 0.06668335 0.0190103 0.06478661 0.2619954 0.4183782 0.2614173 0.3995808 0.273968 0.4042989 0.6859061 0.3648563 0.6855625 0.3455345 0.6991216 0.3421897 0.5699017 0.5477395 0.566298 0.5339487 0.5731154 0.5325889 0.03722757 0.04466533 0.0323264 0.05541795 0.02228718 0.0531584 0.541163 0.3833427 0.5408302 0.3735458 0.5648527 0.3687542 0.713288 0.3595974 0.699473 0.3619537 0.6991216 0.3421897 0.5699017 0.5477395 0.5750384 0.5467148 0.5771179 0.5607869 0.03722757 0.04466533 0.02561604 0.04205191 0.02898365 0.03151094 0.541786 0.3937304 0.541163 0.3833427 0.564309 0.3787258 0.713288 0.3595974 0.7129302 0.3394691 0.7269337 0.3373834 0.5736821 0.5614722 0.5771179 0.5607869 0.5793457 0.5747495 0.04698932 0.02486616 0.04212164 0.03446793 0.02898365 0.03151094 0.541786 0.3937304 0.563964 0.3893067 0.5638191 0.4004549 0.7414434 0.3565583 0.7272966 0.3577965 0.7269337 0.3373834 0.04698932 0.02486616 0.0323767 0.02157729 0.03578191 0.01228988 0.5426967 0.404668 0.5638191 0.4004549 0.5638749 0.4121264 0.7414434 0.3565583 0.7410768 0.335941 0.7553039 0.3351473 0.05656909 0.007598102 0.05181151 0.01589769 0.03578191 0.01228988 0.01266378 0.08942288 0.0074234 0.08891397 0.008843362 0.07621526 0.2484675 0.3954535 0.2351694 0.3919331 0.2344854 0.3746565 0.3481702 0.4780028 0.3487871 0.4637627 0.3677423 0.4635435 0.5697683 0.5043984 0.5800848 0.5036512 0.5800164 0.5178375 0.0190103 0.06478661 0.01579827 0.0768907 0.008843362 0.07621526 0.5665273 0.3507928 0.5925837 0.3489054 0.5909503 0.3575941 0.3481702 0.4780028 0.3677423 0.4777765 0.3682858 0.4920221 0.5713564 0.5184649 0.5800164 0.5178375 0.5800848 0.5320841 0.02228718 0.0531584 0.0190103 0.06478661 0.01036834 0.06394737 0.5655932 0.3594309 0.5909503 0.3575941 0.5894106 0.3669753 0.348174 0.4922547 0.3682858 0.4920221 0.3693708 0.5062242 0.5750384 0.5467148 0.5731154 0.5325889 0.5800848 0.5320841 0.02561604 0.04205191 0.02228718 0.0531584 0.01199221 0.05215859 0.564309 0.3787258 0.5648527 0.3687542 0.5894106 0.3669753 0.3500416 0.5205688 0.3487987 0.506462 0.3693708 0.5062242 0.5771179 0.5607869 0.5750384 0.5467148 0.5802897 0.5463345 0.02898365 0.03151094 0.02561604 0.04205191 0.01370865 0.04089552 0.563964 0.3893067 0.564309 0.3787258 0.5879706 0.3770119 0.3500416 0.5205688 0.3709928 0.5203266 0.3731456 0.5342737 0.5771179 0.5607869 0.5806303 0.5605325 0.5811053 0.574622 0.0323767 0.02157729 0.02898365 0.03151094 0.01551085 0.03020256 0.563964 0.3893067 0.5866361 0.3876644 0.5854122 0.3988907 0.3543604 0.5482585 0.351898 0.5345193 0.3731456 0.5342737 0.0323767 0.02157729 0.01739168 0.02012199 0.01934385 0.01069349 0.5638191 0.4004549 0.5854122 0.3988907 0.5843037 0.4106466 0.3543604 0.5482585 0.3758206 0.5480104 0.3790073 0.5614826 0.3652193 0.3816844 0.3699787 0.3690697 0.382693 0.3689227 0.5638749 0.4121264 0.5843037 0.4106466 0.5833151 0.4228855 0.3610622 0.5748872 0.3574192 0.5617322 0.3790073 0.5614826 0.3610134 0.394691 0.3652193 0.3816844 0.3790073 0.381525 0.5641312 0.4242751 0.5833151 0.4228855 0.5824504 0.4355593 0.3312043 0.5748872 0.3515449 0.5822504 0.3509591 0.5956854 0.3610134 0.394691 0.3758206 0.3945199 0.3731456 0.4078558 0.5645871 0.4368532 0.5824504 0.4355593 0.5817128 0.4486179 0.330779 0.6015865 0.3306587 0.5883368 0.3509591 0.5956854 0.3543261 0.4216731 0.3573775 0.4080381 0.3731456 0.4078558 0.5660892 0.4630975 0.5652405 0.4498111 0.5817128 0.4486179 0.330779 0.6015865 0.3509591 0.6088916 0.3515449 0.6218167 0.3518711 0.4355422 0.3543261 0.4216731 0.3709928 0.4214804 0.5660892 0.4630975 0.5811053 0.4620098 0.5806303 0.475682 0.009619116 0.1023337 0.006676435 0.1155722 0.004920423 0.1154016 0.2215756 0.3890337 0.2077397 0.3867666 0.2070333 0.3689227 0.3518711 0.4355422 0.3693708 0.4353398 0.3682858 0.4493793 0.5671295 0.47666 0.5806303 0.475682 0.5802897 0.4895808 0.009619116 0.1023337 0.006114065 0.1019933 0.0074234 0.08891397 0.2215756 0.3890337 0.220879 0.3714387 0.2344854 0.3746565 0.3500224 0.4495905 0.3682858 0.4493793 0.3677423 0.4635435 0.5683575 0.4904451 0.5802897 0.4895808 0.5800848 0.5036512 0.2213815 0.05014604 0.2431254 0.05072307 0.2411329 0.06247144 0.6334977 0.6706174 0.6288062 0.693587 0.6149467 0.6931375 0.7928797 0.7188346 0.8040102 0.7257999 0.8012307 0.7394084 0.2205615 0.06192547 0.2411329 0.06247144 0.2391909 0.07469761 0.6060051 0.6700112 0.6196662 0.670031 0.6149467 0.6931375 0.7812361 0.7122432 0.7928797 0.7188346 0.7898654 0.7335924 0.219873 0.07418495 0.2391909 0.07469761 0.2373071 0.08735352 0.7703037 0.5973756 0.7754818 0.5743197 0.7889163 0.5740798 0.7691254 0.7060518 0.7812361 0.7122432 0.777999 0.728092 0.2193191 0.08687609 0.2373071 0.08735352 0.2354889 0.1003891 0.7969268 0.5962349 0.7837484 0.5970901 0.7889163 0.5740798 0.7565952 0.7002848 0.7691254 0.7060518 0.7656782 0.7229291 0.2186224 0.1133517 0.2189016 0.09994888 0.2354889 0.1003891 0.7969268 0.5962349 0.8020641 0.5733608 0.8148732 0.5721659 0.743695 0.694965 0.7565952 0.7002848 0.7529516 0.7181239 0.2186224 0.1133517 0.2337434 0.1137529 0.2320776 0.1273922 0.4347274 0.4391016 0.4364477 0.4524526 0.4347274 0.4528799 0.8222777 0.592831 0.8097869 0.5948134 0.8148732 0.5721659 0.743695 0.694965 0.7398694 0.7136955 0.7264833 0.7096613 0.2184825 0.1409343 0.2184825 0.1270314 0.2320776 0.1273922 0.5843037 0.0690155 0.5833151 0.08212292 0.5797816 0.08230346 0.8222777 0.592831 0.8272932 0.5704994 0.8392748 0.5683683 0.730476 0.6901132 0.7264833 0.7096613 0.7128461 0.7060372 0.2184825 0.1409343 0.230498 0.1412532 0.2290108 0.1552812 0.5843037 0.0690155 0.5790209 0.06928533 0.5784008 0.05664396 0.8459565 0.5872175 0.8343502 0.5902958 0.8392748 0.5683683 0.7032904 0.6818888 0.71699 0.6857488 0.7128461 0.7060372 0.2186224 0.1550055 0.2290108 0.1552812 0.227622 0.1694207 0.5854122 0.05628579 0.5784008 0.05664396 0.5779239 0.04442924 0.2273262 0 0.2535645 6.96354e-4 0.2514405 0.009403705 0.6894312 0.6785487 0.7032904 0.6818888 0.6990116 0.7028377 0.2189016 0.1691893 0.227622 0.1694207 0.226337 0.1836161 0.5879706 0.0321592 0.5866361 0.04398417 0.5779239 0.04442924 0.2259063 0.00872606 0.2514405 0.009403705 0.2493262 0.01879847 0.6894312 0.6785487 0.6850345 0.7000751 0.6709698 0.6977605 0.219873 0.1976709 0.219319 0.1834298 0.226337 0.1836161 0.5879706 0.0321592 0.577592 0.03268939 0.5774065 0.0214706 0.2234032 0.02821105 0.2245968 0.01814216 0.2493262 0.01879847 0.6614534 0.6734783 0.6754671 0.6757414 0.6709698 0.6977605 0.219873 0.1976709 0.2251609 0.1978113 0.2240983 0.2119502 0.5894106 0.02085745 0.5774065 0.0214706 0.5773681 0.01081734 0.22233 0.03889304 0.2234032 0.02821105 0.2472301 0.0288434 0.6614534 0.6734783 0.6568731 0.6959031 0.6428 0.6945101 0.2205613 0.2118563 0.2240983 0.2119502 0.2231534 0.2259771 0.5925837 0 0.5909503 0.01012355 0.5773681 0.01081734 0.22233 0.03889304 0.2451605 0.03949892 0.2431254 0.05072307 0.6334977 0.6706174 0.6474451 0.6717679 0.6428 0.6945101 0.8145836 0.7331117 0.8120498 0.7455173 0.8012307 0.7394084 0.5797816 0.08230346 0.5762826 0.08291602 0.5737896 0.07020115 0.8272932 0.5704994 0.8314039 0.5463104 0.8433111 0.544617 0.7264833 0.7096613 0.7233106 0.7308129 0.7095533 0.7279899 0.2290108 0.1552812 0.230498 0.1412532 0.2424321 0.1430423 0.5790209 0.06928533 0.5737896 0.07020115 0.571458 0.05785942 0.850771 0.5657806 0.8392748 0.5683683 0.8433111 0.544617 0.6990116 0.7028377 0.7128461 0.7060372 0.7095533 0.7279899 0.2290108 0.1552812 0.2393289 0.1568281 0.2362834 0.1707192 0.5779239 0.04442924 0.5784008 0.05664396 0.571458 0.05785942 0.850771 0.5657806 0.854717 0.5425608 0.8655764 0.5401501 0.6850345 0.7000751 0.6990116 0.7028377 0.6956116 0.7255048 0.227622 0.1694207 0.2362834 0.1707192 0.2333075 0.1846611 0.577592 0.03268939 0.5779239 0.04442924 0.5692969 0.0459395 0.2514405 0.009403705 0.2768018 0.01320582 0.2738881 0.02248072 0.6850345 0.7000751 0.6815407 0.7233673 0.6673961 0.7215858 0.2251609 0.1978113 0.226337 0.1836161 0.2333075 0.1846611 0.577592 0.03268939 0.5673149 0.03448855 0.5655199 0.02355158 0.2472301 0.0288434 0.2493262 0.01879847 0.2738881 0.02248072 0.6568731 0.6959031 0.6709698 0.6977605 0.6673961 0.7215858 0.2240983 0.2119502 0.2251609 0.1978113 0.230413 0.1985986 0.5773681 0.01081734 0.5774065 0.0214706 0.5655199 0.02355158 0.2451605 0.03949892 0.2472301 0.0288434 0.2708957 0.03239125 0.6568731 0.6959031 0.6532335 0.7201675 0.639109 0.7191177 0.2240983 0.2119502 0.2276112 0.2124769 0.2249133 0.2262409 0.8120498 0.7455173 0.8222801 0.7518947 0.8204699 0.7639633 0.2451605 0.03949892 0.2678363 0.04289841 0.264722 0.0539608 0.6288062 0.693587 0.6428 0.6945101 0.639109 0.7191177 0.8120498 0.7455173 0.8100364 0.7589405 0.799022 0.7541333 0.2431254 0.05072307 0.264722 0.0539608 0.2615651 0.06553459 0.6288062 0.693587 0.6250782 0.7184409 0.6111965 0.7181395 0.7898654 0.7335924 0.8012307 0.7394084 0.799022 0.7541333 0.2391909 0.07469761 0.2411329 0.06247144 0.2615651 0.06553459 0.6012763 0.6931634 0.6149467 0.6931375 0.6111965 0.7181395 0.7898654 0.7335924 0.7874702 0.7495608 0.7754268 0.7452409 0.2373071 0.08735352 0.2391909 0.07469761 0.258378 0.07757413 0.7754818 0.5743197 0.7797258 0.5493461 0.793152 0.5491554 0.777999 0.728092 0.7754268 0.7452409 0.762939 0.7411908 0.2373071 0.08735352 0.2551735 0.09003198 0.2519639 0.102859 0.8020641 0.5733608 0.7889163 0.5740798 0.793152 0.5491554 0.7529516 0.7181239 0.7656782 0.7229291 0.762939 0.7411908 0.2337434 0.1137529 0.2354889 0.1003891 0.2519639 0.102859 0.8020641 0.5733608 0.8062747 0.5485842 0.8190421 0.5476346 0.7398694 0.7136955 0.7529516 0.7181239 0.7500563 0.7374264 0.2337434 0.1137529 0.2487621 0.1160045 0.2455806 0.1294165 0.5797816 0.08230346 0.5806801 0.09564691 0.5789272 0.09595382 0.8272932 0.5704994 0.8148732 0.5721659 0.8190421 0.5476346 0.7398694 0.7136955 0.7368294 0.7339625 0.7233106 0.7308129 0.2320776 0.1273922 0.2455806 0.1294165 0.2424321 0.1430423 0.2678363 0.04289841 0.2899999 0.04903793 0.2858307 0.05980807 0.6250782 0.7184409 0.639109 0.7191177 0.6364301 0.7452028 0.8100364 0.7589405 0.808575 0.7731696 0.797419 0.7697422 0.264722 0.0539608 0.2858307 0.05980807 0.2815357 0.07106661 0.6250782 0.7184409 0.6223725 0.7447869 0.6084747 0.7446426 0.7874702 0.7495608 0.799022 0.7541333 0.797419 0.7697422 0.2615651 0.06553459 0.2815357 0.07106661 0.2771317 0.08276903 0.5975186 0.7182148 0.6111965 0.7181395 0.6084747 0.7446426 0.7754268 0.7452409 0.7874702 0.7495608 0.7857319 0.7664878 0.258378 0.07757413 0.2771317 0.08276903 0.2726361 0.09486925 0.7797258 0.5493461 0.7829688 0.5228487 0.7963886 0.5227103 0.762939 0.7411908 0.7754268 0.7452409 0.7735599 0.7634193 0.2551735 0.09003198 0.2726361 0.09486925 0.2680667 0.1073196 0.8062747 0.5485842 0.793152 0.5491554 0.7963886 0.5227103 0.7500563 0.7374264 0.762939 0.7411908 0.760951 0.7605489 0.2487621 0.1160045 0.2519639 0.102859 0.2680667 0.1073196 0.8062747 0.5485842 0.8094921 0.5222957 0.8222277 0.5216066 0.7368294 0.7339625 0.7500563 0.7374264 0.747955 0.7578877 0.2487621 0.1160045 0.2634414 0.1200708 0.2587786 0.1330724 0.5762826 0.08291602 0.5789272 0.09595382 0.5772192 0.09647232 0.8314039 0.5463104 0.8190421 0.5476346 0.8222277 0.5216066 0.7368294 0.7339625 0.734623 0.7554463 0.721008 0.7532344 0.2424321 0.1430423 0.2455806 0.1294165 0.2587786 0.1330724 0.5737896 0.07020115 0.5762826 0.08291602 0.5728734 0.08395099 0.8314039 0.5463104 0.834545 0.5206455 0.8463954 0.5194165 0.7233106 0.7308129 0.721008 0.7532344 0.7071634 0.7512606 0.2393289 0.1568281 0.2424321 0.1430423 0.2540966 0.1462735 0.5737896 0.07020115 0.5686926 0.07174849 0.5646933 0.05991303 0.854717 0.5425608 0.8433111 0.544617 0.8463954 0.5194165 0.6956116 0.7255048 0.7095533 0.7279899 0.7071634 0.7512606 0.2393289 0.1568281 0.249414 0.1596217 0.2447491 0.1730643 0.5692969 0.0459395 0.571458 0.05785942 0.5646933 0.05991303 0.854717 0.5425608 0.8577323 0.5179241 0.8685108 0.5161745 0.6956116 0.7255048 0.693144 0.7495329 0.679005 0.748058 0.2362834 0.1707192 0.2447491 0.1730643 0.2401205 0.1865484 0.5673149 0.03448855 0.5692969 0.0459395 0.5608912 0.04849129 0.2768018 0.01320582 0.3015901 0.0200724 0.2978951 0.02913087 0.6815407 0.7233673 0.679005 0.748058 0.6648024 0.7468416 0.230413 0.1985986 0.2333075 0.1846611 0.2401205 0.1865484 0.5673149 0.03448855 0.5573014 0.03752845 0.553938 0.0270676 0.2708957 0.03239125 0.2738881 0.02248072 0.2978951 0.02913087 0.6532335 0.7201675 0.6673961 0.7215858 0.6648024 0.7468416 0.230413 0.1985986 0.2355464 0.2000207 0.2310448 0.213428 0.5655199 0.02355158 0.553938 0.0270676 0.5508144 0.0171501 0.2678363 0.04289841 0.2708957 0.03239125 0.2940266 0.03879874 0.6532335 0.7201675 0.650592 0.7458886 0.6364301 0.7452028 0.2276112 0.2124769 0.2310448 0.213428 0.2266335 0.2267175 0.8100364 0.7589405 0.8204699 0.7639633 0.8191561 0.7767565 0.5728734 0.08395099 0.5772192 0.09647232 0.5755831 0.09719425 0.834545 0.5206455 0.8222277 0.5216066 0.8243797 0.4944921 0.734623 0.7554463 0.7332852 0.7778081 0.7196117 0.7765722 0.2540966 0.1462735 0.2587786 0.1330724 0.2714634 0.1383024 0.5728734 0.08395099 0.5696076 0.08539205 0.5638101 0.07390296 0.834545 0.5206455 0.836667 0.4939094 0.848479 0.4931641 0.721008 0.7532344 0.7196117 0.7765722 0.7057143 0.7754824 0.2540966 0.1462735 0.2653076 0.1508958 0.2591069 0.163618 0.5686926 0.07174849 0.5638101 0.07390296 0.5582132 0.06277245 0.8577323 0.5179241 0.8463954 0.5194165 0.848479 0.4931641 0.693144 0.7495329 0.7071634 0.7512606 0.7057143 0.7754824 0.249414 0.1596217 0.2591069 0.163618 0.2528857 0.176419 0.5608912 0.04849129 0.5646933 0.05991303 0.5582132 0.06277245 0.8577323 0.5179241 0.8597693 0.4922592 0.8704931 0.4911983 0.679005 0.748058 0.693144 0.7495329 0.6916477 0.774543 0.2447491 0.1730643 0.2528857 0.176419 0.2466686 0.1892482 0.5573014 0.03752845 0.5608912 0.04849129 0.5528393 0.05204433 0.3015901 0.0200724 0.3254146 0.02989518 0.3209686 0.03864401 0.679005 0.748058 0.6774675 0.7737576 0.6632296 0.7731295 0.2355464 0.2000207 0.2401205 0.1865484 0.2466686 0.1892482 0.5573014 0.03752845 0.5477094 0.0417611 0.5428437 0.0319631 0.2940266 0.03879874 0.2978951 0.02913087 0.3209686 0.03864401 0.650592 0.7458886 0.6648024 0.7468416 0.6632296 0.7731295 0.2310448 0.213428 0.2355464 0.2000207 0.2404803 0.2020549 0.553938 0.0270676 0.5428437 0.0319631 0.5382615 0.02268922 0.2899999 0.04903793 0.2940266 0.03879874 0.3162581 0.04796475 0.650592 0.7458886 0.6489903 0.772661 0.6348057 0.772354 0.2310448 0.213428 0.2343449 0.2147886 0.2282868 0.2273991 0.808575 0.7731696 0.8191561 0.7767565 0.8183594 0.7900725 0.2899999 0.04903793 0.3113017 0.05782061 0.3061187 0.06817281 0.6223725 0.7447869 0.6364301 0.7452028 0.6348057 0.772354 0.808575 0.7731696 0.807689 0.7879803 0.796447 0.785989 0.2858307 0.05980807 0.3061187 0.06817281 0.3007297 0.07898026 0.6223725 0.7447869 0.6207318 0.7722097 0.6068243 0.7722287 0.7857319 0.7664878 0.797419 0.7697422 0.796447 0.785989 0.2815357 0.07106661 0.3007297 0.07898026 0.2951561 0.09020048 0.5947915 0.7447703 0.6084747 0.7446426 0.6068243 0.7722287 0.7857319 0.7664878 0.7846778 0.7841067 0.7724279 0.7823408 0.2726361 0.09486925 0.2771317 0.08276903 0.2951561 0.09020048 0.7829688 0.5228487 0.7851597 0.4952453 0.7985751 0.4951614 0.760951 0.7605489 0.7735599 0.7634193 0.7724279 0.7823408 0.2726361 0.09486925 0.2894197 0.1017891 0.2835432 0.1137006 0.8094921 0.5222957 0.7963886 0.5227103 0.7985751 0.4951614 0.747955 0.7578877 0.760951 0.7605489 0.7597455 0.7806981 0.2634414 0.1200708 0.2680667 0.1073196 0.2835432 0.1137006 0.8094921 0.5222957 0.8116657 0.49491 0.8243797 0.4944921 0.734623 0.7554463 0.747955 0.7578877 0.7466807 0.7791852 0.2634414 0.1200708 0.2775499 0.1258877 0.2714634 0.1383024 0.3113017 0.05782061 0.3162581 0.04796475 0.3372396 0.05974471 0.6489903 0.772661 0.6484536 0.8000623 0.6342614 0.800143 0.2343449 0.2147886 0.2374594 0.2165372 0.2298471 0.2282751 0.807689 0.7879803 0.8183594 0.7900725 0.8180924 0.8037014 0.3113017 0.05782061 0.3314056 0.06910794 0.3252658 0.07892292 0.6207318 0.7722097 0.6348057 0.772354 0.6342614 0.800143 0.807689 0.7879803 0.8073921 0.8031389 0.7961213 0.8026175 0.3061187 0.06817281 0.3252658 0.07892292 0.3188446 0.08915078 0.6207318 0.7722097 0.6201821 0.8002767 0.6062712 0.800463 0.7846778 0.7841067 0.796447 0.785989 0.7961213 0.8026175 0.2951561 0.09020048 0.3007297 0.07898026 0.3188446 0.08915078 0.5931378 0.772411 0.6068243 0.7722287 0.6062712 0.800463 0.7846778 0.7841067 0.7843245 0.8021395 0.7720485 0.8017066 0.2894197 0.1017891 0.2951561 0.09020048 0.3121671 0.09975123 0.7851597 0.4952453 0.7862638 0.4669713 0.799677 0.4669432 0.7724279 0.7823408 0.7720485 0.8017066 0.7593415 0.8013207 0.2894197 0.1017891 0.3052597 0.1106824 0.2981497 0.1219013 0.8116657 0.49491 0.7985751 0.4951614 0.799677 0.4669432 0.7466807 0.7791852 0.7597455 0.7806981 0.7593415 0.8013207 0.2775499 0.1258877 0.2835432 0.1137006 0.2981497 0.1219013 0.8116657 0.49491 0.8127611 0.466859 0.8254643 0.466719 0.7332852 0.7778081 0.7466807 0.7791852 0.7462538 0.8009831 0.2775499 0.1258877 0.2908652 0.1333636 0.2834349 0.1450238 0.5696076 0.08539205 0.5755831 0.09719425 0.5740447 0.09810829 0.836667 0.4939094 0.8243797 0.4944921 0.8254643 0.466719 0.7332852 0.7778081 0.7328369 0.8006953 0.7191438 0.8004583 0.2653076 0.1508958 0.2714634 0.1383024 0.2834349 0.1450238 0.5638101 0.07390296 0.5696076 0.08539205 0.5665369 0.08721643 0.836667 0.4939094 0.8377364 0.4665237 0.8495292 0.4662739 0.7196117 0.7765722 0.7191438 0.8004583 0.7052286 0.8002732 0.2653076 0.1508958 0.2758882 0.1568362 0.2682547 0.1687541 0.5638101 0.07390296 0.5592191 0.07663059 0.5521202 0.06639254 0.8597693 0.4922592 0.848479 0.4931641 0.8495292 0.4662739 0.6916477 0.774543 0.7057143 0.7754824 0.7052286 0.8002732 0.2591069 0.163618 0.2682547 0.1687541 0.2605648 0.1807304 0.5582132 0.06277245 0.5521202 0.06639254 0.5452681 0.05654257 0.8597693 0.4922592 0.8607959 0.4659707 0.8714922 0.4656152 0.6774675 0.7737576 0.6916477 0.774543 0.6911463 0.8001406 0.2528857 0.176419 0.2605648 0.1807304 0.2528486 0.1927179 0.5477094 0.0417611 0.5528393 0.05204433 0.5452681 0.05654257 0.8704931 0.4911983 0.8714922 0.4656152 0.8815758 0.4652088 0.6774675 0.7737576 0.6769523 0.8000611 0.6627026 0.8000349 0.2404803 0.2020549 0.2466686 0.1892482 0.2528486 0.1927179 0.5428437 0.0319631 0.5477094 0.0417611 0.53869 0.04711973 0.3162581 0.04796475 0.3209686 0.03864401 0.3427448 0.05087018 0.6489903 0.772661 0.6632296 0.7731295 0.6627026 0.8000349 0.2404803 0.2020549 0.2451366 0.2046692 0.2374594 0.2165372 0.5428437 0.0319631 0.5324118 0.03816103 0.5264583 0.02970188 0.8127611 0.466859 0.8127611 0.438585 0.8254643 0.4387251 0.7328369 0.8006953 0.7462538 0.8009831 0.7466807 0.8229376 0.2908652 0.1333636 0.3031772 0.1423803 0.2945045 0.1531306 0.5665369 0.08721643 0.5740447 0.09810829 0.5726282 0.09919995 0.8377364 0.4665237 0.8254643 0.466719 0.8254643 0.4387251 0.7328369 0.8006953 0.7332852 0.8237469 0.7196117 0.824516 0.2758882 0.1568362 0.2834349 0.1450238 0.2945045 0.1531306 0.5665369 0.08721643 0.5637096 0.08939546 0.5549921 0.07988834 0.8377364 0.4665237 0.8377364 0.4389203 0.8495292 0.4391701 0.7191438 0.8004583 0.7196117 0.824516 0.7057142 0.8252421 0.2758882 0.1568362 0.2856715 0.1640011 0.2767133 0.1749488 0.5592191 0.07663059 0.5549921 0.07988834 0.5465102 0.07071614 0.8607959 0.4659707 0.8495292 0.4662739 0.8495292 0.4391701 0.6911463 0.8001406 0.7052286 0.8002732 0.7057142 0.8252421 0.2682547 0.1687541 0.2767133 0.1749488 0.2676652 0.1859304 0.5521202 0.06639254 0.5465102 0.07071614 0.5382972 0.06191504 0.8607959 0.4659707 0.8607959 0.4394733 0.8714922 0.4398288 0.6911463 0.8001406 0.6916477 0.8259221 0.6774675 0.8265535 0.2605648 0.1807304 0.2676652 0.1859304 0.2585629 0.1969028 0.53869 0.04711973 0.5452681 0.05654257 0.5382972 0.06191504 0.8714922 0.4656152 0.8714922 0.4398288 0.8815758 0.4402352 0.6769523 0.8000611 0.6774675 0.8265535 0.6632296 0.8271337 0.2451366 0.2046692 0.2528486 0.1927179 0.2585629 0.1969028 0.5324118 0.03816103 0.53869 0.04711973 0.5303858 0.05351984 0.3372396 0.05974471 0.3427448 0.05087018 0.3628802 0.06561648 0.6484536 0.8000623 0.6627026 0.8000349 0.6632296 0.8271337 0.2451366 0.2046692 0.2494422 0.2078224 0.2403392 0.2186464 0.5324118 0.03816103 0.522807 0.04556351 0.5155907 0.03807753 0.3314056 0.06910794 0.3372396 0.05974471 0.3566402 0.07395291 0.6484536 0.8000623 0.6489903 0.8276604 0.6348057 0.8281316 0.2374594 0.2165372 0.2403392 0.2186464 0.2312899 0.2293318 0.8073921 0.8031389 0.8180924 0.8037014 0.8183594 0.8174281 0.3314056 0.06910794 0.3499949 0.08272194 0.3429704 0.09188896 0.6201821 0.8002767 0.6342614 0.800143 0.6348057 0.8281316 0.8073921 0.8031389 0.807689 0.8184064 0.796447 0.8193655 0.3252658 0.07892292 0.3429704 0.09188896 0.3355945 0.1014177 0.6201821 0.8002767 0.6207318 0.8285453 0.6068243 0.8289 0.7843245 0.8021395 0.7961213 0.8026175 0.796447 0.8193655 0.3121671 0.09975123 0.3188446 0.08915078 0.3355945 0.1014177 0.5925837 0.8007011 0.6062712 0.800463 0.6068243 0.8289 0.7843245 0.8021395 0.7846778 0.8203018 0.7724279 0.8212116 0.3052597 0.1106824 0.3121671 0.09975123 0.3278962 0.1112707 0.7862638 0.4669713 0.7862638 0.4384726 0.799677 0.4385008 0.7720485 0.8017066 0.7724279 0.8212116 0.7597455 0.8220914 0.3052597 0.1106824 0.3199061 0.1214089 0.3116555 0.1317924 0.8127611 0.466859 0.799677 0.4669432 0.799677 0.4385008 0.7462538 0.8009831 0.7593415 0.8013207 0.7597455 0.8220914 0.2908652 0.1333636 0.2981497 0.1219013 0.3116555 0.1317924 0.3628802 0.06561648 0.3810572 0.08265048 0.3741539 0.09036529 0.6489903 0.8276604 0.6632296 0.8271337 0.6648024 0.8539983 0.2494422 0.2078224 0.253329 0.2114648 0.242939 0.2210826 0.522807 0.04556351 0.5141805 0.05405384 0.5058302 0.04768401 0.3499949 0.08272194 0.3566402 0.07395291 0.3741539 0.09036529 0.6489903 0.8276604 0.650592 0.8550201 0.6364301 0.8558784 0.2403392 0.2186464 0.242939 0.2210826 0.2325924 0.2305523 0.807689 0.8184064 0.8183594 0.8174281 0.8191561 0.8310363 0.3429704 0.09188896 0.3499949 0.08272194 0.3667762 0.09844791 0.6207318 0.8285453 0.6348057 0.8281316 0.6364301 0.8558784 0.807689 0.8184064 0.808575 0.8335419 0.797419 0.8359687 0.3429704 0.09188896 0.3589529 0.1068665 0.3507153 0.1155877 0.6207318 0.8285453 0.6223725 0.8565698 0.6084747 0.8570915 0.7846778 0.8203018 0.796447 0.8193655 0.797419 0.8359687 0.3355945 0.1014177 0.3507153 0.1155877 0.3420957 0.1245771 0.5931378 0.8291944 0.6068243 0.8289 0.6084747 0.8570915 0.7846778 0.8203018 0.7857319 0.8383072 0.7735599 0.8405482 0.3199061 0.1214089 0.3278962 0.1112707 0.3420957 0.1245771 0.7862638 0.4384726 0.7851597 0.4101986 0.7985751 0.4102826 0.7597455 0.8220914 0.7724279 0.8212116 0.7735599 0.8405482 0.3199061 0.1214089 0.333128 0.1337994 0.3238478 0.143218 0.8127611 0.438585 0.799677 0.4385008 0.7985751 0.4102826 0.7466807 0.8229376 0.7597455 0.8220914 0.760951 0.8426827 0.3031772 0.1423803 0.3116555 0.1317924 0.3238478 0.143218 0.8127611 0.438585 0.8116657 0.410534 0.8243797 0.4109519 0.7466807 0.8229376 0.747955 0.8447024 0.734623 0.8465993 0.3031772 0.1423803 0.3142917 0.1527959 0.3044974 0.1624951 0.5637096 0.08939546 0.5726282 0.09919995 0.5713561 0.100452 0.8377364 0.4389203 0.8254643 0.4387251 0.8243797 0.4109519 0.7332852 0.8237469 0.734623 0.8465993 0.721008 0.8483659 0.2856715 0.1640011 0.2945045 0.1531306 0.3044974 0.1624951 0.5549921 0.07988834 0.5637096 0.08939546 0.5611703 0.09189468 0.8377364 0.4389203 0.836667 0.4115346 0.848479 0.4122799 0.7057142 0.8252421 0.7196117 0.824516 0.721008 0.8483659 0.2856715 0.1640011 0.2945034 0.1722776 0.2843493 0.1821045 0.5549921 0.07988834 0.5511957 0.08362489 0.5414716 0.07567518 0.8607959 0.4394733 0.8495292 0.4391701 0.848479 0.4122799 0.6916477 0.8259221 0.7057142 0.8252421 0.7071634 0.8499953 0.2767133 0.1749488 0.2843493 0.1821045 0.2740751 0.1919372 0.5382972 0.06191504 0.5465102 0.07071614 0.5414716 0.07567518 0.8714922 0.4398288 0.8607959 0.4394733 0.8597693 0.4131848 0.6916477 0.8259221 0.693144 0.8514809 0.679005 0.852817 0.2676652 0.1859304 0.2740751 0.1919372 0.2637214 0.2017369 0.5303858 0.05351984 0.5382972 0.06191504 0.5320364 0.06807708 0.8714922 0.4398288 0.8704931 0.4142457 0.8806082 0.4154586 0.6774675 0.8265535 0.679005 0.852817 0.6648024 0.8539983 0.2585629 0.1969028 0.2637214 0.2017369 0.253329 0.2114648 0.522807 0.04556351 0.5303858 0.05351984 0.5229275 0.06086045 0.8116657 0.410534 0.7985751 0.4102826 0.7963886 0.3827338 0.747955 0.8447024 0.760951 0.8426827 0.762939 0.8627698 0.3142917 0.1527959 0.3238478 0.143218 0.3345344 0.1559978 0.8116657 0.410534 0.8094921 0.3831483 0.8222277 0.3838375 0.747955 0.8447024 0.7500563 0.8659343 0.7368294 0.8688922 0.3142917 0.1527959 0.3240335 0.164446 0.3132561 0.1729696 0.5611703 0.09189468 0.5713561 0.100452 0.5702483 0.1018448 0.836667 0.4115346 0.8243797 0.4109519 0.8222277 0.3838375 0.734623 0.8465993 0.7368294 0.8688922 0.7233106 0.8716318 0.2945034 0.1722776 0.3044974 0.1624951 0.3132561 0.1729696 0.5511957 0.08362489 0.5611703 0.09189468 0.5589591 0.09467476 0.836667 0.4115346 0.834545 0.3847985 0.8463954 0.3860276 0.7071634 0.8499953 0.721008 0.8483659 0.7233106 0.8716318 0.2945034 0.1722776 0.3022444 0.181535 0.2910421 0.1901084 0.5511957 0.08362489 0.5478898 0.08778125 0.5370841 0.08119148 0.8597693 0.4131848 0.848479 0.4122799 0.8463954 0.3860276 0.693144 0.8514809 0.7071634 0.8499953 0.7095533 0.8741424 0.2843493 0.1821045 0.2910421 0.1901084 0.2796933 0.198656 0.5320364 0.06807708 0.5414716 0.07567518 0.5370841 0.08119148 0.8704931 0.4142457 0.8597693 0.4131848 0.8577323 0.3875199 0.693144 0.8514809 0.6956116 0.876414 0.6815407 0.8784375 0.2740751 0.1919372 0.2796933 0.198656 0.2682428 0.207144 0.5229275 0.06086045 0.5320364 0.06807708 0.5265845 0.07493144 0.8704931 0.4142457 0.8685108 0.3892695 0.8786883 0.3912696 0.679005 0.852817 0.6815407 0.8784375 0.6673961 0.8802052 0.253329 0.2114648 0.2637214 0.2017369 0.2682428 0.207144 0.5141805 0.05405384 0.5229275 0.06086045 0.5164327 0.06902593 0.3810572 0.08265048 0.3969893 0.1017034 0.3895046 0.1087229 0.650592 0.8550201 0.6648024 0.8539983 0.6673961 0.8802052 0.253329 0.2114648 0.2567358 0.2155389 0.2452177 0.2238076 0.5141805 0.05405384 0.5066686 0.06349813 0.4973307 0.05836993 0.3667762 0.09844791 0.3741539 0.09036529 0.3895046 0.1087229 0.650592 0.8550201 0.6532335 0.8817099 0.639109 0.8829458 0.242939 0.2210826 0.2452177 0.2238076 0.233734 0.2319175 0.808575 0.8335419 0.8191561 0.8310363 0.8204699 0.8443113 0.3589529 0.1068665 0.3667762 0.09844791 0.3814848 0.1160378 0.6223725 0.8565698 0.6364301 0.8558784 0.639109 0.8829458 0.808575 0.8335419 0.8100364 0.8483069 0.799022 0.8521655 0.3589529 0.1068665 0.3729616 0.1236192 0.3639686 0.1314371 0.6223725 0.8565698 0.6250782 0.883908 0.6111965 0.8845927 0.7857319 0.8383072 0.797419 0.8359687 0.799022 0.8521655 0.3507153 0.1155877 0.3639686 0.1314371 0.3545414 0.1394608 0.5947915 0.8574416 0.6084747 0.8570915 0.6111965 0.8845927 0.7857319 0.8383072 0.7874703 0.8558718 0.7754268 0.8594112 0.333128 0.1337994 0.3420957 0.1245771 0.3545414 0.1394608 0.7851597 0.4101986 0.7829688 0.3825953 0.7963886 0.3827338 0.760951 0.8426827 0.7735599 0.8405482 0.7754268 0.8594112 0.333128 0.1337994 0.344717 0.1476584 0.3345344 0.1559978 0.6956116 0.876414 0.7095533 0.8741424 0.7128461 0.8973025 0.2910421 0.1901084 0.2966863 0.1988343 0.2844313 0.2059807 0.5265845 0.07493144 0.5370841 0.08119148 0.5334166 0.08717793 0.8685108 0.3892695 0.8577323 0.3875199 0.854717 0.3628832 0.6956116 0.876414 0.6990116 0.9003279 0.6850345 0.9030109 0.2796933 0.198656 0.2844313 0.2059807 0.2720558 0.2130388 0.5164327 0.06902593 0.5265845 0.07493144 0.5220274 0.0823701 0.4039094 0.09500694 0.4177825 0.1164544 0.4104251 0.1224748 0.6815407 0.8784375 0.6850345 0.9030109 0.6709698 0.905341 0.2567358 0.2155389 0.2682428 0.207144 0.2720558 0.2130388 0.5066686 0.06349813 0.5164327 0.06902593 0.511004 0.07788741 0.3969893 0.1017034 0.4104251 0.1224748 0.4024501 0.1287363 0.6532335 0.8817099 0.6673961 0.8802052 0.6709698 0.905341 0.2567358 0.2155389 0.2596088 0.2199805 0.2471393 0.2267785 0.5066686 0.06349813 0.5003896 0.07374745 0.4902263 0.06996667 0.3814848 0.1160378 0.3895046 0.1087229 0.4024501 0.1287363 0.6532335 0.8817099 0.6568731 0.9073089 0.6428 0.9089071 0.2452177 0.2238076 0.2471393 0.2267785 0.2346967 0.2334059 0.8100364 0.8483069 0.8204699 0.8443113 0.8222801 0.8570438 0.3729616 0.1236192 0.3814848 0.1160378 0.393889 0.1352142 0.6250782 0.883908 0.639109 0.8829458 0.6428 0.9089071 0.8100364 0.8483069 0.8120498 0.8624684 0.8012307 0.8677002 0.3729616 0.1236192 0.3847754 0.141883 0.3751454 0.1487162 0.6250782 0.883908 0.6288062 0.910129 0.6149467 0.9109698 0.7874703 0.8558718 0.799022 0.8521655 0.8012307 0.8677002 0.3639686 0.1314371 0.3751454 0.1487162 0.365037 0.1556868 0.5975186 0.8849971 0.6111965 0.8845927 0.6149467 0.9109698 0.7874703 0.8558718 0.7898654 0.8727185 0.7779991 0.8775033 0.344717 0.1476584 0.3545414 0.1394608 0.365037 0.1556868 0.7829688 0.3825953 0.7797258 0.3560979 0.7931519 0.3562886 0.762939 0.8627698 0.7754268 0.8594112 0.7779991 0.8775033 0.344717 0.1476584 0.3544902 0.1627675 0.3435465 0.1699303 0.8094921 0.3831483 0.7963886 0.3827338 0.7931519 0.3562886 0.7500563 0.8659343 0.762939 0.8627698 0.7656782 0.882036 0.3240335 0.164446 0.3345344 0.1559978 0.3435465 0.1699303 0.8094921 0.3831483 0.8062747 0.3568598 0.8190421 0.3578094 0.7500563 0.8659343 0.7529516 0.8862984 0.7398694 0.890274 0.3240335 0.164446 0.332249 0.1771469 0.3206425 0.1843888 0.5589591 0.09467476 0.5702483 0.1018448 0.5693223 0.1033563 0.834545 0.3847985 0.8222277 0.3838375 0.8190421 0.3578094 0.7368294 0.8688922 0.7398694 0.890274 0.7264833 0.8939468 0.3022444 0.181535 0.3132561 0.1729696 0.3206425 0.1843888 0.5589591 0.09467476 0.5571107 0.09769177 0.5451264 0.09229183 0.834545 0.3847985 0.8314039 0.3591336 0.8433111 0.360827 0.7095533 0.8741424 0.7233106 0.8716318 0.7264833 0.8939468 0.3022444 0.181535 0.3087726 0.1916275 0.2966863 0.1988343 0.5478898 0.08778125 0.5451264 0.09229183 0.5334166 0.08717793 0.8577323 0.3875199 0.8463954 0.3860276 0.8433111 0.360827 0.7898654 0.8727185 0.8012307 0.8677002 0.8040102 0.882328 0.3751454 0.1487162 0.3840693 0.1671522 0.3734172 0.1729995 0.6012763 0.9114264 0.6149467 0.9109698 0.6196662 0.9358071 0.7898654 0.8727185 0.7928797 0.8885816 0.7812361 0.8945392 0.3544902 0.1627675 0.365037 0.1556868 0.3734172 0.1729995 0.7797258 0.3560979 0.7754817 0.3311243 0.7889163 0.3313643 0.7656782 0.882036 0.7779991 0.8775033 0.7812361 0.8945392 0.3544902 0.1627675 0.3622935 0.1788884 0.3507421 0.1847958 0.8062747 0.3568598 0.7931519 0.3562886 0.7889163 0.3313643 0.7529516 0.8862984 0.7656782 0.882036 0.7691254 0.9001773 0.332249 0.1771469 0.3435465 0.1699303 0.3507421 0.1847958 0.8062747 0.3568598 0.8020641 0.3320832 0.8148732 0.3332782 0.7529516 0.8862984 0.7565952 0.9054737 0.7436951 0.9104074 0.332249 0.1771469 0.3388085 0.1906983 0.3265401 0.1965726 0.5571107 0.09769177 0.5693223 0.1033563 0.5685927 0.1049627 0.8314039 0.3591336 0.8190421 0.3578094 0.8148732 0.3332782 0.7398694 0.890274 0.7436951 0.9104074 0.730476 0.9149591 0.3087726 0.1916275 0.3206425 0.1843888 0.3265401 0.1965726 0.5451264 0.09229183 0.5571107 0.09769177 0.5556546 0.1008982 0.8314039 0.3591336 0.8272931 0.3349446 0.8392748 0.3370758 0.7128461 0.8973025 0.7264833 0.8939468 0.730476 0.9149591 0.3087726 0.1916275 0.313985 0.2023957 0.3011928 0.2081443 0.5451264 0.09229183 0.5429493 0.09708565 0.5305272 0.09354013 0.854717 0.3628832 0.8433111 0.360827 0.8392748 0.3370758 0.6990116 0.9003279 0.7128461 0.8973025 0.71699 0.9191106 0.2966863 0.1988343 0.3011928 0.2081443 0.2882142 0.213796 0.5334166 0.08717793 0.5305272 0.09354013 0.5184371 0.09027564 0.8655764 0.3652939 0.854717 0.3628832 0.850771 0.3396633 0.6990116 0.9003279 0.7032904 0.9228457 0.6894312 0.9261496 0.2844313 0.2059807 0.2882142 0.213796 0.2751002 0.2193283 0.511004 0.07788741 0.5220274 0.0823701 0.5184371 0.09027564 0.4177825 0.1164544 0.4288593 0.139338 0.4211528 0.1446372 0.6850345 0.9030109 0.6894312 0.9261496 0.6754671 0.9290093 0.2596088 0.2199805 0.2720558 0.2130388 0.2751002 0.2193283 0.5003896 0.07374745 0.511004 0.07788741 0.5067269 0.08730512 0.4104251 0.1224748 0.4211528 0.1446372 0.4127863 0.1500899 0.6568731 0.9073089 0.6709698 0.905341 0.6754671 0.9290093 0.2596088 0.2199805 0.2619027 0.2247195 0.2486737 0.2299482 0.5003896 0.07374745 0.4954426 0.08464014 0.484629 0.08229136 0.393889 0.1352142 0.4024501 0.1287363 0.4127863 0.1500899 0.6568731 0.9073089 0.6614534 0.9314134 0.6474451 0.9333526 0.2471393 0.2267785 0.2486737 0.2299482 0.2354654 0.2349939 0.4805542 0.06656002 0.4902263 0.06996667 0.484629 0.08229136 0.3847754 0.141883 0.393889 0.1352142 0.4037929 0.1556748 0.6288062 0.910129 0.6428 0.9089071 0.6474451 0.9333526 0.8120498 0.8624684 0.8145836 0.8758032 0.8040102 0.882328 0.3847754 0.141883 0.3942079 0.1613698 0.3840693 0.1671522 0.6288062 0.910129 0.6334977 0.9348191 0.6196662 0.9358071 0.71699 0.9191106 0.730476 0.9149591 0.7352257 0.9343371 0.313985 0.2023957 0.3177993 0.2136699 0.3044906 0.2178919 0.5429493 0.09708565 0.5413928 0.102087 0.5284613 0.1001778 0.850771 0.3396633 0.8392748 0.3370758 0.8343501 0.3151482 0.7032904 0.9228457 0.71699 0.9191106 0.7219196 0.9392226 0.3011928 0.2081443 0.3044906 0.2178919 0.2909826 0.2219784 0.5184371 0.09027564 0.5305272 0.09354013 0.5284613 0.1001778 0.6675612 0.004751145 0.6806866 0 0.6815741 0.01687997 0.7032904 0.9228457 0.7083804 0.9436123 0.6946616 0.9474889 0.2882142 0.213796 0.2909826 0.2219784 0.2773281 0.2259134 0.5184371 0.09027564 0.5158701 0.09852349 0.5036689 0.09713059 0.4288593 0.139338 0.4369652 0.163297 0.4290031 0.167841 0.6894312 0.9261496 0.6946616 0.9474889 0.6808173 0.9508369 0.2619027 0.2247195 0.2751002 0.2193283 0.2773281 0.2259134 0.4954426 0.08464014 0.5067269 0.08730512 0.5036689 0.09713059 0.4211528 0.1446372 0.4290031 0.167841 0.4203501 0.1724469 0.6614534 0.9314134 0.6754671 0.9290093 0.6808173 0.9508369 0.2619027 0.2247195 0.2635813 0.2296811 0.2497965 0.2332669 0.4954426 0.08464014 0.4919057 0.09600448 0.4806271 0.09514963 0.4037929 0.1556748 0.4127863 0.1500899 0.4203501 0.1724469 0.6614534 0.9314134 0.6669021 0.9536433 0.6529709 0.955897 0.2486737 0.2299482 0.2497965 0.2332669 0.2360278 0.2366566 0.4743286 0.08026802 0.484629 0.08229136 0.4806271 0.09514963 0.3942079 0.1613698 0.4037929 0.1556748 0.4110404 0.1770968 0.6334977 0.9348191 0.6474451 0.9333526 0.6529709 0.955897 0.8145836 0.8758032 0.8175979 0.8881009 0.8073168 0.8958182 0.3942079 0.1613698 0.4011105 0.1817722 0.3905998 0.1864546 0.6334977 0.9348191 0.6390788 0.957589 0.6252806 0.9587126 0.7928797 0.8885816 0.8040102 0.882328 0.8073168 0.8958182 0.3840693 0.1671522 0.3905998 0.1864546 0.3795497 0.1911256 0.6060051 0.9363128 0.6196662 0.9358071 0.6252806 0.9587126 0.7928797 0.8885816 0.7964655 0.9032111 0.7850871 0.9102502 0.3622935 0.1788884 0.3734172 0.1729995 0.3795497 0.1911256 0.7754817 0.3311243 0.7703036 0.3080684 0.7837484 0.3083539 0.7691254 0.9001773 0.7812361 0.8945392 0.7850871 0.9102502 0.3622935 0.1788884 0.3680039 0.1957668 0.3560077 0.2003598 0.8020641 0.3320832 0.7889163 0.3313643 0.7837484 0.3083539 0.7565952 0.9054737 0.7691254 0.9001773 0.7732262 0.9169078 0.3388085 0.1906983 0.3507421 0.1847958 0.3560077 0.2003598 0.8020641 0.3320832 0.7969268 0.3092091 0.8097868 0.3106306 0.7565952 0.9054737 0.7609297 0.9231576 0.7482461 0.9289751 0.3388085 0.1906983 0.3436087 0.2048865 0.3308559 0.209329 0.5556546 0.1008982 0.5685927 0.1049627 0.5680711 0.1066386 0.8272931 0.3349446 0.8148732 0.3332782 0.8097868 0.3106306 0.7436951 0.9104074 0.7482461 0.9289751 0.7352257 0.9343371 0.313985 0.2023957 0.3265401 0.1965726 0.3308559 0.209329 0.5429493 0.09708565 0.5556546 0.1008982 0.5546134 0.1042433 0.8272931 0.3349446 0.8222777 0.312613 0.8343501 0.3151482 0.4698776 0.09456956 0.467271 0.1092391 0.4568402 0.1103583 0.4011105 0.1817722 0.4053743 0.2027686 0.3946337 0.2063189 0.02838706 0.3702272 0.0290209 0.390838 0.01486927 0.3899829 0.7964655 0.9032111 0.8073168 0.8958182 0.8110982 0.907958 0.3905998 0.1864546 0.3946337 0.2063189 0.3833377 0.2097795 0 0.3689227 0.01423162 0.3692492 0.01486927 0.3899829 0.7964655 0.9032111 0.8005663 0.9163761 0.7894909 0.9243884 0.3680039 0.1957668 0.3795497 0.1911256 0.3833377 0.2097795 0.7652691 0.004176855 0.7661772 0.02494144 0.7519292 0.02541172 0.7732262 0.9169078 0.7850871 0.9102502 0.7894909 0.9243884 0.3680039 0.1957668 0.3715311 0.2131365 0.3592603 0.2163769 0.7368211 0.005850255 0.7510228 0.004688084 0.7519292 0.02541172 0.7609297 0.9231576 0.7732262 0.9169078 0.7779158 0.9319635 0.3436087 0.2048865 0.3560077 0.2003598 0.3592603 0.2163769 0.7368211 0.005850255 0.7377221 0.02645117 0.7236122 0.02805572 0.7609297 0.9231576 0.7658867 0.9390714 0.7534509 0.9456841 0.3436087 0.2048865 0.3465738 0.2194877 0.3335217 0.2224568 0.5546134 0.1042433 0.5680711 0.1066386 0.5677657 0.1083576 0.7087754 0.01010704 0.7227201 0.007658898 0.7236122 0.02805572 0.7482461 0.9289751 0.7534509 0.9456841 0.7406576 0.9517754 0.3177993 0.2136699 0.3308559 0.209329 0.3335217 0.2224568 0.5413928 0.102087 0.5546134 0.1042433 0.5540037 0.1076747 0.7087754 0.01010704 0.709655 0.03021931 0.6959057 0.03293305 0.7219196 0.9392226 0.7352257 0.9343371 0.7406576 0.9517754 0.3177993 0.2136699 0.3201555 0.2252723 0.3065277 0.2279233 0.5413928 0.102087 0.5404813 0.107217 0.5272516 0.1069862 0.6815741 0.01687997 0.695042 0.01318472 0.6959057 0.03293305 0.7083804 0.9436123 0.7219196 0.9392226 0.7275572 0.9573214 0.3044906 0.2178919 0.3065277 0.2279233 0.2926926 0.2303991 0.5284613 0.1001778 0.5272516 0.1069862 0.5143669 0.1069836 0.668425 0.02117818 0.6815741 0.01687997 0.6824185 0.03618645 0.7083804 0.9436123 0.7142015 0.9623001 0.7006432 0.9666919 0.2773281 0.2259134 0.2909826 0.2219784 0.2926926 0.2303991 0.5158701 0.09852349 0.5143669 0.1069836 0.5018782 0.1072088 0.668425 0.02117818 0.6692467 0.03996658 0.6564423 0.04425853 0.6946616 0.9474889 0.7006432 0.9666919 0.6869358 0.9704795 0.2635813 0.2296811 0.2773281 0.2259134 0.2787043 0.2326902 0.4919057 0.09600448 0.5036689 0.09713059 0.5018782 0.1072088 0.6556465 0.02606236 0.6564423 0.04425853 0.6440557 0.04904532 0.6669021 0.9536433 0.6808173 0.9508369 0.6869358 0.9704795 0.2635813 0.2296811 0.2646183 0.2347873 0.25049 0.2366822 0.4919057 0.09600448 0.4898346 0.1076611 0.4782836 0.1083387 0.4110404 0.1770968 0.4203501 0.1724469 0.4250224 0.1954548 0.6669021 0.9536433 0.6731334 0.9736478 0.6592903 0.9761846 0.2497965 0.2332669 0.25049 0.2366822 0.2363753 0.2383676 0.4698776 0.09456956 0.4806271 0.09514963 0.4782836 0.1083387 0.4011105 0.1817722 0.4110404 0.1770968 0.4155172 0.1991424 0.6390788 0.957589 0.6529709 0.955897 0.6592903 0.9761846 0.7534509 0.9456841 0.7592271 0.960271 0.7466859 0.9669989 0.3201555 0.2252723 0.3335217 0.2224568 0.3344957 0.2357488 0.5404813 0.107217 0.5540037 0.1076747 0.5538352 0.1111379 0.709655 0.03021931 0.7104758 0.05254215 0.6967117 0.05485194 0.1091985 0.4075901 0.1212798 0.4122159 0.121743 0.4316827 0.3201555 0.2252723 0.3210162 0.23702 0.307272 0.2380802 0.5404813 0.107217 0.5402292 0.1123947 0.526917 0.1138581 0.6824185 0.03618645 0.6959057 0.03293305 0.6967117 0.05485194 0.09666609 0.4034645 0.1091985 0.4075901 0.1096792 0.4277942 0.2926926 0.2303991 0.3065277 0.2279233 0.307272 0.2380802 0.5143669 0.1069836 0.5272516 0.1069862 0.526917 0.1138581 0.6692467 0.03996658 0.6824185 0.03618645 0.6832065 0.05761486 0.09666609 0.4034645 0.09716242 0.4243261 0.08424216 0.4212923 0.2926926 0.2303991 0.2933173 0.2389252 0.2792071 0.2395517 0.5143669 0.1069836 0.5139513 0.1155224 0.501383 0.1173809 0.6692467 0.03996658 0.6700136 0.06081998 0.6571849 0.06445467 0.08373212 0.3998555 0.08424216 0.4212923 0.07096934 0.4187047 0.2646183 0.2347873 0.2787043 0.2326902 0.2792071 0.2395517 0.4898346 0.1076611 0.5018782 0.1072088 0.501383 0.1173809 0.6564423 0.04425853 0.6571849 0.06445467 0.6447712 0.06850445 0.05686503 0.3942419 0.07044762 0.3967772 0.07096934 0.4187047 0.2646183 0.2347873 0.2649971 0.2399573 0.2507434 0.2401403 0.4898346 0.1076611 0.4892618 0.1194264 0.4776356 0.1216506 0.6321359 0.05430817 0.6440557 0.04904532 0.6447712 0.06850445 0.05686503 0.3942419 0.05739635 0.4165735 0.04357677 0.4149071 0.25049 0.2366822 0.2507434 0.2401403 0.2365022 0.2401 0.467271 0.1092391 0.4782836 0.1083387 0.4776356 0.1216506 0.4053743 0.2027686 0.4155172 0.1991424 0.4171528 0.221464 0.0290209 0.390838 0.04303795 0.3922595 0.04357677 0.4149071 0.467271 0.1092391 0.4665504 0.1240451 0.4560495 0.1266001 0.4053743 0.2027686 0.406932 0.2240278 0.3961074 0.2264319 0.0290209 0.390838 0.02956515 0.4137122 0.0154168 0.4129933 0.4470322 0.1116923 0.4568402 0.1103583 0.4560495 0.1266001 0.3946337 0.2063189 0.3961074 0.2264319 0.3847217 0.2286668 6.38907e-4 0.3896974 0.01486927 0.3899829 0.0154168 0.4129933 0.8005663 0.9163761 0.8051174 0.927869 0.7943785 0.9367311 0.3715311 0.2131365 0.3833377 0.2097795 0.3847217 0.2286668 0.7661772 0.02494144 0.7670248 0.04798835 0.752775 0.04841309 0.7779158 0.9319635 0.7894909 0.9243884 0.7943785 0.9367311 0.3715311 0.2131365 0.3728198 0.2307237 0.3604487 0.2325944 0.7377221 0.02645117 0.7519292 0.02541172 0.752775 0.04841309 0.7658867 0.9390714 0.7779158 0.9319635 0.7831206 0.9451071 0.3465738 0.2194877 0.3592603 0.2163769 0.3604487 0.2325944 0.7377221 0.02645117 0.7385629 0.04931634 0.7244446 0.0506944 0.7658867 0.9390714 0.771388 0.952964 0.7592271 0.960271 0.3465738 0.2194877 0.3476571 0.2342717 0.3344957 0.2357488 0.5540037 0.1076747 0.5677657 0.1083576 0.5676813 0.1100926 0.709655 0.03021931 0.7236122 0.02805572 0.7244446 0.0506944 0.2507434 0.2401403 0.2505526 0.2435866 0.2364067 0.2418265 0.4665504 0.1240451 0.4776356 0.1216506 0.4786933 0.1348755 0.6213828 0.07778424 0.6328215 0.07295352 0.6334472 0.09315115 0.02956515 0.4137122 0.04357677 0.4149071 0.04401844 0.4394384 0.4665504 0.1240451 0.4677267 0.1387543 0.45734 0.1427356 0.406932 0.2240278 0.4057591 0.2452145 0.3949978 0.2464762 0.02956515 0.4137122 0.03001123 0.4384889 0.0158655 0.4379176 0.4461748 0.1293057 0.4560495 0.1266001 0.45734 0.1427356 0.3961074 0.2264319 0.3949978 0.2464762 0.3836797 0.2474897 0.001187443 0.4127534 0.0154168 0.4129933 0.0158655 0.4379176 0.4461748 0.1293057 0.4475743 0.1468039 0.438468 0.1509429 0.3728198 0.2307237 0.3847217 0.2286668 0.3836797 0.2474897 0.7670248 0.04798835 0.7677981 0.07295399 0.7535468 0.0733295 0.1547508 0.4457101 0.1645474 0.4511117 0.1648552 0.4682072 0.3728198 0.2307237 0.3718495 0.2482509 0.3595539 0.2487567 0.7385629 0.04931634 0.752775 0.04841309 0.7535468 0.0733295 0.1443234 0.4406584 0.1547508 0.4457101 0.1550785 0.4639151 0.3476571 0.2342717 0.3604487 0.2325944 0.3595539 0.2487567 0.7385629 0.04931634 0.7393302 0.07408511 0.7252043 0.07521784 0.1443234 0.4406584 0.1446698 0.4599009 0.13367 0.4561805 0.3476571 0.2342717 0.3468414 0.2490053 0.3337624 0.2489956 0.5538352 0.1111379 0.5676813 0.1100926 0.5678191 0.1118163 0.7104758 0.05254215 0.7244446 0.0506944 0.7252043 0.07521784 0.1333062 0.4359764 0.13367 0.4561805 0.1221227 0.4527686 0.3210162 0.23702 0.3344957 0.2357488 0.3337624 0.2489956 0.5402292 0.1123947 0.5538352 0.1111379 0.5541103 0.1145784 0.7104758 0.05254215 0.7112249 0.07672345 0.6974472 0.07859569 0.1096792 0.4277942 0.121743 0.4316827 0.1221227 0.4527686 0.3210162 0.23702 0.3203681 0.2487276 0.3067116 0.2482025 0.5402292 0.1123947 0.5406406 0.1175386 0.527463 0.120685 0.6832065 0.05761486 0.6967117 0.05485194 0.6974472 0.07859569 0.09716242 0.4243261 0.1096792 0.4277942 0.1100732 0.4496787 0.307272 0.2380802 0.3067116 0.2482025 0.2928469 0.2474222 0.5139513 0.1155224 0.526917 0.1138581 0.527463 0.120685 0.6700136 0.06081998 0.6832065 0.05761486 0.6839256 0.08082735 0.09716242 0.4243261 0.09756928 0.4469229 0.08466023 0.4445122 0.2933173 0.2389252 0.2928469 0.2474222 0.2788285 0.2463899 0.501383 0.1173809 0.5139513 0.1155224 0.5146297 0.1240053 0.6700136 0.06081998 0.6707133 0.0834096 0.6578626 0.08633226 0.08424216 0.4212923 0.08466023 0.4445122 0.07139694 0.442456 0.2649971 0.2399573 0.2792071 0.2395517 0.2788285 0.2463899 0.4892618 0.1194264 0.501383 0.1173809 0.5021912 0.1274864 0.6571849 0.06445467 0.6578626 0.08633226 0.6454242 0.08958363 0.05739635 0.4165735 0.07096934 0.4187047 0.07139694 0.442456 0.2649971 0.2399573 0.2647119 0.2451097 0.2505526 0.2435866 0.4892618 0.1194264 0.4901966 0.1311146 0.4786933 0.1348755 0.6328215 0.07295352 0.6447712 0.06850445 0.6454242 0.08958363 0.05739635 0.4165735 0.05783188 0.4407625 0.04401844 0.4394384 0.1446698 0.4599009 0.1449345 0.4803175 0.133948 0.4776173 0.3468414 0.2490053 0.3441397 0.2634561 0.3313333 0.2619881 0.5541103 0.1145784 0.5678191 0.1118163 0.5681771 0.1135015 0.7112249 0.07672345 0.7252043 0.07521784 0.7258792 0.1012394 0.13367 0.4561805 0.133948 0.4776173 0.1224127 0.4751411 0.3203681 0.2487276 0.3337624 0.2489956 0.3313333 0.2619881 0.5406406 0.1175386 0.5541103 0.1145784 0.5548249 0.1179421 0.7112249 0.07672345 0.7118904 0.102382 0.6981007 0.1037899 0.1100732 0.4496787 0.1221227 0.4527686 0.1224127 0.4751411 0.3203681 0.2487276 0.3182213 0.2602106 0.3048555 0.2581305 0.5406406 0.1175386 0.5417089 0.1225674 0.5288809 0.1273592 0.6839256 0.08082735 0.6974472 0.07859569 0.6981007 0.1037899 0.09756928 0.4469229 0.1100732 0.4496787 0.1103743 0.4728986 0.3067116 0.2482025 0.3048555 0.2581305 0.2912888 0.2557562 0.5146297 0.1240053 0.527463 0.120685 0.5288809 0.1273592 0.6707133 0.0834096 0.6839256 0.08082735 0.6845644 0.1054579 0.09756928 0.4469229 0.09788012 0.4708985 0.08497965 0.4691489 0.2928469 0.2474222 0.2912888 0.2557562 0.2775746 0.2530969 0.5021912 0.1274864 0.5146297 0.1240053 0.5163915 0.1322985 0.6707133 0.0834096 0.671335 0.1073791 0.6584647 0.1095462 0.08466023 0.4445122 0.08497965 0.4691489 0.07172369 0.4676566 0.2647119 0.2451097 0.2788285 0.2463899 0.2775746 0.2530969 0.4901966 0.1311146 0.5021912 0.1274864 0.5042901 0.1373659 0.6578626 0.08633226 0.6584647 0.1095462 0.6460043 0.1119505 0.05783188 0.4407625 0.07139694 0.442456 0.07172369 0.4676566 0.2647119 0.2451097 0.2637671 0.2501633 0.2499207 0.2469667 0.4901966 0.1311146 0.4926241 0.1425415 0.4814399 0.1478046 0.6334472 0.09315115 0.6454242 0.08958363 0.6460043 0.1119505 0.05783188 0.4407625 0.05816465 0.4664275 0.04435592 0.4654664 0.2505526 0.2435866 0.2499207 0.2469667 0.2360901 0.24352 0.4677267 0.1387543 0.4786933 0.1348755 0.4814399 0.1478046 0.6219788 0.09702056 0.6334472 0.09315115 0.6340031 0.1145826 0.03001123 0.4384889 0.04401844 0.4394384 0.04435592 0.4654664 0.4677267 0.1387543 0.4707816 0.1531345 0.4606911 0.1585103 0.6219788 0.09702056 0.6225082 0.1174321 0.6115651 0.1204875 0.03001123 0.4384889 0.03035211 0.4647773 0.01620841 0.4643628 0.4475743 0.1468039 0.45734 0.1427356 0.4606911 0.1585103 0.3949978 0.2464762 0.3913223 0.266136 0.3802281 0.2659514 0.001637101 0.4377269 0.0158655 0.4379176 0.01620841 0.4643628 0.4475743 0.1468039 0.4512084 0.1639108 0.4423708 0.1693145 0.3718495 0.2482509 0.3836797 0.2474897 0.3802281 0.2659514 0.7677981 0.07295399 0.7684852 0.09944474 0.7542325 0.09976798 0.1550785 0.4639151 0.1648552 0.4682072 0.1650904 0.486346 0.3718495 0.2482509 0.3686355 0.2654417 0.3565903 0.2646088 0.7393302 0.07408511 0.7535468 0.0733295 0.7542325 0.09976798 0.1446698 0.4599009 0.1550785 0.4639151 0.155329 0.4832308 0.3468414 0.2490053 0.3595539 0.2487567 0.3565903 0.2646088 0.7393302 0.07408511 0.7400118 0.100367 0.7258792 0.1012394 0.2637671 0.2501633 0.2621776 0.2550382 0.2488575 0.2502275 0.4926241 0.1425415 0.4965061 0.1535268 0.4858322 0.1602341 0.6340031 0.1145826 0.6460043 0.1119505 0.6465025 0.1352523 0.05816465 0.4664275 0.05838948 0.4931637 0.04458391 0.4925808 0.2499207 0.2469667 0.2488575 0.2502275 0.2355574 0.2451536 0.4707816 0.1531345 0.4814399 0.1478046 0.4858322 0.1602341 0.6225082 0.1174321 0.6340031 0.1145826 0.6344804 0.1369099 0.03035211 0.4647773 0.04435592 0.4654664 0.04458391 0.4925808 0.4707816 0.1531345 0.4756669 0.1669592 0.4660502 0.1736755 0.6225082 0.1174321 0.6229627 0.1386967 0.6119952 0.1406056 0.03035211 0.4647773 0.03058236 0.492163 0.01644003 0.4919116 0.4512084 0.1639108 0.4606911 0.1585103 0.4660502 0.1736755 0.3913223 0.266136 0.3851388 0.2851009 0.3744214 0.2837607 0.001980662 0.4642243 0.01620841 0.4643628 0.01644003 0.4919116 0.4512084 0.1639108 0.45702 0.1803566 0.448612 0.1869761 0.3686355 0.2654417 0.3802281 0.2659514 0.3744214 0.2837607 0.7684852 0.09944474 0.7690752 0.1270428 0.7548214 0.1273115 0.155329 0.4832308 0.1650904 0.486346 0.1652492 0.5052418 0.3686355 0.2654417 0.3632286 0.282025 0.3516044 0.2799007 0.7400118 0.100367 0.7542325 0.09976798 0.7548214 0.1273115 0.1449345 0.4803175 0.155329 0.4832308 0.1554982 0.5033528 0.3441397 0.2634561 0.3565903 0.2646088 0.3516044 0.2799007 0.7400118 0.100367 0.7405971 0.1277474 0.7264587 0.1283486 0.1449345 0.4803175 0.1451134 0.5015863 0.1341357 0.4999489 0.3441397 0.2634561 0.3395946 0.2773963 0.3272469 0.2745215 0.5548249 0.1179421 0.5681771 0.1135015 0.5687496 0.1151215 0.7118904 0.102382 0.7258792 0.1012394 0.7264587 0.1283486 0.133948 0.4776173 0.1341357 0.4999489 0.1226087 0.4984474 0.3182213 0.2602106 0.3313333 0.2619881 0.3272469 0.2745215 0.5417089 0.1225674 0.5548249 0.1179421 0.5559676 0.1211758 0.7118904 0.102382 0.7124618 0.1291129 0.6986618 0.1300371 0.1103743 0.4728986 0.1224127 0.4751411 0.1226087 0.4984474 0.3182213 0.2602106 0.3146096 0.2712877 0.3017329 0.2677077 0.5417089 0.1225674 0.5434173 0.127402 0.5311483 0.1337755 0.6845644 0.1054579 0.6981007 0.1037899 0.6986618 0.1300371 0.09788012 0.4708985 0.1103743 0.4728986 0.1105777 0.4970875 0.3048555 0.2581305 0.3017329 0.2677077 0.2886676 0.2637956 0.5163915 0.1322985 0.5288809 0.1273592 0.5311483 0.1337755 0.671335 0.1073791 0.6845644 0.1054579 0.685113 0.1311178 0.09788012 0.4708985 0.09809017 0.4958748 0.08519548 0.4948138 0.2912888 0.2557562 0.2886676 0.2637956 0.2754651 0.2595669 0.5042901 0.1373659 0.5163915 0.1322985 0.5192089 0.1402714 0.671335 0.1073791 0.6718688 0.1323506 0.6589818 0.1337305 0.08497965 0.4691489 0.08519548 0.4948138 0.07194447 0.4939089 0.2637671 0.2501633 0.2775746 0.2530969 0.2754651 0.2595669 0.4926241 0.1425415 0.5042901 0.1373659 0.5076463 0.1468638 0.6584647 0.1095462 0.6589818 0.1337305 0.6465025 0.1352523 0.05816465 0.4664275 0.07172369 0.4676566 0.07194447 0.4939089 0.1451134 0.5015863 0.1554982 0.5033528 0.1555835 0.5239637 0.3395946 0.2773963 0.3516044 0.2799007 0.344675 0.2943913 0.7405971 0.1277474 0.7410769 0.1557945 0.7269337 0.1561179 0.1451134 0.5015863 0.1452035 0.5233718 0.1342304 0.522823 0.3395946 0.2773963 0.3332777 0.290606 0.3215674 0.2863981 0.5559676 0.1211758 0.5687496 0.1151215 0.5695275 0.1166509 0.7124618 0.1291129 0.7264587 0.1283486 0.7269337 0.1561179 0.1341357 0.4999489 0.1342304 0.522823 0.1227074 0.5223199 0.3146096 0.2712877 0.3272469 0.2745215 0.3215674 0.2863981 0.5434173 0.127402 0.5559676 0.1211758 0.5575204 0.1242284 0.7124618 0.1291129 0.7129302 0.1564948 0.6991217 0.1569236 0.1105777 0.4970875 0.1226087 0.4984474 0.1227074 0.5223199 0.3146096 0.2712877 0.3095901 0.2817844 0.297393 0.276783 0.5434173 0.127402 0.5457389 0.1319659 0.5342295 0.1398328 0.685113 0.1311178 0.6986618 0.1300371 0.6991217 0.1569236 0.09809017 0.4958748 0.1105777 0.4970875 0.1106802 0.5218642 0.3017329 0.2677077 0.297393 0.276783 0.2850245 0.2714138 0.5192089 0.1402714 0.5311483 0.1337755 0.5342295 0.1398328 0.6718688 0.1323506 0.685113 0.1311178 0.6855625 0.1574027 0.09809017 0.4958748 0.09819602 0.5214579 0.0853042 0.5211023 0.2886676 0.2637956 0.2850245 0.2714138 0.2725332 0.2656978 0.5076463 0.1468638 0.5192089 0.1402714 0.5230375 0.147798 0.6718688 0.1323506 0.6723064 0.1579301 0.6594055 0.1585038 0.08519548 0.4948138 0.0853042 0.5211023 0.07205569 0.5207991 0.2621776 0.2550382 0.2754651 0.2595669 0.2725332 0.2656978 0.4965061 0.1535268 0.5076463 0.1468638 0.5122072 0.15583 0.6589818 0.1337305 0.6594055 0.1585038 0.6469107 0.1591215 0.05838948 0.4931637 0.07194447 0.4939089 0.07205569 0.5207991 0.2621776 0.2550382 0.2599685 0.2596577 0.24738 0.2533172 0.4965061 0.1535268 0.5017814 0.1638973 0.4918009 0.171968 0.6344804 0.1369099 0.6465025 0.1352523 0.6469107 0.1591215 0.05838948 0.4931637 0.05850273 0.5205494 0.04469883 0.520354 0.2488575 0.2502275 0.24738 0.2533172 0.2348172 0.2467015 0.4756669 0.1669592 0.4858322 0.1602341 0.4918009 0.171968 0.6229627 0.1386967 0.6344804 0.1369099 0.6348716 0.1597809 0.03058236 0.492163 0.04458391 0.4925808 0.04469883 0.520354 0.4756669 0.1669592 0.4823056 0.1800101 0.4733325 0.187992 0.6229627 0.1386967 0.6233353 0.1604791 0.6123477 0.1612136 0.03058236 0.492163 0.03069841 0.520214 0.01655679 0.5201298 0.45702 0.1803566 0.4660502 0.1736755 0.4733325 0.187992 0.6119952 0.1406056 0.6123477 0.1612136 0.6019518 0.1619814 0.002212762 0.4918277 0.01644003 0.4919116 0.01655679 0.5201298 0.45702 0.1803566 0.4649174 0.1958822 0.4570933 0.2036494 0.3632286 0.282025 0.3744214 0.2837607 0.3663513 0.3006368 0.7690752 0.1270428 0.7695587 0.1553128 0.7553039 0.1555258 0.1554982 0.5033528 0.1652492 0.5052418 0.1653293 0.5245966 0.3632286 0.282025 0.355714 0.2977394 0.344675 0.2943913 0.7405971 0.1277474 0.7548214 0.1273115 0.7553039 0.1555258 0.2599685 0.2596577 0.2725332 0.2656978 0.2688254 0.271393 0.5017814 0.1638973 0.5122072 0.15583 0.5179008 0.1641234 0.6594055 0.1585038 0.6597293 0.1834753 0.6472227 0.1831818 0.05850273 0.5205494 0.07205569 0.5207991 0.07205569 0.547903 0.2599685 0.2596577 0.2571747 0.2639489 0.2455112 0.2561875 0.5017814 0.1638973 0.5083666 0.1734896 0.4992519 0.1828212 0.6348716 0.1597809 0.6469107 0.1591215 0.6472227 0.1831818 0.05850273 0.5205494 0.05850273 0.5481527 0.04469883 0.548348 0.24738 0.2533172 0.2455112 0.2561875 0.233881 0.2481395 0.4823056 0.1800101 0.4918009 0.171968 0.4992519 0.1828212 0.6233353 0.1604791 0.6348716 0.1597809 0.6351705 0.1828348 0.03069841 0.520214 0.04469883 0.520354 0.04469883 0.548348 0.4823056 0.1800101 0.4905929 0.1920815 0.4824234 0.201234 0.6233353 0.1604791 0.62362 0.1824359 0.612617 0.1819865 0.03069841 0.520214 0.03069841 0.548488 0.01655679 0.5485723 0.4649174 0.1958822 0.4733325 0.187992 0.4824234 0.201234 0.6123477 0.1612136 0.612617 0.1819865 0.6022048 0.1814885 0.002329707 0.5201017 0.01655679 0.5201298 0.01655679 0.5485723 0.4649174 0.1958822 0.474776 0.2102425 0.4676808 0.2190713 0.355714 0.2977394 0.3663513 0.3006368 0.3561449 0.3163135 0.7695587 0.1553128 0.7699282 0.1838092 0.7556727 0.1839659 0.4570933 0.2036494 0.4676808 0.2190713 0.4611656 0.2276858 0.355714 0.2977394 0.3462101 0.3123369 0.3359112 0.3078521 0.7410769 0.1557945 0.7553039 0.1555258 0.7556727 0.1839659 0.1452035 0.5233718 0.1555835 0.5239637 0.1555835 0.5447384 0.3332777 0.290606 0.344675 0.2943913 0.3359112 0.3078521 0.7410769 0.1557945 0.7414435 0.1840661 0.7272967 0.1841095 0.1452035 0.5233718 0.1452035 0.5453304 0.1342304 0.545879 0.3332777 0.290606 0.3252886 0.3028768 0.3143846 0.2974307 0.5575204 0.1242284 0.5695275 0.1166509 0.5704987 0.1180654 0.7129302 0.1564948 0.7269337 0.1561179 0.7272967 0.1841095 0.1342304 0.522823 0.1342304 0.545879 0.1227074 0.5463821 0.3095901 0.2817844 0.3215674 0.2863981 0.3143846 0.2974307 0.5457389 0.1319659 0.5575204 0.1242284 0.5594589 0.127052 0.7129302 0.1564948 0.7132881 0.1840959 0.699473 0.1840252 0.1106802 0.5218642 0.1227074 0.5223199 0.1227074 0.5463821 0.3095901 0.2817844 0.3032418 0.2915351 0.2919044 0.2852134 0.5457389 0.1319659 0.548637 0.1361874 0.5380758 0.1454355 0.6855625 0.1574027 0.6991217 0.1569236 0.699473 0.1840252 0.09819602 0.5214579 0.1106802 0.5218642 0.1106802 0.5468378 0.297393 0.276783 0.2919044 0.2852134 0.2804172 0.2784906 0.5230375 0.147798 0.5342295 0.1398328 0.5380758 0.1454355 0.6723064 0.1579301 0.6855625 0.1574027 0.6859061 0.1838979 0.09819602 0.5214579 0.09819602 0.5472442 0.0853042 0.5475997 0.2850245 0.2714138 0.2804172 0.2784906 0.2688254 0.271393 0.5122072 0.15583 0.5230375 0.147798 0.5278168 0.1547597 0.6723064 0.1579301 0.6726407 0.1837143 0.6597293 0.1834753 0.0853042 0.5211023 0.0853042 0.5475997 0.07205569 0.547903 0.4676808 0.2190713 0.4802075 0.2329986 0.4745051 0.2425169 0.3462101 0.3123369 0.334867 0.3255874 0.3254514 0.3200708 0.7414435 0.1840661 0.7556727 0.1839659 0.7559218 0.2121832 0.1452035 0.5453304 0.1555835 0.5447384 0.1554982 0.5653492 0.3252886 0.3028768 0.3359112 0.3078521 0.3254514 0.3200708 0.7414435 0.1840661 0.7416911 0.2121163 0.7275418 0.2118818 0.1452035 0.5453304 0.1451134 0.5671159 0.1341357 0.5687531 0.3252886 0.3028768 0.3157534 0.3140153 0.3058116 0.3074452 0.5594589 0.127052 0.5704987 0.1180654 0.5716477 0.1193429 0.7132881 0.1840959 0.7272967 0.1841095 0.7275418 0.2118818 0.1342304 0.545879 0.1341357 0.5687531 0.1226087 0.5702546 0.3032418 0.2915351 0.3143846 0.2974307 0.3058116 0.3074452 0.548637 0.1361874 0.5594589 0.127052 0.5617524 0.129602 0.7132881 0.1840959 0.7135298 0.2114807 0.6997104 0.2109145 0.1106802 0.5468378 0.1227074 0.5463821 0.1226087 0.5702546 0.3032418 0.2915351 0.2956649 0.300386 0.2853535 0.2928658 0.548637 0.1361874 0.552066 0.1399997 0.5426266 0.1504951 0.6859061 0.1838979 0.699473 0.1840252 0.6997104 0.2109145 0.09819602 0.5472442 0.1106802 0.5468378 0.1105777 0.5716145 0.2919044 0.2852134 0.2853535 0.2928658 0.2749181 0.2849143 0.5278168 0.1547597 0.5380758 0.1454355 0.5426266 0.1504951 0.6726407 0.1837143 0.6859061 0.1838979 0.6861382 0.2101855 0.09819602 0.5472442 0.09809017 0.5728273 0.08519548 0.5738882 0.2804172 0.2784906 0.2749181 0.2849143 0.2643998 0.2765626 0.5179008 0.1641234 0.5278168 0.1547597 0.5334717 0.1610468 0.6726407 0.1837143 0.6728665 0.2092966 0.659948 0.2082512 0.0853042 0.5475997 0.08519548 0.5738882 0.07194447 0.5747931 0.2571747 0.2639489 0.2688254 0.271393 0.2643998 0.2765626 0.5083666 0.1734896 0.5179008 0.1641234 0.5246372 0.171613 0.6597293 0.1834753 0.659948 0.2082512 0.6474335 0.2070536 0.05850273 0.5481527 0.07205569 0.547903 0.07194447 0.5747931 0.2571747 0.2639489 0.2538402 0.2678441 0.2432809 0.2587929 0.5083666 0.1734896 0.5161581 0.1821522 0.5080677 0.1926227 0.6351705 0.1828348 0.6472227 0.1831818 0.6474335 0.2070536 0.05850273 0.5481527 0.05838942 0.5755384 0.04458391 0.5761212 0.2455112 0.2561875 0.2432809 0.2587929 0.2327637 0.2494447 0.4905929 0.1920815 0.4992519 0.1828212 0.5080677 0.1926227 0.62362 0.1824359 0.6351705 0.1828348 0.6353724 0.2057083 0.03069841 0.548488 0.04469883 0.548348 0.04458391 0.5761212 0.4905929 0.1920815 0.5003982 0.2029831 0.4931795 0.2131927 0.62362 0.1824359 0.6238123 0.2042207 0.6127989 0.2025967 0.03069841 0.548488 0.03058236 0.576539 0.01644003 0.5767904 0.474776 0.2102425 0.4824234 0.201234 0.4931795 0.2131927 0.6022048 0.1814885 0.612617 0.1819865 0.6127989 0.2025967 0.002329707 0.5486004 0.01655679 0.5485723 0.01644003 0.5767904 0.4676808 0.2190713 0.474776 0.2102425 0.4864404 0.2232111 0.3561449 0.3163135 0.3439631 0.3305435 0.334867 0.3255874 0.7699282 0.1838092 0.7701778 0.2120823 0.7559218 0.2121832 0.2749181 0.2849143 0.2686141 0.2905836 0.2593265 0.2811253 0.5246372 0.171613 0.5334717 0.1610468 0.5399127 0.16656 0.6728665 0.2092966 0.6729804 0.2342735 0.6600582 0.2324408 0.08519548 0.5738882 0.08497965 0.5995531 0.07172369 0.6010454 0.2538402 0.2678441 0.2643998 0.2765626 0.2593265 0.2811253 0.5161581 0.1821522 0.5246372 0.171613 0.5323102 0.1781808 0.6474335 0.2070536 0.659948 0.2082512 0.6600582 0.2324408 0.05838942 0.5755384 0.07194447 0.5747931 0.07172369 0.6010454 0.2538402 0.2678441 0.2500176 0.2712818 0.2407241 0.2610923 0.5161581 0.1821522 0.5250328 0.1897486 0.5181092 0.2012177 0.6353724 0.2057083 0.6474335 0.2070536 0.6475397 0.2303604 0.05838942 0.5755384 0.05816465 0.6022745 0.04435592 0.6032356 0.2432809 0.2587929 0.2407241 0.2610923 0.2314827 0.2505967 0.5003982 0.2029831 0.5080677 0.1926227 0.5181092 0.2012177 0.6238123 0.2042207 0.6353724 0.2057083 0.6354742 0.2280404 0.03058236 0.576539 0.04458391 0.5761212 0.04435592 0.6032356 0.5003982 0.2029831 0.5115667 0.2125428 0.5054311 0.2236794 0.6238123 0.2042207 0.6239092 0.22549 0.6128907 0.2227192 0.03058236 0.576539 0.03035211 0.6039248 0.01620841 0.6043393 0.4864404 0.2232111 0.4931795 0.2131927 0.5054311 0.2236794 0.6023757 0.2008427 0.6127989 0.2025967 0.6128907 0.2227192 0.002212762 0.5768744 0.01644003 0.5767904 0.01620841 0.6043393 0.4864404 0.2232111 0.4997266 0.2345834 0.4944759 0.2452117 0.6023757 0.2008427 0.6024618 0.219739 0.5926638 0.2165612 0.7701778 0.2120823 0.7703036 0.2396863 0.7560474 0.2397328 0.4802075 0.2329986 0.4944759 0.2452117 0.4896995 0.2555226 0.334867 0.3255874 0.3218634 0.3372818 0.3134604 0.3308545 0.7416911 0.2121163 0.7559218 0.2121832 0.7560474 0.2397328 0.1451134 0.5671159 0.1554982 0.5653492 0.155329 0.5854712 0.3157534 0.3140153 0.3254514 0.3200708 0.3134604 0.3308545 0.7416911 0.2121163 0.7418159 0.2395027 0.7276654 0.2389969 0.1451134 0.5671159 0.1449345 0.5883846 0.1339479 0.5910847 0.3157534 0.3140153 0.3048225 0.3238459 0.2959837 0.3162837 0.5617524 0.129602 0.5716477 0.1193429 0.5729565 0.1204632 0.7135298 0.2114807 0.7275418 0.2118818 0.7276654 0.2389969 0.1341357 0.5687531 0.1339479 0.5910847 0.1224127 0.5935609 0.2956649 0.300386 0.3058116 0.3074452 0.2959837 0.3162837 0.552066 0.1399997 0.5617524 0.129602 0.5643648 0.1318381 0.7135298 0.2114807 0.7136517 0.2382175 0.6998301 0.2371675 0.1226087 0.5702546 0.1224127 0.5935609 0.1103743 0.5958034 0.2956649 0.300386 0.2869789 0.3081976 0.2778437 0.2996196 0.552066 0.1399997 0.5559716 0.1433428 0.5478102 0.154932 0.6861382 0.2101855 0.6997104 0.2109145 0.6998301 0.2371675 0.09809017 0.5728273 0.1105777 0.5716145 0.1103743 0.5958034 0.2853535 0.2928658 0.2778437 0.2996196 0.2686141 0.2905836 0.5334717 0.1610468 0.5426266 0.1504951 0.5478102 0.154932 0.6728665 0.2092966 0.6861382 0.2101855 0.6862551 0.2358511 0.09809017 0.5728273 0.09788012 0.5978035 0.08497965 0.5995531 0.4944759 0.2452117 0.4997266 0.2345834 0.5144251 0.2441802 0.6024618 0.219739 0.6024618 0.2378793 0.5926638 0.2334527 0.7703036 0.2396863 0.7703036 0.266186 0.7560474 0.2661801 0.4944759 0.2452117 0.510261 0.255518 0.5065089 0.2664976 0.3218634 0.3372818 0.3074044 0.3472359 0.3001275 0.3400334 0.7418159 0.2395027 0.7560474 0.2397328 0.7560474 0.2661801 0.4854164 0.2654751 0.4896995 0.2555226 0.5065089 0.2664976 0.3048225 0.3238459 0.3134604 0.3308545 0.3001275 0.3400334 0.7418159 0.2395027 0.7418159 0.2657933 0.7276654 0.2650272 0.1449345 0.5883846 0.1446698 0.6088012 0.13367 0.6125215 0.3048225 0.3238459 0.2926681 0.3322134 0.2850559 0.3238067 0.5643648 0.1318381 0.5729565 0.1204632 0.5744044 0.1214085 0.7136517 0.2382175 0.7276654 0.2389969 0.7276654 0.2650272 0.1339479 0.5910847 0.13367 0.6125215 0.1221226 0.6159334 0.2869789 0.3081976 0.2959837 0.3162837 0.2850559 0.3238067 0.5559716 0.1433428 0.5643648 0.1318381 0.5672549 0.1337251 0.7136517 0.2382175 0.7136517 0.2638847 0.6998301 0.2623702 0.1224127 0.5935609 0.1221226 0.6159334 0.1100732 0.6190233 0.2869789 0.3081976 0.2773208 0.3148465 0.2694934 0.3053682 0.5559716 0.1433428 0.5602926 0.146164 0.5535448 0.1586762 0.6862551 0.2358511 0.6998301 0.2371675 0.6998301 0.2623702 0.09788012 0.5978035 0.1103743 0.5958034 0.1100732 0.6190233 0.2778437 0.2996196 0.2694934 0.3053682 0.2616046 0.2954092 0.5399127 0.16656 0.5478102 0.154932 0.5535448 0.1586762 0.6729804 0.2342735 0.6862551 0.2358511 0.6862551 0.2604899 0.09788012 0.5978035 0.09756928 0.6217792 0.08466023 0.6241898 0.2686141 0.2905836 0.2616046 0.2954092 0.2536854 0.2850088 0.5323102 0.1781808 0.5399127 0.16656 0.5470383 0.1712124 0.6729804 0.2342735 0.6729804 0.2582511 0.6600582 0.2556626 0.08497965 0.5995531 0.08466023 0.6241898 0.07139694 0.626246 0.2500176 0.2712818 0.2593265 0.2811253 0.2536854 0.2850088 0.5250328 0.1897486 0.5323102 0.1781808 0.5407989 0.1837231 0.6475397 0.2303604 0.6600582 0.2324408 0.6600582 0.2556626 0.05816465 0.6022745 0.07172369 0.6010454 0.07139694 0.626246 0.2500176 0.2712818 0.2457671 0.274208 0.2378811 0.2630495 0.5250328 0.1897486 0.5348509 0.1961589 0.529218 0.2084708 0.6354742 0.2280404 0.6475397 0.2303604 0.6475397 0.2527348 0.05816465 0.6022745 0.05783188 0.6279395 0.04401844 0.6292637 0.2407241 0.2610923 0.2378811 0.2630495 0.2300584 0.2515773 0.5115667 0.2125428 0.5181092 0.2012177 0.529218 0.2084708 0.6239092 0.22549 0.6354742 0.2280404 0.6354742 0.2494791 0.03035211 0.6039248 0.04435592 0.6032356 0.04401844 0.6292637 0.5115667 0.2125428 0.5239225 0.22061 0.5189849 0.2325289 0.6239092 0.22549 0.6239092 0.2459083 0.6128907 0.2420366 0.03035211 0.6039248 0.03001123 0.6302132 0.0158655 0.6307844 0.4997266 0.2345834 0.5054311 0.2236794 0.5189849 0.2325289 0.6024618 0.219739 0.6128907 0.2227192 0.6128907 0.2420366 0.001980662 0.6044777 0.01620841 0.6043393 0.0158655 0.6307844 0.2694934 0.3053682 0.2604342 0.3100211 0.254 0.299315 0.5470383 0.1712124 0.5535448 0.1586762 0.55974 0.1616685 0.6729804 0.2582511 0.6862551 0.2604899 0.6861382 0.2837132 0.09756928 0.6217792 0.09716242 0.6443759 0.08424216 0.6474097 0.2616046 0.2954092 0.254 0.299315 0.2475653 0.288152 0.5407989 0.1837231 0.5470383 0.1712124 0.5547363 0.1749307 0.6729804 0.2582511 0.6728665 0.2808513 0.659948 0.2775504 0.08466023 0.6241898 0.08424216 0.6474097 0.07096934 0.6499973 0.2457671 0.274208 0.2536854 0.2850088 0.2475653 0.288152 0.5348509 0.1961589 0.5407989 0.1837231 0.5499693 0.1881526 0.6475397 0.2527348 0.6600582 0.2556626 0.659948 0.2775504 0.05783188 0.6279395 0.07139694 0.626246 0.07096934 0.6499973 0.2457671 0.274208 0.2411559 0.2765764 0.2347968 0.2646336 0.5348509 0.1961589 0.5454576 0.2012822 0.541219 0.2142676 0.6354742 0.2494791 0.6475397 0.2527348 0.6474335 0.2738239 0.05783188 0.6279395 0.05739635 0.6521285 0.04357677 0.653795 0.2378811 0.2630495 0.2347968 0.2646336 0.2285132 0.2523709 0.5239225 0.22061 0.529218 0.2084708 0.541219 0.2142676 0.6239092 0.2459083 0.6354742 0.2494791 0.6353724 0.2696862 0.03001123 0.6302132 0.04401844 0.6292637 0.04357677 0.653795 0.5239225 0.22061 0.5372705 0.2270574 0.5336273 0.2396014 0.6239092 0.2459083 0.6238123 0.2651537 0.6127989 0.2602443 0.03001123 0.6302132 0.02956515 0.6549898 0.01541674 0.6557087 0.5144251 0.2441802 0.5189849 0.2325289 0.5336273 0.2396014 0.6024618 0.2378793 0.6128907 0.2420366 0.6127989 0.2602443 0.001637101 0.6309751 0.0158655 0.6307844 0.01541674 0.6557087 0.510261 0.255518 0.5144251 0.2441802 0.5303041 0.2518501 0.3144703 0.3537924 0.2976244 0.3624446 0.2917181 0.3552925 0.7703036 0.266186 0.7701778 0.2911633 0.7559218 0.2911081 0.510261 0.255518 0.5273138 0.2637549 0.5246683 0.275269 0.3074044 0.3472359 0.2917181 0.3552925 0.2856627 0.3474626 0.7418159 0.2657933 0.7560474 0.2661801 0.7559218 0.2911081 0.5031838 0.2770757 0.5065089 0.2664976 0.5246683 0.275269 0.2926681 0.3322134 0.3001275 0.3400334 0.2856627 0.3474626 0.7418159 0.2657933 0.7416911 0.2905737 0.7275418 0.2895622 0.5031838 0.2770757 0.5223782 0.2863469 0.5204521 0.296945 0.2926681 0.3322134 0.279482 0.3389858 0.2732005 0.3298957 0.5672549 0.1337251 0.5744044 0.1214085 0.5759685 0.1221641 0.7136517 0.2638847 0.7276654 0.2650272 0.7275418 0.2895622 0.13367 0.6125215 0.1333062 0.6327256 0.121743 0.6370193 0.2773208 0.3148465 0.2850559 0.3238067 0.2732005 0.3298957 0.5602926 0.146164 0.5672549 0.1337251 0.5703771 0.1352331 0.7136517 0.2638847 0.7135298 0.2880772 0.6997104 0.2861251 0.1221226 0.6159334 0.121743 0.6370193 0.1096792 0.6409078 0.2773208 0.3148465 0.2668429 0.3202281 0.2604342 0.3100211 0.5602926 0.146164 0.5649604 0.1484186 0.55974 0.1616685 0.6862551 0.2604899 0.6998301 0.2623702 0.6997104 0.2861251 0.09756928 0.6217792 0.1100732 0.6190233 0.1096792 0.6409078 0.5303041 0.2518501 0.5336273 0.2396014 0.5491273 0.2447856 0.6023757 0.2549775 0.6127989 0.2602443 0.612617 0.2770552 0.001187443 0.6559488 0.01541674 0.6557087 0.01486927 0.6787192 0.5273138 0.2637549 0.5303041 0.2518501 0.5471131 0.257472 0.2976244 0.3624446 0.2797261 0.3689227 0.275052 0.3613246 0.7701778 0.2911633 0.7699282 0.3142244 0.7556727 0.3141238 0.5273138 0.2637549 0.5453655 0.2697925 0.5438914 0.2816984 0.2917181 0.3552925 0.275052 0.3613246 0.2702944 0.353025 0.7416911 0.2905737 0.7559218 0.2911081 0.7556727 0.3141238 0.5223782 0.2863469 0.5246683 0.275269 0.5438914 0.2816984 0.279482 0.3389858 0.2856627 0.3474626 0.2702944 0.353025 0.7416911 0.2905737 0.7414435 0.313453 0.7272967 0.3122148 0.5223782 0.2863469 0.5426967 0.2931427 0.541786 0.3040804 0.279482 0.3389858 0.2654721 0.3440565 0.2606045 0.3344547 0.5703771 0.1352331 0.5759685 0.1221641 0.5776243 0.1227179 0.7275418 0.2895622 0.7272967 0.3122148 0.7132881 0.3104138 0.5204521 0.296945 0.541786 0.3040804 0.541163 0.3144682 0.2668429 0.3202281 0.2732005 0.3298957 0.2606045 0.3344547 0.5649604 0.1484186 0.5703771 0.1352331 0.5736821 0.1363385 0.7135298 0.2880772 0.7132881 0.3104138 0.699473 0.3080575 0.121743 0.6370193 0.1212798 0.6564861 0.1091985 0.6611119 0.2668429 0.3202281 0.2557103 0.3242574 0.2508092 0.3135047 0.5649604 0.1484186 0.5699017 0.1500713 0.566298 0.163862 0.6861382 0.2837132 0.6997104 0.2861251 0.699473 0.3080575 0.09716242 0.6443759 0.1096792 0.6409078 0.1091985 0.6611119 0.2604342 0.3100211 0.2508092 0.3135047 0.2459203 0.3022393 0.5547363 0.1749307 0.55974 0.1616685 0.566298 0.163862 0.6728665 0.2808513 0.6861382 0.2837132 0.6859061 0.3051549 0.09716242 0.6443759 0.09666603 0.6652376 0.08373212 0.6688466 0.254 0.299315 0.2459203 0.3022393 0.2410631 0.2905055 0.5499693 0.1881526 0.5547363 0.1749307 0.5628852 0.1776562 0.6728665 0.2808513 0.6726407 0.3017176 0.6597293 0.297759 0.08424216 0.6474097 0.08373212 0.6688466 0.07044762 0.6719248 0.2411559 0.2765764 0.2475653 0.288152 0.2410631 0.2905055 0.5454576 0.2012822 0.5499693 0.1881526 0.5596768 0.1913994 0.6474335 0.2738239 0.659948 0.2775504 0.6597293 0.297759 0.05739635 0.6521285 0.07096934 0.6499973 0.07044762 0.6719248 0.2411559 0.2765764 0.2362565 0.2783496 0.2315198 0.2658197 0.5454576 0.2012822 0.5566855 0.2050375 0.553923 0.2185166 0.6353724 0.2696862 0.6474335 0.2738239 0.6472227 0.293295 0.05739635 0.6521285 0.05686503 0.6744601 0.04303789 0.6764425 0.2347968 0.2646336 0.2315198 0.2658197 0.2268715 0.2529651 0.5372705 0.2270574 0.541219 0.2142676 0.553923 0.2185166 0.6238123 0.2651537 0.6353724 0.2696862 0.6351705 0.288343 0.02956515 0.6549898 0.04357677 0.653795 0.04303789 0.6764425 0.5372705 0.2270574 0.5514004 0.2317833 0.5491273 0.2447856 0.6238123 0.2651537 0.62362 0.2829226 0.612617 0.2770552 0.02956515 0.6549898 0.0290209 0.677864 0.01486927 0.6787192 0.2557103 0.3242574 0.2440988 0.3268708 0.2407699 0.3157643 0.5699017 0.1500713 0.5750384 0.1510959 0.5731154 0.1652218 0.6859061 0.3051549 0.699473 0.3080575 0.6991216 0.3278216 0.09666603 0.6652376 0.1091985 0.6611119 0.1086386 0.6793169 0.2508092 0.3135047 0.2407699 0.3157643 0.237493 0.3041361 0.5628852 0.1776562 0.566298 0.163862 0.5731154 0.1652218 0.6726407 0.3017176 0.6859061 0.3051549 0.6855625 0.3244768 0.09666603 0.6652376 0.09608799 0.684035 0.08313804 0.6881623 0.2459203 0.3022393 0.237493 0.3041361 0.234281 0.292032 0.5596768 0.1913994 0.5628852 0.1776562 0.5713564 0.1793459 0.382693 0.4669209 0.4002045 0.4658071 0.4008214 0.4800472 0.08373212 0.6688466 0.08313804 0.6881623 0.06984001 0.6916826 0.2362565 0.2783496 0.2410631 0.2905055 0.234281 0.292032 0.5566855 0.2050375 0.5596768 0.1913994 0.5697683 0.1934123 0.385716 0.4952587 0.3838618 0.4811259 0.4008214 0.4800472 0.05686503 0.6744601 0.07044762 0.6719248 0.06984001 0.6916826 0.2362565 0.2783496 0.2311465 0.2794998 0.2281018 0.266589 0.5566855 0.2050375 0.5683575 0.2073656 0.5671295 0.2211508 0.3882482 0.5092635 0.385716 0.4952587 0.4020566 0.4942194 0.05686503 0.6744601 0.05624616 0.6945821 0.04241031 0.6968492 0.2315198 0.2658197 0.2281018 0.266589 0.2251591 0.2533505 0.5514004 0.2317833 0.553923 0.2185166 0.5671295 0.2211508 0.3914483 0.5230852 0.3882482 0.5092635 0.4039054 0.5082677 0.0290209 0.677864 0.04303789 0.6764425 0.04241031 0.6968492 0.5514004 0.2317833 0.5660892 0.2347132 0.5652405 0.2479997 0.3914483 0.5230852 0.4063604 0.5221368 0.4094117 0.5357717 0.0290209 0.677864 0.02838701 0.6984748 0.01423162 0.6994528 0.5471131 0.257472 0.5491273 0.2447856 0.5652405 0.2479997 0.3997993 0.5499615 0.3953037 0.536669 0.4094117 0.5357717 6.38893e-4 0.6790047 0.01486927 0.6787192 0.01423162 0.6994528 0.5453655 0.2697925 0.5471131 0.257472 0.564587 0.2609575 0.3997993 0.5499615 0.4130476 0.5491188 0.4172536 0.5621254 0.7699282 0.3142244 0.7695587 0.3350057 0.7553039 0.3348639 0.5453655 0.2697925 0.5641312 0.2735356 0.5638749 0.2856844 0.275052 0.3613246 0.2576686 0.3652371 0.2542648 0.3566328 0.7414435 0.313453 0.7556727 0.3141238 0.7553039 0.3348639 0.5426967 0.2931427 0.5438914 0.2816984 0.5638749 0.2856844 0.2654721 0.3440565 0.2702944 0.353025 0.2542648 0.3566328 0.7414435 0.313453 0.7410769 0.3340703 0.7269337 0.3326279 0.5426967 0.2931427 0.5638191 0.2973559 0.563964 0.3085042 0.2654721 0.3440565 0.2508595 0.3473454 0.2474664 0.3374118 0.5736821 0.1363385 0.5776243 0.1227179 0.5793457 0.1230612 0.7132881 0.3104138 0.7272967 0.3122148 0.7269337 0.3326279 0.541786 0.3040804 0.563964 0.3085042 0.564309 0.319085 0.2557103 0.3242574 0.2606045 0.3344547 0.2474664 0.3374118 0.5699017 0.1500713 0.5736821 0.1363385 0.5771179 0.1370239 0.7132881 0.3104138 0.7129302 0.3305422 0.6991216 0.3278216 0.541163 0.3144682 0.564309 0.319085 0.5648527 0.3290566 0.5660892 0.2347132 0.5811053 0.2358009 0.5817128 0.2491928 0.5655933 0.3383799 0.5909504 0.3402167 0.5925837 0.3489054 0.237493 0.3041361 0.228851 0.3049754 0.2273261 0.2927074 0.4002045 0.4658071 0.4197766 0.4660333 0.4197766 0.4802663 0.564587 0.2609575 0.5652405 0.2479997 0.5817128 0.2491928 0.08313804 0.6881623 0.08246946 0.7050524 0.06915605 0.7089594 0.2311465 0.2794998 0.234281 0.292032 0.2273261 0.2927074 0.4020566 0.4942194 0.4008214 0.4800472 0.4197766 0.4802663 0.5641312 0.2735356 0.564587 0.2609575 0.5824504 0.2622515 0.05624616 0.6945821 0.06984001 0.6916826 0.06915605 0.7089594 0.2281018 0.266589 0.2311465 0.2794998 0.2259061 0.2800087 0.4039054 0.5082677 0.4020566 0.4942194 0.4203201 0.4944306 0.5641312 0.2735356 0.5833151 0.2749252 0.5843037 0.2871642 0.05624616 0.6945821 0.05554968 0.7121771 0.04170393 0.7146931 0.2281018 0.266589 0.2245967 0.2669294 0.2234031 0.253521 0.4063604 0.5221368 0.4039054 0.5082677 0.4214051 0.50847 0.5638191 0.2973559 0.5638749 0.2856844 0.5843037 0.2871642 0.3516652 0.5951175 0.3524508 0.5821201 0.372431 0.5748873 0.4063604 0.5221368 0.4230272 0.5223295 0.4251799 0.535954 0.5638191 0.2973559 0.5854122 0.2989199 0.5866361 0.3101465 0.3516652 0.5951175 0.3718453 0.5878124 0.3718453 0.6010186 0.5771179 0.1370239 0.5793457 0.1230612 0.5811053 0.1231887 0.4130476 0.5491188 0.4094117 0.5357717 0.4251799 0.535954 0.563964 0.3085042 0.5866361 0.3101465 0.5879706 0.3207989 0.3520905 0.6218168 0.3515449 0.6083672 0.3718453 0.6010186 0.5771179 0.1370239 0.5806303 0.1372783 0.5802897 0.1514763 0.4130476 0.5491188 0.427855 0.54929 0.4310416 0.5622848 0.4130965 0.3689227 0.4347273 0.3691728 0.4310416 0.3823273 0.5750384 0.1510959 0.5802897 0.1514763 0.5800848 0.1657267 0.4172536 0.5621254 0.4310416 0.5622848 0.4347273 0.5748871 0.4063947 0.3955513 0.4094535 0.3820777 0.4310416 0.3823273 0.5713564 0.1793459 0.5731154 0.1652218 0.5800848 0.1657267 0.2508595 0.3473454 0.2542648 0.3566328 0.2378267 0.3582292 0.4063947 0.3955513 0.427855 0.3957995 0.4251798 0.4095362 0.5697683 0.1934123 0.5713564 0.1793459 0.5800163 0.1799732 0.2508595 0.3473454 0.2358745 0.3488007 0.2339936 0.3387202 0.402076 0.4232411 0.4039322 0.4092905 0.4251798 0.4095362 0.5697683 0.1934123 0.5800848 0.1941596 0.5802897 0.2082298 0.2440988 0.3268708 0.2474664 0.3374118 0.2339936 0.3387202 0.402076 0.4232411 0.4230272 0.4234833 0.421405 0.4375857 0.5683575 0.2073656 0.5802897 0.2082298 0.5806303 0.2221288 0.564309 0.319085 0.5879706 0.3207989 0.5894106 0.3308355 0.2407699 0.3157643 0.2440988 0.3268708 0.2321914 0.3280271 0.4002083 0.4515552 0.400833 0.4373478 0.421405 0.4375857 0.5660892 0.2347132 0.5671295 0.2211508 0.5806303 0.2221288 0.5655933 0.3383799 0.5648527 0.3290566 0.5894106 0.3308355 0.2407699 0.3157643 0.230475 0.3167641 0.228851 0.3049754 0.4002045 0.4658071 0.4002083 0.4515552 0.4203201 0.4517877</float_array>
          <technique_common>
            <accessor source="#Sphere_001-mesh-map-0-array" count="14700" stride="2">
              <param name="S" type="float"/>
              <param name="T" type="float"/>
            </accessor>
          </technique_common>
        </source>
        <vertices id="Sphere_001-mesh-vertices">
          <input semantic="POSITION" source="#Sphere_001-mesh-positions"/>
        </vertices>
        <triangles material="Material_003-material" count="4900">
          <input semantic="VERTEX" source="#Sphere_001-mesh-vertices" offset="0"/>
          <input semantic="NORMAL" source="#Sphere_001-mesh-normals" offset="1"/>
          <input semantic="TEXCOORD" source="#Sphere_001-mesh-map-0" offset="2" set="0"/>
          <p>6 0 0 52 0 1 53 0 2 2415 1 3 13 1 4 0 1 5 2440 2 6 39 2 7 40 2 8 2426 3 9 27 3 10 2427 3 11 2450 4 12 53 4 13 54 4 14 0 5 15 14 5 16 2416 5 17 2441 6 18 40 6 19 41 6 20 2427 7 21 28 7 22 2428 7 23 2451 8 24 54 8 25 55 8 26 2416 9 27 15 9 28 1 9 29 3 10 30 41 10 31 42 10 32 2428 11 33 29 11 34 2429 11 35 1723 12 36 2451 12 37 55 12 38 1 13 39 16 13 40 2417 13 41 2442 14 42 42 14 43 43 14 44 2429 15 45 30 15 46 2430 15 47 2417 16 48 17 16 49 2418 16 50 2443 17 51 43 17 52 44 17 53 2431 18 54 30 18 55 31 18 56 2418 19 57 18 19 58 2419 19 59 2444 20 60 44 20 61 45 20 62 2431 21 63 32 21 64 2432 21 65 2419 22 66 19 22 67 2420 22 68 2445 23 69 45 23 70 46 23 71 2433 24 72 32 24 73 33 24 74 2420 25 75 20 25 76 2 25 77 4 26 78 46 26 79 47 26 80 2410 27 81 56 27 82 7 27 83 2434 28 84 33 28 85 34 28 86 2 29 87 21 29 88 2421 29 89 2446 30 90 47 30 91 48 30 92 2410 31 93 8 31 94 2411 31 95 2435 32 96 34 32 97 35 32 98 2421 33 99 22 33 100 2422 33 101 5 34 102 48 34 103 49 34 104 2411 35 105 9 35 106 2412 35 107 2436 36 108 35 36 109 36 36 110 2422 37 111 23 37 112 2423 37 113 2447 38 114 49 38 115 50 38 116 2412 39 117 10 39 118 2413 39 119 2437 40 120 36 40 121 37 40 122 2423 41 123 24 41 124 2424 41 125 2448 42 126 50 42 127 51 42 128 2413 43 129 11 43 130 2414 43 131 2438 44 132 37 44 133 38 44 134 2424 45 135 25 45 136 2425 45 137 2449 46 138 51 46 139 52 46 140 2414 47 141 12 47 142 2415 47 143 2439 48 144 38 48 145 39 48 146 2425 49 147 26 49 148 2426 49 149 29 50 150 80 50 151 30 50 152 17 51 153 66 51 154 67 51 155 44 52 156 93 52 157 94 52 158 31 53 159 80 53 160 81 53 161 17 54 162 68 54 163 18 54 164 45 55 165 94 55 166 95 55 167 31 56 168 82 56 169 32 56 170 18 57 171 69 57 172 19 57 173 45 58 174 96 58 175 46 58 176 33 59 177 82 59 178 83 59 179 19 60 180 70 60 181 20 60 182 46 61 183 97 61 184 47 61 185 7 62 186 56 62 187 57 62 188 34 63 189 83 63 190 84 63 191 21 64 192 70 64 193 71 64 194 47 65 195 98 65 196 48 65 197 7 66 198 58 66 199 8 66 200 34 67 201 85 67 202 35 67 203 22 68 204 71 68 205 72 68 206 48 69 207 99 69 208 49 69 209 8 70 210 59 70 211 9 70 212 36 71 213 85 71 214 86 71 215 23 72 216 72 72 217 73 72 218 50 73 219 99 73 220 100 73 221 10 74 222 59 74 223 60 74 224 36 75 225 87 75 226 37 75 227 23 76 228 74 76 229 24 76 230 50 77 231 101 77 232 51 77 233 11 78 234 60 78 235 61 78 236 37 79 237 88 79 238 38 79 239 24 80 240 75 80 241 25 80 242 51 81 243 102 81 244 52 81 245 12 82 246 61 82 247 62 82 248 38 83 249 89 83 250 39 83 251 26 84 252 75 84 253 76 84 254 52 85 255 103 85 256 53 85 257 12 86 258 63 86 259 13 86 260 39 87 261 90 87 262 40 87 263 26 88 264 77 88 265 27 88 266 53 89 267 104 89 268 54 89 269 14 90 270 63 90 271 64 90 272 40 91 273 91 91 274 41 91 275 28 92 276 77 92 277 78 92 278 55 93 279 104 93 280 105 93 281 15 94 282 64 94 283 65 94 284 41 95 285 92 95 286 42 95 287 28 96 288 79 96 289 29 96 290 1723 97 291 55 97 292 105 97 293 16 98 294 65 98 295 66 98 296 42 99 297 93 99 298 43 99 299 85 100 300 135 100 301 86 100 302 73 101 303 121 101 304 122 101 305 100 102 306 148 102 307 149 102 308 60 103 309 108 103 310 109 103 311 86 104 312 136 104 313 87 104 314 73 105 315 123 105 316 74 105 317 100 106 318 150 106 319 101 106 320 61 107 321 109 107 322 110 107 323 87 108 324 137 108 325 88 108 326 74 109 327 124 109 328 75 109 329 101 110 330 151 110 331 102 110 332 62 111 333 110 111 334 111 111 335 89 112 336 137 112 337 138 112 338 76 113 339 124 113 340 125 113 341 102 114 342 152 114 343 103 114 344 62 115 345 112 115 346 63 115 347 89 116 348 139 116 349 90 116 350 77 117 351 125 117 352 126 117 353 103 118 354 153 118 355 104 118 356 64 119 357 112 119 358 113 119 359 90 120 360 140 120 361 91 120 362 77 121 363 127 121 364 78 121 365 104 122 366 154 122 367 105 122 368 65 123 369 113 123 370 114 123 371 91 124 372 141 124 373 92 124 374 78 125 375 128 125 376 79 125 377 1723 126 378 105 126 379 154 126 380 65 127 381 115 127 382 66 127 383 93 128 384 141 128 385 142 128 386 79 129 387 129 129 388 80 129 389 67 130 390 115 130 391 116 130 392 93 131 393 143 131 394 94 131 395 81 132 396 129 132 397 130 132 398 67 133 399 117 133 400 68 133 401 95 134 402 143 134 403 144 134 404 81 135 405 131 135 406 82 135 407 69 136 408 117 136 409 118 136 410 95 137 411 145 137 412 96 137 413 83 138 414 131 138 415 132 138 416 69 139 417 119 139 418 70 139 419 97 140 420 145 140 421 146 140 422 57 141 423 56 141 424 106 141 425 83 142 426 133 142 427 84 142 428 71 143 429 119 143 430 120 143 431 97 144 432 147 144 433 98 144 434 57 145 435 107 145 436 58 145 437 85 146 438 133 146 439 134 146 440 72 147 441 120 147 442 121 147 443 98 148 444 148 148 445 99 148 446 58 149 447 108 149 448 59 149 449 128 150 450 176 150 451 177 150 452 1723 151 453 154 151 454 203 151 455 114 152 456 164 152 457 115 152 458 142 153 459 190 153 460 191 153 461 128 154 462 178 154 463 129 154 464 116 155 465 164 155 466 165 155 467 142 156 468 192 156 469 143 156 470 130 157 471 178 157 472 179 157 473 116 158 474 166 158 475 117 158 476 144 159 477 192 159 478 193 159 479 130 160 480 180 160 481 131 160 482 118 161 483 166 161 484 167 161 485 144 162 486 194 162 487 145 162 488 131 163 489 181 163 490 132 163 491 118 164 492 168 164 493 119 164 494 146 165 495 194 165 496 195 165 497 106 166 498 56 166 499 155 166 500 132 167 501 182 167 502 133 167 503 120 168 504 168 168 505 169 168 506 146 169 507 196 169 508 147 169 509 107 170 510 155 170 511 156 170 512 134 171 513 182 171 514 183 171 515 121 172 516 169 172 517 170 172 518 148 173 519 196 173 520 197 173 521 108 174 522 156 174 523 157 174 524 134 175 525 184 175 526 135 175 527 122 176 528 170 176 529 171 176 530 148 177 531 198 177 532 149 177 533 109 178 534 157 178 535 158 178 536 136 179 537 184 179 538 185 179 539 123 180 540 171 180 541 172 180 542 149 181 543 199 181 544 150 181 545 110 182 546 158 182 547 159 182 548 137 183 549 185 183 550 186 183 551 123 184 552 173 184 553 124 184 554 150 185 555 200 185 556 151 185 557 111 186 558 159 186 559 160 186 560 137 187 561 187 187 562 138 187 563 124 188 564 174 188 565 125 188 566 151 189 567 201 189 568 152 189 569 112 190 570 160 190 571 161 190 572 138 191 573 188 191 574 139 191 575 126 192 576 174 192 577 175 192 578 152 193 579 202 193 580 153 193 581 112 194 582 162 194 583 113 194 584 139 195 585 189 195 586 140 195 587 126 196 588 176 196 589 127 196 590 153 197 591 203 197 592 154 197 593 114 198 594 162 198 595 163 198 596 140 199 597 190 199 598 141 199 599 183 200 600 231 200 601 232 200 602 170 201 603 218 201 604 219 201 605 197 202 606 245 202 607 246 202 608 157 203 609 205 203 610 206 203 611 183 204 612 233 204 613 184 204 614 170 205 615 220 205 616 171 205 617 197 206 618 247 206 619 198 206 620 158 207 621 206 207 622 207 207 623 185 208 624 233 208 625 234 208 626 172 209 627 220 209 628 221 209 629 198 210 630 248 210 631 199 210 632 159 211 633 207 211 634 208 211 635 185 212 636 235 212 637 186 212 638 173 213 639 221 213 640 222 213 641 199 214 642 249 214 643 200 214 644 160 215 645 208 215 646 209 215 647 186 216 648 236 216 649 187 216 650 173 217 651 223 217 652 174 217 653 200 218 654 250 218 655 201 218 656 161 219 657 209 219 658 210 219 659 188 220 660 236 220 661 237 220 662 175 221 663 223 221 664 224 221 665 201 222 666 251 222 667 202 222 668 161 223 669 211 223 670 162 223 671 188 224 672 238 224 673 189 224 674 175 225 675 225 225 676 176 225 677 202 226 678 252 226 679 203 226 680 163 227 681 211 227 682 212 227 683 190 228 684 238 228 685 239 228 686 177 229 687 225 229 688 226 229 689 1723 230 690 203 230 691 252 230 692 163 231 693 213 231 694 164 231 695 191 232 696 239 232 697 240 232 698 177 233 699 227 233 700 178 233 701 165 234 702 213 234 703 214 234 704 191 235 705 241 235 706 192 235 707 179 236 708 227 236 709 228 236 710 165 237 711 215 237 712 166 237 713 193 238 714 241 238 715 242 238 716 179 239 717 229 239 718 180 239 719 167 240 720 215 240 721 216 240 722 193 241 723 243 241 724 194 241 725 181 242 726 229 242 727 230 242 728 167 243 729 217 243 730 168 243 731 195 244 732 243 244 733 244 244 734 155 245 735 56 245 736 204 245 737 181 246 738 231 246 739 182 246 740 168 247 741 218 247 742 169 247 743 195 248 744 245 248 745 196 248 746 156 249 747 204 249 748 205 249 749 224 250 750 274 250 751 225 250 752 251 251 753 301 251 754 252 251 755 212 252 756 260 252 757 261 252 758 239 253 759 287 253 760 288 253 761 226 254 762 274 254 763 275 254 764 1723 255 765 252 255 766 301 255 767 212 256 768 262 256 769 213 256 770 240 257 771 288 257 772 289 257 773 226 258 774 276 258 775 227 258 776 214 259 777 262 259 778 263 259 779 240 260 780 290 260 781 241 260 782 228 261 783 276 261 784 277 261 785 214 262 786 264 262 787 215 262 788 242 263 789 290 263 790 291 263 791 228 264 792 278 264 793 229 264 794 216 265 795 264 265 796 265 265 797 242 266 798 292 266 799 243 266 800 230 267 801 278 267 802 279 267 803 216 268 804 266 268 805 217 268 806 244 269 807 292 269 808 293 269 809 204 270 810 56 270 811 253 270 812 230 271 813 280 271 814 231 271 815 217 272 816 267 272 817 218 272 818 244 273 819 294 273 820 245 273 821 205 274 822 253 274 823 254 274 824 232 275 825 280 275 826 281 275 827 219 276 828 267 276 829 268 276 830 246 277 831 294 277 832 295 277 833 206 278 834 254 278 835 255 278 836 232 279 837 282 279 838 233 279 839 219 280 840 269 280 841 220 280 842 246 281 843 296 281 844 247 281 845 206 282 846 256 282 847 207 282 848 234 283 849 282 283 850 283 283 851 221 284 852 269 284 853 270 284 854 247 285 855 297 285 856 248 285 857 208 286 858 256 286 859 257 286 860 234 287 861 284 287 862 235 287 863 222 288 864 270 288 865 271 288 866 248 289 867 298 289 868 249 289 869 209 290 870 257 290 871 258 290 872 235 291 873 285 291 874 236 291 875 222 292 876 272 292 877 223 292 878 249 293 879 299 293 880 250 293 881 210 294 882 258 294 883 259 294 884 237 295 885 285 295 886 286 295 887 224 296 888 272 296 889 273 296 890 250 297 891 300 297 892 251 297 893 210 298 894 260 298 895 211 298 896 237 299 897 287 299 898 238 299 899 279 300 900 329 300 901 280 300 902 266 301 903 316 301 904 267 301 905 293 302 906 343 302 907 294 302 908 253 303 909 303 303 910 254 303 911 281 304 912 329 304 913 330 304 914 268 305 915 316 305 916 317 305 917 295 306 918 343 306 919 344 306 920 255 307 921 303 307 922 304 307 923 281 308 924 331 308 925 282 308 926 268 309 927 318 309 928 269 309 929 295 310 930 345 310 931 296 310 932 256 311 933 304 311 934 305 311 935 283 312 936 331 312 937 332 312 938 270 313 939 318 313 940 319 313 941 296 314 942 346 314 943 297 314 944 257 315 945 305 315 946 306 315 947 283 316 948 333 316 949 284 316 950 271 317 951 319 317 952 320 317 953 297 318 954 347 318 955 298 318 956 258 319 957 306 319 958 307 319 959 284 320 960 334 320 961 285 320 962 271 321 963 321 321 964 272 321 965 298 322 966 348 322 967 299 322 968 259 323 969 307 323 970 308 323 971 286 324 972 334 324 973 335 324 974 273 325 975 321 325 976 322 325 977 299 326 978 349 326 979 300 326 980 259 327 981 309 327 982 260 327 983 286 328 984 336 328 985 287 328 986 273 329 987 323 329 988 274 329 989 300 330 990 350 330 991 301 330 992 261 331 993 309 331 994 310 331 995 288 332 996 336 332 997 337 332 998 275 333 999 323 333 1000 324 333 1001 1723 334 1002 301 334 1003 350 334 1004 261 335 1005 311 335 1006 262 335 1007 289 336 1008 337 336 1009 338 336 1010 275 337 1011 325 337 1012 276 337 1013 263 338 1014 311 338 1015 312 338 1016 289 339 1017 339 339 1018 290 339 1019 277 340 1020 325 340 1021 326 340 1022 263 341 1023 313 341 1024 264 341 1025 291 342 1026 339 342 1027 340 342 1028 277 343 1029 327 343 1030 278 343 1031 265 344 1032 313 344 1033 314 344 1034 291 345 1035 341 345 1036 292 345 1037 279 346 1038 327 346 1039 328 346 1040 265 347 1041 315 347 1042 266 347 1043 293 348 1044 341 348 1045 342 348 1046 253 349 1047 56 349 1048 302 349 1049 322 350 1050 370 350 1051 371 350 1052 348 351 1053 398 351 1054 349 351 1055 308 352 1056 358 352 1057 309 352 1058 335 353 1059 385 353 1060 336 353 1061 322 354 1062 372 354 1063 323 354 1064 349 355 1065 399 355 1066 350 355 1067 310 356 1068 358 356 1069 359 356 1070 337 357 1071 385 357 1072 386 357 1073 324 358 1074 372 358 1075 373 358 1076 1723 359 1077 350 359 1078 399 359 1079 310 360 1080 360 360 1081 311 360 1082 338 361 1083 386 361 1084 387 361 1085 324 362 1086 374 362 1087 325 362 1088 312 363 1089 360 363 1090 361 363 1091 338 364 1092 388 364 1093 339 364 1094 326 365 1095 374 365 1096 375 365 1097 312 366 1098 362 366 1099 313 366 1100 340 367 1101 388 367 1102 389 367 1103 326 368 1104 376 368 1105 327 368 1106 314 369 1107 362 369 1108 363 369 1109 340 370 1110 390 370 1111 341 370 1112 328 371 1113 376 371 1114 377 371 1115 314 372 1116 364 372 1117 315 372 1118 342 373 1119 390 373 1120 391 373 1121 302 374 1122 56 374 1123 351 374 1124 328 375 1125 378 375 1126 329 375 1127 315 376 1128 365 376 1129 316 376 1130 342 377 1131 392 377 1132 343 377 1133 303 378 1134 351 378 1135 352 378 1136 330 379 1137 378 379 1138 379 379 1139 317 380 1140 365 380 1141 366 380 1142 344 381 1143 392 381 1144 393 381 1145 304 382 1146 352 382 1147 353 382 1148 330 383 1149 380 383 1150 331 383 1151 317 384 1152 367 384 1153 318 384 1154 344 385 1155 394 385 1156 345 385 1157 304 386 1158 354 386 1159 305 386 1160 332 387 1161 380 387 1162 381 387 1163 319 388 1164 367 388 1165 368 388 1166 345 389 1167 395 389 1168 346 389 1169 305 390 1170 355 390 1171 306 390 1172 332 391 1173 382 391 1174 333 391 1175 320 392 1176 368 392 1177 369 392 1178 347 393 1179 395 393 1180 396 393 1181 307 394 1182 355 394 1183 356 394 1184 333 395 1185 383 395 1186 334 395 1187 320 396 1188 370 396 1189 321 396 1190 348 397 1191 396 397 1192 397 397 1193 308 398 1194 356 398 1195 357 398 1196 335 399 1197 383 399 1198 384 399 1199 377 400 1200 425 400 1201 426 400 1202 363 401 1203 413 401 1204 364 401 1205 391 402 1206 439 402 1207 440 402 1208 351 403 1209 56 403 1210 400 403 1211 377 404 1212 427 404 1213 378 404 1214 364 405 1215 414 405 1216 365 405 1217 391 406 1218 441 406 1219 392 406 1220 352 407 1221 400 407 1222 401 407 1223 379 408 1224 427 408 1225 428 408 1226 365 409 1227 415 409 1228 366 409 1229 393 410 1230 441 410 1231 442 410 1232 353 411 1233 401 411 1234 402 411 1235 379 412 1236 429 412 1237 380 412 1238 366 413 1239 416 413 1240 367 413 1241 393 414 1242 443 414 1243 394 414 1244 353 415 1245 403 415 1246 354 415 1247 381 416 1248 429 416 1249 430 416 1250 368 417 1251 416 417 1252 417 417 1253 395 418 1254 443 418 1255 444 418 1256 355 419 1257 403 419 1258 404 419 1259 381 420 1260 431 420 1261 382 420 1262 369 421 1263 417 421 1264 418 421 1265 395 422 1266 445 422 1267 396 422 1268 355 423 1269 405 423 1270 356 423 1271 382 424 1272 432 424 1273 383 424 1274 369 425 1275 419 425 1276 370 425 1277 396 426 1278 446 426 1279 397 426 1280 357 427 1281 405 427 1282 406 427 1283 384 428 1284 432 428 1285 433 428 1286 371 429 1287 419 429 1288 420 429 1289 397 430 1290 447 430 1291 398 430 1292 357 431 1293 407 431 1294 358 431 1295 385 432 1296 433 432 1297 434 432 1298 371 433 1299 421 433 1300 372 433 1301 398 434 1302 448 434 1303 399 434 1304 359 435 1305 407 435 1306 408 435 1307 386 436 1308 434 436 1309 435 436 1310 373 437 1311 421 437 1312 422 437 1313 1723 438 1314 399 438 1315 448 438 1316 359 439 1317 409 439 1318 360 439 1319 387 440 1320 435 440 1321 436 440 1322 373 441 1323 423 441 1324 374 441 1325 361 442 1326 409 442 1327 410 442 1328 387 443 1329 437 443 1330 388 443 1331 375 444 1332 423 444 1333 424 444 1334 361 445 1335 411 445 1336 362 445 1337 389 446 1338 437 446 1339 438 446 1340 375 447 1341 425 447 1342 376 447 1343 363 448 1344 411 448 1345 412 448 1346 389 449 1347 439 449 1348 390 449 1349 418 450 1350 468 450 1351 419 450 1352 445 451 1353 495 451 1354 446 451 1355 406 452 1356 454 452 1357 455 452 1358 432 453 1359 482 453 1360 433 453 1361 420 454 1362 468 454 1363 469 454 1364 446 455 1365 496 455 1366 447 455 1367 406 456 1368 456 456 1369 407 456 1370 433 457 1371 483 457 1372 434 457 1373 420 458 1374 470 458 1375 421 458 1376 447 459 1377 497 459 1378 448 459 1379 408 460 1380 456 460 1381 457 460 1382 435 461 1383 483 461 1384 484 461 1385 422 462 1386 470 462 1387 471 462 1388 1723 463 1389 448 463 1390 497 463 1391 408 464 1392 458 464 1393 409 464 1394 436 465 1395 484 465 1396 485 465 1397 422 466 1398 472 466 1399 423 466 1400 410 467 1401 458 467 1402 459 467 1403 436 468 1404 486 468 1405 437 468 1406 424 469 1407 472 469 1408 473 469 1409 410 470 1410 460 470 1411 411 470 1412 438 471 1413 486 471 1414 487 471 1415 424 472 1416 474 472 1417 425 472 1418 412 473 1419 460 473 1420 461 473 1421 438 474 1422 488 474 1423 439 474 1424 426 475 1425 474 475 1426 475 475 1427 412 476 1428 462 476 1429 413 476 1430 440 477 1431 488 477 1432 489 477 1433 400 478 1434 56 478 1435 449 478 1436 426 479 1437 476 479 1438 427 479 1439 413 480 1440 463 480 1441 414 480 1442 440 481 1443 490 481 1444 441 481 1445 401 482 1446 449 482 1447 450 482 1448 428 483 1449 476 483 1450 477 483 1451 414 484 1452 464 484 1453 415 484 1454 442 485 1455 490 485 1456 491 485 1457 402 486 1458 450 486 1459 451 486 1460 428 487 1461 478 487 1462 429 487 1463 416 488 1464 464 488 1465 465 488 1466 442 489 1467 492 489 1468 443 489 1469 402 490 1470 452 490 1471 403 490 1472 430 491 1473 478 491 1474 479 491 1475 417 492 1476 465 492 1477 466 492 1478 444 493 1479 492 493 1480 493 493 1481 404 494 1482 452 494 1483 453 494 1484 430 495 1485 480 495 1486 431 495 1487 418 496 1488 466 496 1489 467 496 1490 444 497 1491 494 497 1492 445 497 1493 404 498 1494 454 498 1495 405 498 1496 431 499 1497 481 499 1498 432 499 1499 473 500 1500 523 500 1501 474 500 1502 461 501 1503 509 501 1504 510 501 1505 487 502 1506 537 502 1507 488 502 1508 475 503 1509 523 503 1510 524 503 1511 461 504 1512 511 504 1513 462 504 1514 489 505 1515 537 505 1516 538 505 1517 449 506 1518 56 506 1519 498 506 1520 475 507 1521 525 507 1522 476 507 1523 462 508 1524 512 508 1525 463 508 1526 489 509 1527 539 509 1528 490 509 1529 450 510 1530 498 510 1531 499 510 1532 477 511 1533 525 511 1534 526 511 1535 463 512 1536 513 512 1537 464 512 1538 491 513 1539 539 513 1540 540 513 1541 451 514 1542 499 514 1543 500 514 1544 477 515 1545 527 515 1546 478 515 1547 464 516 1548 514 516 1549 465 516 1550 491 517 1551 541 517 1552 492 517 1553 452 518 1554 500 518 1555 501 518 1556 479 519 1557 527 519 1558 528 519 1559 466 520 1560 514 520 1561 515 520 1562 493 521 1563 541 521 1564 542 521 1565 453 522 1566 501 522 1567 502 522 1568 479 523 1569 529 523 1570 480 523 1571 467 524 1572 515 524 1573 516 524 1574 493 525 1575 543 525 1576 494 525 1577 453 526 1578 503 526 1579 454 526 1580 480 527 1581 530 527 1582 481 527 1583 467 528 1584 517 528 1585 468 528 1586 494 529 1587 544 529 1588 495 529 1589 455 530 1590 503 530 1591 504 530 1592 482 531 1593 530 531 1594 531 531 1595 469 532 1596 517 532 1597 518 532 1598 495 533 1599 545 533 1600 496 533 1601 455 534 1602 505 534 1603 456 534 1604 483 535 1605 531 535 1606 532 535 1607 469 536 1608 519 536 1609 470 536 1610 496 537 1611 546 537 1612 497 537 1613 457 538 1614 505 538 1615 506 538 1616 484 539 1617 532 539 1618 533 539 1619 471 540 1620 519 540 1621 520 540 1622 1723 541 1623 497 541 1624 546 541 1625 457 542 1626 507 542 1627 458 542 1628 485 543 1629 533 543 1630 534 543 1631 471 544 1632 521 544 1633 472 544 1634 459 545 1635 507 545 1636 508 545 1637 485 546 1638 535 546 1639 486 546 1640 473 547 1641 521 547 1642 522 547 1643 459 548 1644 509 548 1645 460 548 1646 487 549 1647 535 549 1648 536 549 1649 516 550 1650 564 550 1651 565 550 1652 542 551 1653 592 551 1654 543 551 1655 502 552 1656 552 552 1657 503 552 1658 529 553 1659 579 553 1660 530 553 1661 516 554 1662 566 554 1663 517 554 1664 543 555 1665 593 555 1666 544 555 1667 504 556 1668 552 556 1669 553 556 1670 531 557 1671 579 557 1672 580 557 1673 518 558 1674 566 558 1675 567 558 1676 544 559 1677 594 559 1678 545 559 1679 504 560 1680 554 560 1681 505 560 1682 532 561 1683 580 561 1684 581 561 1685 518 562 1686 568 562 1687 519 562 1688 545 563 1689 595 563 1690 546 563 1691 506 564 1692 554 564 1693 555 564 1694 533 565 1695 581 565 1696 582 565 1697 520 566 1698 568 566 1699 569 566 1700 1723 567 1701 546 567 1702 595 567 1703 506 568 1704 556 568 1705 507 568 1706 534 569 1707 582 569 1708 583 569 1709 520 570 1710 570 570 1711 521 570 1712 508 571 1713 556 571 1714 557 571 1715 534 572 1716 584 572 1717 535 572 1718 522 573 1719 570 573 1720 571 573 1721 508 574 1722 558 574 1723 509 574 1724 536 575 1725 584 575 1726 585 575 1727 522 576 1728 572 576 1729 523 576 1730 510 577 1731 558 577 1732 559 577 1733 536 578 1734 586 578 1735 537 578 1736 524 579 1737 572 579 1738 573 579 1739 510 580 1740 560 580 1741 511 580 1742 538 581 1743 586 581 1744 587 581 1745 498 582 1746 56 582 1747 547 582 1748 524 583 1749 574 583 1750 525 583 1751 511 584 1752 561 584 1753 512 584 1754 538 585 1755 588 585 1756 539 585 1757 499 586 1758 547 586 1759 548 586 1760 526 587 1761 574 587 1762 575 587 1763 512 588 1764 562 588 1765 513 588 1766 540 589 1767 588 589 1768 589 589 1769 500 590 1770 548 590 1771 549 590 1772 526 591 1773 576 591 1774 527 591 1775 513 592 1776 563 592 1777 514 592 1778 540 593 1779 590 593 1780 541 593 1781 501 594 1782 549 594 1783 550 594 1784 528 595 1785 576 595 1786 577 595 1787 515 596 1788 563 596 1789 564 596 1790 542 597 1791 590 597 1792 591 597 1793 502 598 1794 550 598 1795 551 598 1796 528 599 1797 578 599 1798 529 599 1799 571 600 1800 619 600 1801 620 600 1802 557 601 1803 607 601 1804 558 601 1805 585 602 1806 633 602 1807 634 602 1808 571 603 1809 621 603 1810 572 603 1811 559 604 1812 607 604 1813 608 604 1814 585 605 1815 635 605 1816 586 605 1817 573 606 1818 621 606 1819 622 606 1820 559 607 1821 609 607 1822 560 607 1823 587 608 1824 635 608 1825 636 608 1826 547 609 1827 56 609 1828 596 609 1829 573 610 1830 623 610 1831 574 610 1832 560 611 1833 610 611 1834 561 611 1835 587 612 1836 637 612 1837 588 612 1838 548 613 1839 596 613 1840 597 613 1841 575 614 1842 623 614 1843 624 614 1844 561 615 1845 611 615 1846 562 615 1847 589 616 1848 637 616 1849 638 616 1850 549 617 1851 597 617 1852 598 617 1853 575 618 1854 625 618 1855 576 618 1856 562 619 1857 612 619 1858 563 619 1859 589 620 1860 639 620 1861 590 620 1862 549 621 1863 599 621 1864 550 621 1865 577 622 1866 625 622 1867 626 622 1868 564 623 1869 612 623 1870 613 623 1871 591 624 1872 639 624 1873 640 624 1874 551 625 1875 599 625 1876 600 625 1877 577 626 1878 627 626 1879 578 626 1880 565 627 1881 613 627 1882 614 627 1883 591 628 1884 641 628 1885 592 628 1886 551 629 1887 601 629 1888 552 629 1889 578 630 1890 628 630 1891 579 630 1892 565 631 1893 615 631 1894 566 631 1895 593 632 1896 641 632 1897 642 632 1898 553 633 1899 601 633 1900 602 633 1901 580 634 1902 628 634 1903 629 634 1904 567 635 1905 615 635 1906 616 635 1907 593 636 1908 643 636 1909 594 636 1910 553 637 1911 603 637 1912 554 637 1913 581 638 1914 629 638 1915 630 638 1916 567 639 1917 617 639 1918 568 639 1919 594 640 1920 644 640 1921 595 640 1922 555 641 1923 603 641 1924 604 641 1925 582 642 1926 630 642 1927 631 642 1928 569 643 1929 617 643 1930 618 643 1931 1723 644 1932 595 644 1933 644 644 1934 555 645 1935 605 645 1936 556 645 1937 583 646 1938 631 646 1939 632 646 1940 569 647 1941 619 647 1942 570 647 1943 557 648 1944 605 648 1945 606 648 1946 583 649 1947 633 649 1948 584 649 1949 613 650 1950 661 650 1951 662 650 1952 640 651 1953 688 651 1954 689 651 1955 600 652 1956 648 652 1957 649 652 1958 626 653 1959 676 653 1960 627 653 1961 614 654 1962 662 654 1963 663 654 1964 640 655 1965 690 655 1966 641 655 1967 600 656 1968 650 656 1969 601 656 1970 627 657 1971 677 657 1972 628 657 1973 614 658 1974 664 658 1975 615 658 1976 641 659 1977 691 659 1978 642 659 1979 602 660 1980 650 660 1981 651 660 1982 629 661 1983 677 661 1984 678 661 1985 616 662 1986 664 662 1987 665 662 1988 642 663 1989 692 663 1990 643 663 1991 602 664 1992 652 664 1993 603 664 1994 630 665 1995 678 665 1996 679 665 1997 616 666 1998 666 666 1999 617 666 2000 643 667 2001 693 667 2002 644 667 2003 604 668 2004 652 668 2005 653 668 2006 631 669 2007 679 669 2008 680 669 2009 618 670 2010 666 670 2011 667 670 2012 1723 671 2013 644 671 2014 693 671 2015 604 672 2016 654 672 2017 605 672 2018 632 673 2019 680 673 2020 681 673 2021 618 674 2022 668 674 2023 619 674 2024 606 675 2025 654 675 2026 655 675 2027 632 676 2028 682 676 2029 633 676 2030 620 677 2031 668 677 2032 669 677 2033 606 678 2034 656 678 2035 607 678 2036 634 679 2037 682 679 2038 683 679 2039 620 680 2040 670 680 2041 621 680 2042 608 681 2043 656 681 2044 657 681 2045 634 682 2046 684 682 2047 635 682 2048 622 683 2049 670 683 2050 671 683 2051 608 684 2052 658 684 2053 609 684 2054 636 685 2055 684 685 2056 685 685 2057 596 686 2058 56 686 2059 645 686 2060 622 687 2061 672 687 2062 623 687 2063 609 688 2064 659 688 2065 610 688 2066 636 689 2067 686 689 2068 637 689 2069 596 690 2070 646 690 2071 597 690 2072 624 691 2073 672 691 2074 673 691 2075 610 692 2076 660 692 2077 611 692 2078 638 693 2079 686 693 2080 687 693 2081 598 694 2082 646 694 2083 647 694 2084 624 695 2085 674 695 2086 625 695 2087 611 696 2088 661 696 2089 612 696 2090 638 697 2091 688 697 2092 639 697 2093 599 698 2094 647 698 2095 648 698 2096 626 699 2097 674 699 2098 675 699 2099 667 700 2100 717 700 2101 668 700 2102 655 701 2103 703 701 2104 704 701 2105 681 702 2106 731 702 2107 682 702 2108 669 703 2109 717 703 2110 718 703 2111 655 704 2112 705 704 2113 656 704 2114 683 705 2115 731 705 2116 732 705 2117 669 706 2118 719 706 2119 670 706 2120 657 707 2121 705 707 2122 706 707 2123 683 708 2124 733 708 2125 684 708 2126 671 709 2127 719 709 2128 720 709 2129 657 710 2130 707 710 2131 658 710 2132 685 711 2133 733 711 2134 734 711 2135 645 712 2136 56 712 2137 694 712 2138 671 713 2139 721 713 2140 672 713 2141 658 714 2142 708 714 2143 659 714 2144 685 715 2145 735 715 2146 686 715 2147 645 716 2148 695 716 2149 646 716 2150 673 717 2151 721 717 2152 722 717 2153 659 718 2154 709 718 2155 660 718 2156 687 719 2157 735 719 2158 736 719 2159 646 720 2160 696 720 2161 647 720 2162 673 721 2163 723 721 2164 674 721 2165 661 722 2166 709 722 2167 710 722 2168 687 723 2169 737 723 2170 688 723 2171 647 724 2172 697 724 2173 648 724 2174 675 725 2175 723 725 2176 724 725 2177 662 726 2178 710 726 2179 711 726 2180 689 727 2181 737 727 2182 738 727 2183 649 728 2184 697 728 2185 698 728 2186 675 729 2187 725 729 2188 676 729 2189 663 730 2190 711 730 2191 712 730 2192 689 731 2193 739 731 2194 690 731 2195 649 732 2196 699 732 2197 650 732 2198 676 733 2199 726 733 2200 677 733 2201 663 734 2202 713 734 2203 664 734 2204 691 735 2205 739 735 2206 740 735 2207 651 736 2208 699 736 2209 700 736 2210 677 737 2211 727 737 2212 678 737 2213 665 738 2214 713 738 2215 714 738 2216 691 739 2217 741 739 2218 692 739 2219 651 740 2220 701 740 2221 652 740 2222 679 741 2223 727 741 2224 728 741 2225 665 742 2226 715 742 2227 666 742 2228 693 743 2229 741 743 2230 742 743 2231 653 744 2232 701 744 2233 702 744 2234 680 745 2235 728 745 2236 729 745 2237 667 746 2238 715 746 2239 716 746 2240 1723 747 2241 693 747 2242 742 747 2243 653 748 2244 703 748 2245 654 748 2246 681 749 2247 729 749 2248 730 749 2249 710 750 2250 758 750 2251 759 750 2252 736 751 2253 786 751 2254 737 751 2255 696 752 2256 746 752 2257 697 752 2258 724 753 2259 772 753 2260 773 753 2261 711 754 2262 759 754 2263 760 754 2264 738 755 2265 786 755 2266 787 755 2267 698 756 2268 746 756 2269 747 756 2270 724 757 2271 774 757 2272 725 757 2273 712 758 2274 760 758 2275 761 758 2276 738 759 2277 788 759 2278 739 759 2279 698 760 2280 748 760 2281 699 760 2282 725 761 2283 775 761 2284 726 761 2285 712 762 2286 762 762 2287 713 762 2288 739 763 2289 789 763 2290 740 763 2291 700 764 2292 748 764 2293 749 764 2294 726 765 2295 776 765 2296 727 765 2297 714 766 2298 762 766 2299 763 766 2300 740 767 2301 790 767 2302 741 767 2303 700 768 2304 750 768 2305 701 768 2306 728 769 2307 776 769 2308 777 769 2309 714 770 2310 764 770 2311 715 770 2312 741 771 2313 791 771 2314 742 771 2315 702 772 2316 750 772 2317 751 772 2318 729 773 2319 777 773 2320 778 773 2321 716 774 2322 764 774 2323 765 774 2324 1723 775 2325 742 775 2326 791 775 2327 702 776 2328 752 776 2329 703 776 2330 730 777 2331 778 777 2332 779 777 2333 716 778 2334 766 778 2335 717 778 2336 704 779 2337 752 779 2338 753 779 2339 730 780 2340 780 780 2341 731 780 2342 718 781 2343 766 781 2344 767 781 2345 704 782 2346 754 782 2347 705 782 2348 732 783 2349 780 783 2350 781 783 2351 718 784 2352 768 784 2353 719 784 2354 706 785 2355 754 785 2356 755 785 2357 732 786 2358 782 786 2359 733 786 2360 720 787 2361 768 787 2362 769 787 2363 706 788 2364 756 788 2365 707 788 2366 734 789 2367 782 789 2368 783 789 2369 694 790 2370 56 790 2371 743 790 2372 720 791 2373 770 791 2374 721 791 2375 707 792 2376 757 792 2377 708 792 2378 734 793 2379 784 793 2380 735 793 2381 695 794 2382 743 794 2383 744 794 2384 722 795 2385 770 795 2386 771 795 2387 708 796 2388 758 796 2389 709 796 2390 736 797 2391 784 797 2392 785 797 2393 696 798 2394 744 798 2395 745 798 2396 722 799 2397 772 799 2398 723 799 2399 765 800 2400 813 800 2401 814 800 2402 1723 801 2403 791 801 2404 840 801 2405 751 802 2406 801 802 2407 752 802 2408 779 803 2409 827 803 2410 828 803 2411 765 804 2412 815 804 2413 766 804 2414 753 805 2415 801 805 2416 802 805 2417 779 806 2418 829 806 2419 780 806 2420 767 807 2421 815 807 2422 816 807 2423 753 808 2424 803 808 2425 754 808 2426 781 809 2427 829 809 2428 830 809 2429 767 810 2430 817 810 2431 768 810 2432 755 811 2433 803 811 2434 804 811 2435 781 812 2436 831 812 2437 782 812 2438 769 813 2439 817 813 2440 818 813 2441 755 814 2442 805 814 2443 756 814 2444 783 815 2445 831 815 2446 832 815 2447 743 816 2448 56 816 2449 792 816 2450 769 817 2451 819 817 2452 770 817 2453 756 818 2454 806 818 2455 757 818 2456 783 819 2457 833 819 2458 784 819 2459 744 820 2460 792 820 2461 793 820 2462 771 821 2463 819 821 2464 820 821 2465 757 822 2466 807 822 2467 758 822 2468 785 823 2469 833 823 2470 834 823 2471 745 824 2472 793 824 2473 794 824 2474 771 825 2475 821 825 2476 772 825 2477 759 826 2478 807 826 2479 808 826 2480 785 827 2481 835 827 2482 786 827 2483 745 828 2484 795 828 2485 746 828 2486 773 829 2487 821 829 2488 822 829 2489 760 830 2490 808 830 2491 809 830 2492 786 831 2493 836 831 2494 787 831 2495 747 832 2496 795 832 2497 796 832 2498 773 833 2499 823 833 2500 774 833 2501 761 834 2502 809 834 2503 810 834 2504 787 835 2505 837 835 2506 788 835 2507 748 836 2508 796 836 2509 797 836 2510 774 837 2511 824 837 2512 775 837 2513 761 838 2514 811 838 2515 762 838 2516 789 839 2517 837 839 2518 838 839 2519 749 840 2520 797 840 2521 798 840 2522 775 841 2523 825 841 2524 776 841 2525 763 842 2526 811 842 2527 812 842 2528 789 843 2529 839 843 2530 790 843 2531 749 844 2532 799 844 2533 750 844 2534 777 845 2535 825 845 2536 826 845 2537 763 846 2538 813 846 2539 764 846 2540 790 847 2541 840 847 2542 791 847 2543 751 848 2544 799 848 2545 800 848 2546 778 849 2547 826 849 2548 827 849 2549 832 850 2550 880 850 2551 881 850 2552 792 851 2553 56 851 2554 841 851 2555 818 852 2556 868 852 2557 819 852 2558 805 853 2559 855 853 2560 806 853 2561 832 854 2562 882 854 2563 833 854 2564 793 855 2565 841 855 2566 842 855 2567 820 856 2568 868 856 2569 869 856 2570 806 857 2571 856 857 2572 807 857 2573 834 858 2574 882 858 2575 883 858 2576 794 859 2577 842 859 2578 843 859 2579 820 860 2580 870 860 2581 821 860 2582 808 861 2583 856 861 2584 857 861 2585 834 862 2586 884 862 2587 835 862 2588 794 863 2589 844 863 2590 795 863 2591 822 864 2592 870 864 2593 871 864 2594 809 865 2595 857 865 2596 858 865 2597 835 866 2598 885 866 2599 836 866 2600 796 867 2601 844 867 2602 845 867 2603 822 868 2604 872 868 2605 823 868 2606 810 869 2607 858 869 2608 859 869 2609 836 870 2610 886 870 2611 837 870 2612 797 871 2613 845 871 2614 846 871 2615 823 872 2616 873 872 2617 824 872 2618 810 873 2619 860 873 2620 811 873 2621 838 874 2622 886 874 2623 887 874 2624 798 875 2625 846 875 2626 847 875 2627 824 876 2628 874 876 2629 825 876 2630 812 877 2631 860 877 2632 861 877 2633 838 878 2634 888 878 2635 839 878 2636 798 879 2637 848 879 2638 799 879 2639 826 880 2640 874 880 2641 875 880 2642 812 881 2643 862 881 2644 813 881 2645 839 882 2646 889 882 2647 840 882 2648 800 883 2649 848 883 2650 849 883 2651 827 884 2652 875 884 2653 876 884 2654 814 885 2655 862 885 2656 863 885 2657 1723 886 2658 840 886 2659 889 886 2660 800 887 2661 850 887 2662 801 887 2663 828 888 2664 876 888 2665 877 888 2666 814 889 2667 864 889 2668 815 889 2669 802 890 2670 850 890 2671 851 890 2672 828 891 2673 878 891 2674 829 891 2675 816 892 2676 864 892 2677 865 892 2678 802 893 2679 852 893 2680 803 893 2681 830 894 2682 878 894 2683 879 894 2684 816 895 2685 866 895 2686 817 895 2687 804 896 2688 852 896 2689 853 896 2690 830 897 2691 880 897 2692 831 897 2693 818 898 2694 866 898 2695 867 898 2696 804 899 2697 854 899 2698 805 899 2699 847 900 2700 895 900 2701 896 900 2702 873 901 2703 923 901 2704 874 901 2705 861 902 2706 909 902 2707 910 902 2708 888 903 2709 936 903 2710 937 903 2711 847 904 2712 897 904 2713 848 904 2714 875 905 2715 923 905 2716 924 905 2717 861 906 2718 911 906 2719 862 906 2720 888 907 2721 938 907 2722 889 907 2723 849 908 2724 897 908 2725 898 908 2726 876 909 2727 924 909 2728 925 909 2729 863 910 2730 911 910 2731 912 910 2732 1723 911 2733 889 911 2734 938 911 2735 849 912 2736 899 912 2737 850 912 2738 877 913 2739 925 913 2740 926 913 2741 863 914 2742 913 914 2743 864 914 2744 851 915 2745 899 915 2746 900 915 2747 877 916 2748 927 916 2749 878 916 2750 865 917 2751 913 917 2752 914 917 2753 851 918 2754 901 918 2755 852 918 2756 879 919 2757 927 919 2758 928 919 2759 865 920 2760 915 920 2761 866 920 2762 853 921 2763 901 921 2764 902 921 2765 879 922 2766 929 922 2767 880 922 2768 867 923 2769 915 923 2770 916 923 2771 853 924 2772 903 924 2773 854 924 2774 881 925 2775 929 925 2776 930 925 2777 841 926 2778 56 926 2779 890 926 2780 867 927 2781 917 927 2782 868 927 2783 854 928 2784 904 928 2785 855 928 2786 881 929 2787 931 929 2788 882 929 2789 842 930 2790 890 930 2791 891 930 2792 869 931 2793 917 931 2794 918 931 2795 855 932 2796 905 932 2797 856 932 2798 883 933 2799 931 933 2800 932 933 2801 842 934 2802 892 934 2803 843 934 2804 869 935 2805 919 935 2806 870 935 2807 857 936 2808 905 936 2809 906 936 2810 883 937 2811 933 937 2812 884 937 2813 844 938 2814 892 938 2815 893 938 2816 871 939 2817 919 939 2818 920 939 2819 858 940 2820 906 940 2821 907 940 2822 884 941 2823 934 941 2824 885 941 2825 845 942 2826 893 942 2827 894 942 2828 871 943 2829 921 943 2830 872 943 2831 859 944 2832 907 944 2833 908 944 2834 885 945 2835 935 945 2836 886 945 2837 846 946 2838 894 946 2839 895 946 2840 872 947 2841 922 947 2842 873 947 2843 859 948 2844 909 948 2845 860 948 2846 886 949 2847 936 949 2848 887 949 2849 928 950 2850 978 950 2851 929 950 2852 916 951 2853 964 951 2854 965 951 2855 902 952 2856 952 952 2857 903 952 2858 930 953 2859 978 953 2860 979 953 2861 890 954 2862 56 954 2863 939 954 2864 916 955 2865 966 955 2866 917 955 2867 903 956 2868 953 956 2869 904 956 2870 930 957 2871 980 957 2872 931 957 2873 891 958 2874 939 958 2875 940 958 2876 918 959 2877 966 959 2878 967 959 2879 904 960 2880 954 960 2881 905 960 2882 932 961 2883 980 961 2884 981 961 2885 892 962 2886 940 962 2887 941 962 2888 918 963 2889 968 963 2890 919 963 2891 905 964 2892 955 964 2893 906 964 2894 932 965 2895 982 965 2896 933 965 2897 892 966 2898 942 966 2899 893 966 2900 920 967 2901 968 967 2902 969 967 2903 907 968 2904 955 968 2905 956 968 2906 933 969 2907 983 969 2908 934 969 2909 894 970 2910 942 970 2911 943 970 2912 920 971 2913 970 971 2914 921 971 2915 908 972 2916 956 972 2917 957 972 2918 934 973 2919 984 973 2920 935 973 2921 895 974 2922 943 974 2923 944 974 2924 921 975 2925 971 975 2926 922 975 2927 908 976 2928 958 976 2929 909 976 2930 936 977 2931 984 977 2932 985 977 2933 896 978 2934 944 978 2935 945 978 2936 923 979 2937 971 979 2938 972 979 2939 910 980 2940 958 980 2941 959 980 2942 936 981 2943 986 981 2944 937 981 2945 896 982 2946 946 982 2947 897 982 2948 924 983 2949 972 983 2950 973 983 2951 910 984 2952 960 984 2953 911 984 2954 937 985 2955 987 985 2956 938 985 2957 898 986 2958 946 986 2959 947 986 2960 925 987 2961 973 987 2962 974 987 2963 912 988 2964 960 988 2965 961 988 2966 1723 989 2967 938 989 2968 987 989 2969 898 990 2970 948 990 2971 899 990 2972 926 991 2973 974 991 2974 975 991 2975 912 992 2976 962 992 2977 913 992 2978 900 993 2979 948 993 2980 949 993 2981 926 994 2982 976 994 2983 927 994 2984 914 995 2985 962 995 2986 963 995 2987 900 996 2988 950 996 2989 901 996 2990 928 997 2991 976 997 2992 977 997 2993 914 998 2994 964 998 2995 915 998 2996 902 999 2997 950 999 2998 951 999 2999 944 1000 3000 992 1000 3001 993 1000 3002 970 1001 3003 1020 1001 3004 971 1001 3005 957 1002 3006 1007 1002 3007 958 1002 3008 984 1003 3009 1034 1003 3010 985 1003 3011 945 1004 3012 993 1004 3013 994 1004 3014 972 1005 3015 1020 1005 3016 1021 1005 3017 959 1006 3018 1007 1006 3019 1008 1006 3020 985 1007 3021 1035 1007 3022 986 1007 3023 945 1008 3024 995 1008 3025 946 1008 3026 973 1009 3027 1021 1009 3028 1022 1009 3029 959 1010 3030 1009 1010 3031 960 1010 3032 986 1011 3033 1036 1011 3034 987 1011 3035 947 1012 3036 995 1012 3037 996 1012 3038 974 1013 3039 1022 1013 3040 1023 1013 3041 961 1014 3042 1009 1014 3043 1010 1014 3044 1723 1015 3045 987 1015 3046 1036 1015 3047 947 1016 3048 997 1016 3049 948 1016 3050 975 1017 3051 1023 1017 3052 1024 1017 3053 961 1018 3054 1011 1018 3055 962 1018 3056 949 1019 3057 997 1019 3058 998 1019 3059 975 1020 3060 1025 1020 3061 976 1020 3062 963 1021 3063 1011 1021 3064 1012 1021 3065 949 1022 3066 999 1022 3067 950 1022 3068 976 1023 3069 1026 1023 3070 977 1023 3071 963 1024 3072 1013 1024 3073 964 1024 3074 951 1025 3075 999 1025 3076 1000 1025 3077 977 1026 3078 1027 1026 3079 978 1026 3080 965 1027 3081 1013 1027 3082 1014 1027 3083 951 1028 3084 1001 1028 3085 952 1028 3086 979 1029 3087 1027 1029 3088 1028 1029 3089 939 1030 3090 56 1030 3091 988 1030 3092 965 1031 3093 1015 1031 3094 966 1031 3095 952 1032 3096 1002 1032 3097 953 1032 3098 979 1033 3099 1029 1033 3100 980 1033 3101 940 1034 3102 988 1034 3103 989 1034 3104 967 1035 3105 1015 1035 3106 1016 1035 3107 953 1036 3108 1003 1036 3109 954 1036 3110 981 1037 3111 1029 1037 3112 1030 1037 3113 940 1038 3114 990 1038 3115 941 1038 3116 967 1039 3117 1017 1039 3118 968 1039 3119 954 1040 3120 1004 1040 3121 955 1040 3122 981 1041 3123 1031 1041 3124 982 1041 3125 941 1042 3126 991 1042 3127 942 1042 3128 969 1043 3129 1017 1043 3130 1018 1043 3131 956 1044 3132 1004 1044 3133 1005 1044 3134 982 1045 3135 1032 1045 3136 983 1045 3137 942 1046 3138 992 1046 3139 943 1046 3140 969 1047 3141 1019 1047 3142 970 1047 3143 957 1048 3144 1005 1048 3145 1006 1048 3146 983 1049 3147 1033 1049 3148 984 1049 3149 1025 1050 3150 1075 1050 3151 1026 1050 3152 1012 1051 3153 1062 1051 3154 1013 1051 3155 1000 1052 3156 1048 1052 3157 1049 1052 3158 1026 1053 3159 1076 1053 3160 1027 1053 3161 1014 1054 3162 1062 1054 3163 1063 1054 3164 1000 1055 3165 1050 1055 3166 1001 1055 3167 1028 1056 3168 1076 1056 3169 1077 1056 3170 988 1057 3171 56 1057 3172 1037 1057 3173 1014 1058 3174 1064 1058 3175 1015 1058 3176 1002 1059 3177 1050 1059 3178 1051 1059 3179 1028 1060 3180 1078 1060 3181 1029 1060 3182 989 1061 3183 1037 1061 3184 1038 1061 3185 1016 1062 3186 1064 1062 3187 1065 1062 3188 1002 1063 3189 1052 1063 3190 1003 1063 3191 1030 1064 3192 1078 1064 3193 1079 1064 3194 990 1065 3195 1038 1065 3196 1039 1065 3197 1016 1066 3198 1066 1066 3199 1017 1066 3200 1003 1067 3201 1053 1067 3202 1004 1067 3203 1030 1068 3204 1080 1068 3205 1031 1068 3206 990 1069 3207 1040 1069 3208 991 1069 3209 1018 1070 3210 1066 1070 3211 1067 1070 3212 1005 1071 3213 1053 1071 3214 1054 1071 3215 1031 1072 3216 1081 1072 3217 1032 1072 3218 991 1073 3219 1041 1073 3220 992 1073 3221 1018 1074 3222 1068 1074 3223 1019 1074 3224 1006 1075 3225 1054 1075 3226 1055 1075 3227 1033 1076 3228 1081 1076 3229 1082 1076 3230 993 1077 3231 1041 1077 3232 1042 1077 3233 1019 1078 3234 1069 1078 3235 1020 1078 3236 1006 1079 3237 1056 1079 3238 1007 1079 3239 1034 1080 3240 1082 1080 3241 1083 1080 3242 994 1081 3243 1042 1081 3244 1043 1081 3245 1021 1082 3246 1069 1082 3247 1070 1082 3248 1008 1083 3249 1056 1083 3250 1057 1083 3251 1034 1084 3252 1084 1084 3253 1035 1084 3254 994 1085 3255 1044 1085 3256 995 1085 3257 1022 1086 3258 1070 1086 3259 1071 1086 3260 1008 1087 3261 1058 1087 3262 1009 1087 3263 1035 1088 3264 1085 1088 3265 1036 1088 3266 996 1089 3267 1044 1089 3268 1045 1089 3269 1022 1090 3270 1072 1090 3271 1023 1090 3272 1010 1091 3273 1058 1091 3274 1059 1091 3275 1723 1092 3276 1036 1092 3277 1085 1092 3278 996 1093 3279 1046 1093 3280 997 1093 3281 1024 1094 3282 1072 1094 3283 1073 1094 3284 1010 1095 3285 1060 1095 3286 1011 1095 3287 998 1096 3288 1046 1096 3289 1047 1096 3290 1024 1097 3291 1074 1097 3292 1025 1097 3293 1012 1098 3294 1060 1098 3295 1061 1098 3296 999 1099 3297 1047 1099 3298 1048 1099 3299 1041 1100 3300 1089 1100 3301 1090 1100 3302 1067 1101 3303 1117 1101 3304 1068 1101 3305 1055 1102 3306 1103 1102 3307 1104 1102 3308 1081 1103 3309 1131 1103 3310 1082 1103 3311 1042 1104 3312 1090 1104 3313 1091 1104 3314 1068 1105 3315 1118 1105 3316 1069 1105 3317 1055 1106 3318 1105 1106 3319 1056 1106 3320 1082 1107 3321 1132 1107 3322 1083 1107 3323 1043 1108 3324 1091 1108 3325 1092 1108 3326 1070 1109 3327 1118 1109 3328 1119 1109 3329 1057 1110 3330 1105 1110 3331 1106 1110 3332 1083 1111 3333 1133 1111 3334 1084 1111 3335 1043 1112 3336 1093 1112 3337 1044 1112 3338 1071 1113 3339 1119 1113 3340 1120 1113 3341 1057 1114 3342 1107 1114 3343 1058 1114 3344 1084 1115 3345 1134 1115 3346 1085 1115 3347 1045 1116 3348 1093 1116 3349 1094 1116 3350 1071 1117 3351 1121 1117 3352 1072 1117 3353 1059 1118 3354 1107 1118 3355 1108 1118 3356 1723 1119 3357 1085 1119 3358 1134 1119 3359 1045 1120 3360 1095 1120 3361 1046 1120 3362 1072 1121 3363 1122 1121 3364 1073 1121 3365 1059 1122 3366 1109 1122 3367 1060 1122 3368 1047 1123 3369 1095 1123 3370 1096 1123 3371 1073 1124 3372 1123 1124 3373 1074 1124 3374 1061 1125 3375 1109 1125 3376 1110 1125 3377 1047 1126 3378 1097 1126 3379 1048 1126 3380 1074 1127 3381 1124 1127 3382 1075 1127 3383 1061 1128 3384 1111 1128 3385 1062 1128 3386 1048 1129 3387 1098 1129 3388 1049 1129 3389 1075 1130 3390 1125 1130 3391 1076 1130 3392 1063 1131 3393 1111 1131 3394 1112 1131 3395 1050 1132 3396 1098 1132 3397 1099 1132 3398 1077 1133 3399 1125 1133 3400 1126 1133 3401 1037 1134 3402 56 1134 3403 1086 1134 3404 1063 1135 3405 1113 1135 3406 1064 1135 3407 1051 1136 3408 1099 1136 3409 1100 1136 3410 1077 1137 3411 1127 1137 3412 1078 1137 3413 1038 1138 3414 1086 1138 3415 1087 1138 3416 1065 1139 3417 1113 1139 3418 1114 1139 3419 1051 1140 3420 1101 1140 3421 1052 1140 3422 1079 1141 3423 1127 1141 3424 1128 1141 3425 1038 1142 3426 1088 1142 3427 1039 1142 3428 1065 1143 3429 1115 1143 3430 1066 1143 3431 1052 1144 3432 1102 1144 3433 1053 1144 3434 1079 1145 3435 1129 1145 3436 1080 1145 3437 1040 1146 3438 1088 1146 3439 1089 1146 3440 1067 1147 3441 1115 1147 3442 1116 1147 3443 1054 1148 3444 1102 1148 3445 1103 1148 3446 1080 1149 3447 1130 1149 3448 1081 1149 3449 1123 1150 3450 1171 1150 3451 1172 1150 3452 1110 1151 3453 1158 1151 3454 1159 1151 3455 1097 1152 3456 1145 1152 3457 1146 1152 3458 1123 1153 3459 1173 1153 3460 1124 1153 3461 1110 1154 3462 1160 1154 3463 1111 1154 3464 1097 1155 3465 1147 1155 3466 1098 1155 3467 1124 1156 3468 1174 1156 3469 1125 1156 3470 1112 1157 3471 1160 1157 3472 1161 1157 3473 1099 1158 3474 1147 1158 3475 1148 1158 3476 1126 1159 3477 1174 1159 3478 1175 1159 3479 1086 1160 3480 56 1160 3481 1135 1160 3482 1112 1161 3483 1162 1161 3484 1113 1161 3485 1100 1162 3486 1148 1162 3487 1149 1162 3488 1126 1163 3489 1176 1163 3490 1127 1163 3491 1087 1164 3492 1135 1164 3493 1136 1164 3494 1114 1165 3495 1162 1165 3496 1163 1165 3497 1100 1166 3498 1150 1166 3499 1101 1166 3500 1127 1167 3501 1177 1167 3502 1128 1167 3503 1088 1168 3504 1136 1168 3505 1137 1168 3506 1114 1169 3507 1164 1169 3508 1115 1169 3509 1101 1170 3510 1151 1170 3511 1102 1170 3512 1128 1171 3513 1178 1171 3514 1129 1171 3515 1088 1172 3516 1138 1172 3517 1089 1172 3518 1116 1173 3519 1164 1173 3520 1165 1173 3521 1103 1174 3522 1151 1174 3523 1152 1174 3524 1129 1175 3525 1179 1175 3526 1130 1175 3527 1090 1176 3528 1138 1176 3529 1139 1176 3530 1116 1177 3531 1166 1177 3532 1117 1177 3533 1104 1178 3534 1152 1178 3535 1153 1178 3536 1130 1179 3537 1180 1179 3538 1131 1179 3539 1091 1180 3540 1139 1180 3541 1140 1180 3542 1117 1181 3543 1167 1181 3544 1118 1181 3545 1104 1182 3546 1154 1182 3547 1105 1182 3548 1132 1183 3549 1180 1183 3550 1181 1183 3551 1092 1184 3552 1140 1184 3553 1141 1184 3554 1119 1185 3555 1167 1185 3556 1168 1185 3557 1106 1186 3558 1154 1186 3559 1155 1186 3560 1132 1187 3561 1182 1187 3562 1133 1187 3563 1092 1188 3564 1142 1188 3565 1093 1188 3566 1120 1189 3567 1168 1189 3568 1169 1189 3569 1106 1190 3570 1156 1190 3571 1107 1190 3572 1133 1191 3573 1183 1191 3574 1134 1191 3575 1094 1192 3576 1142 1192 3577 1143 1192 3578 1120 1193 3579 1170 1193 3580 1121 1193 3581 1108 1194 3582 1156 1194 3583 1157 1194 3584 1723 1195 3585 1134 1195 3586 1183 1195 3587 1094 1196 3588 1144 1196 3589 1095 1196 3590 1121 1197 3591 1171 1197 3592 1122 1197 3593 1108 1198 3594 1158 1198 3595 1109 1198 3596 1096 1199 3597 1144 1199 3598 1145 1199 3599 1137 1200 3600 1187 1200 3601 1138 1200 3602 1165 1201 3603 1213 1201 3604 1214 1201 3605 1152 1202 3606 1200 1202 3607 1201 1202 3608 1178 1203 3609 1228 1203 3610 1179 1203 3611 1139 1204 3612 1187 1204 3613 1188 1204 3614 1165 1205 3615 1215 1205 3616 1166 1205 3617 1152 1206 3618 1202 1206 3619 1153 1206 3620 1179 1207 3621 1229 1207 3622 1180 1207 3623 1140 1208 3624 1188 1208 3625 1189 1208 3626 1166 1209 3627 1216 1209 3628 1167 1209 3629 1153 1210 3630 1203 1210 3631 1154 1210 3632 1181 1211 3633 1229 1211 3634 1230 1211 3635 1141 1212 3636 1189 1212 3637 1190 1212 3638 1168 1213 3639 1216 1213 3640 1217 1213 3641 1155 1214 3642 1203 1214 3643 1204 1214 3644 1182 1215 3645 1230 1215 3646 1231 1215 3647 1142 1216 3648 1190 1216 3649 1191 1216 3650 1169 1217 3651 1217 1217 3652 1218 1217 3653 1155 1218 3654 1205 1218 3655 1156 1218 3656 1182 1219 3657 1232 1219 3658 1183 1219 3659 1143 1220 3660 1191 1220 3661 1192 1220 3662 1169 1221 3663 1219 1221 3664 1170 1221 3665 1157 1222 3666 1205 1222 3667 1206 1222 3668 1723 1223 3669 1183 1223 3670 1232 1223 3671 1143 1224 3672 1193 1224 3673 1144 1224 3674 1170 1225 3675 1220 1225 3676 1171 1225 3677 1157 1226 3678 1207 1226 3679 1158 1226 3680 1145 1227 3681 1193 1227 3682 1194 1227 3683 1171 1228 3684 1221 1228 3685 1172 1228 3686 1159 1229 3687 1207 1229 3688 1208 1229 3689 1146 1230 3690 1194 1230 3691 1195 1230 3692 1172 1231 3693 1222 1231 3694 1173 1231 3695 1159 1232 3696 1209 1232 3697 1160 1232 3698 1146 1233 3699 1196 1233 3700 1147 1233 3701 1173 1234 3702 1223 1234 3703 1174 1234 3704 1161 1235 3705 1209 1235 3706 1210 1235 3707 1148 1236 3708 1196 1236 3709 1197 1236 3710 1175 1237 3711 1223 1237 3712 1224 1237 3713 1135 1238 3714 56 1238 3715 1184 1238 3716 1161 1239 3717 1211 1239 3718 1162 1239 3719 1149 1240 3720 1197 1240 3721 1198 1240 3722 1175 1241 3723 1225 1241 3724 1176 1241 3725 1136 1242 3726 1184 1242 3727 1185 1242 3728 1163 1243 3729 1211 1243 3730 1212 1243 3731 1149 1244 3732 1199 1244 3733 1150 1244 3734 1176 1245 3735 1226 1245 3736 1177 1245 3737 1136 1246 3738 1186 1246 3739 1137 1246 3740 1163 1247 3741 1213 1247 3742 1164 1247 3743 1150 1248 3744 1200 1248 3745 1151 1248 3746 1177 1249 3747 1227 1249 3748 1178 1249 3749 1219 1250 3750 1269 1250 3751 1220 1250 3752 1206 1251 3753 1256 1251 3754 1207 1251 3755 1194 1252 3756 1242 1252 3757 1243 1252 3758 1220 1253 3759 1270 1253 3760 1221 1253 3761 1208 1254 3762 1256 1254 3763 1257 1254 3764 1195 1255 3765 1243 1255 3766 1244 1255 3767 1221 1256 3768 1271 1256 3769 1222 1256 3770 1208 1257 3771 1258 1257 3772 1209 1257 3773 1196 1258 3774 1244 1258 3775 1245 1258 3776 1222 1259 3777 1272 1259 3778 1223 1259 3779 1210 1260 3780 1258 1260 3781 1259 1260 3782 1197 1261 3783 1245 1261 3784 1246 1261 3785 1224 1262 3786 1272 1262 3787 1273 1262 3788 1184 1263 3789 56 1263 3790 1233 1263 3791 1210 1264 3792 1260 1264 3793 1211 1264 3794 1198 1265 3795 1246 1265 3796 1247 1265 3797 1224 1266 3798 1274 1266 3799 1225 1266 3800 1185 1267 3801 1233 1267 3802 1234 1267 3803 1212 1268 3804 1260 1268 3805 1261 1268 3806 1198 1269 3807 1248 1269 3808 1199 1269 3809 1226 1270 3810 1274 1270 3811 1275 1270 3812 1186 1271 3813 1234 1271 3814 1235 1271 3815 1212 1272 3816 1262 1272 3817 1213 1272 3818 1199 1273 3819 1249 1273 3820 1200 1273 3821 1226 1274 3822 1276 1274 3823 1227 1274 3824 1186 1275 3825 1236 1275 3826 1187 1275 3827 1214 1276 3828 1262 1276 3829 1263 1276 3830 1201 1277 3831 1249 1277 3832 1250 1277 3833 1227 1278 3834 1277 1278 3835 1228 1278 3836 1187 1279 3837 1237 1279 3838 1188 1279 3839 1214 1280 3840 1264 1280 3841 1215 1280 3842 1202 1281 3843 1250 1281 3844 1251 1281 3845 1228 1282 3846 1278 1282 3847 1229 1282 3848 1189 1283 3849 1237 1283 3850 1238 1283 3851 1215 1284 3852 1265 1284 3853 1216 1284 3854 1202 1285 3855 1252 1285 3856 1203 1285 3857 1230 1286 3858 1278 1286 3859 1279 1286 3860 1189 1287 3861 1239 1287 3862 1190 1287 3863 1217 1288 3864 1265 1288 3865 1266 1288 3866 1204 1289 3867 1252 1289 3868 1253 1289 3869 1230 1290 3870 1280 1290 3871 1231 1290 3872 1190 1291 3873 1240 1291 3874 1191 1291 3875 1218 1292 3876 1266 1292 3877 1267 1292 3878 1204 1293 3879 1254 1293 3880 1205 1293 3881 1231 1294 3882 1281 1294 3883 1232 1294 3884 1192 1295 3885 1240 1295 3886 1241 1295 3887 1218 1296 3888 1268 1296 3889 1219 1296 3890 1206 1297 3891 1254 1297 3892 1255 1297 3893 1723 1298 3894 1232 1298 3895 1281 1298 3896 1192 1299 3897 1242 1299 3898 1193 1299 3899 1234 1300 3900 1284 1300 3901 1235 1300 3902 1261 1301 3903 1311 1301 3904 1262 1301 3905 1248 1302 3906 1298 1302 3907 1249 1302 3908 1276 1303 3909 1324 1303 3910 1325 1303 3911 1235 1304 3912 1285 1304 3913 1236 1304 3914 1263 1305 3915 1311 1305 3916 1312 1305 3917 1250 1306 3918 1298 1306 3919 1299 1306 3920 1276 1307 3921 1326 1307 3922 1277 1307 3923 1237 1308 3924 1285 1308 3925 1286 1308 3926 1263 1309 3927 1313 1309 3928 1264 1309 3929 1251 1310 3930 1299 1310 3931 1300 1310 3932 1277 1311 3933 1327 1311 3934 1278 1311 3935 1238 1312 3936 1286 1312 3937 1287 1312 3938 1264 1313 3939 1314 1313 3940 1265 1313 3941 1251 1314 3942 1301 1314 3943 1252 1314 3944 1279 1315 3945 1327 1315 3946 1328 1315 3947 1238 1316 3948 1288 1316 3949 1239 1316 3950 1266 1317 3951 1314 1317 3952 1315 1317 3953 1253 1318 3954 1301 1318 3955 1302 1318 3956 1280 1319 3957 1328 1319 3958 1329 1319 3959 1240 1320 3960 1288 1320 3961 1289 1320 3962 1267 1321 3963 1315 1321 3964 1316 1321 3965 1253 1322 3966 1303 1322 3967 1254 1322 3968 1280 1323 3969 1330 1323 3970 1281 1323 3971 1241 1324 3972 1289 1324 3973 1290 1324 3974 1267 1325 3975 1317 1325 3976 1268 1325 3977 1255 1326 3978 1303 1326 3979 1304 1326 3980 1723 1327 3981 1281 1327 3982 1330 1327 3983 1241 1328 3984 1291 1328 3985 1242 1328 3986 1268 1329 3987 1318 1329 3988 1269 1329 3989 1255 1330 3990 1305 1330 3991 1256 1330 3992 1243 1331 3993 1291 1331 3994 1292 1331 3995 1270 1332 3996 1318 1332 3997 1319 1332 3998 1257 1333 3999 1305 1333 4000 1306 1333 4001 1243 1334 4002 1293 1334 4003 1244 1334 4004 1271 1335 4005 1319 1335 4006 1320 1335 4007 1257 1336 4008 1307 1336 4009 1258 1336 4010 1244 1337 4011 1294 1337 4012 1245 1337 4013 1271 1338 4014 1321 1338 4015 1272 1338 4016 1259 1339 4017 1307 1339 4018 1308 1339 4019 1246 1340 4020 1294 1340 4021 1295 1340 4022 1273 1341 4023 1321 1341 4024 1322 1341 4025 1233 1342 4026 56 1342 4027 1282 1342 4028 1259 1343 4029 1309 1343 4030 1260 1343 4031 1247 1344 4032 1295 1344 4033 1296 1344 4034 1273 1345 4035 1323 1345 4036 1274 1345 4037 1234 1346 4038 1282 1346 4039 1283 1346 4040 1261 1347 4041 1309 1347 4042 1310 1347 4043 1247 1348 4044 1297 1348 4045 1248 1348 4046 1274 1349 4047 1324 1349 4048 1275 1349 4049 1316 1350 4050 1366 1350 4051 1317 1350 4052 1304 1351 4053 1352 1351 4054 1353 1351 4055 1723 1352 4056 1330 1352 4057 1379 1352 4058 1290 1353 4059 1340 1353 4060 1291 1353 4061 1317 1354 4062 1367 1354 4063 1318 1354 4064 1304 1355 4065 1354 1355 4066 1305 1355 4067 1292 1356 4068 1340 1356 4069 1341 1356 4070 1318 1357 4071 1368 1357 4072 1319 1357 4073 1306 1358 4074 1354 1358 4075 1355 1358 4076 1293 1359 4077 1341 1359 4078 1342 1359 4079 1319 1360 4080 1369 1360 4081 1320 1360 4082 1306 1361 4083 1356 1361 4084 1307 1361 4085 1294 1362 4086 1342 1362 4087 1343 1362 4088 1320 1363 4089 1370 1363 4090 1321 1363 4091 1308 1364 4092 1356 1364 4093 1357 1364 4094 1295 1365 4095 1343 1365 4096 1344 1365 4097 1322 1366 4098 1370 1366 4099 1371 1366 4100 1282 1367 4101 56 1367 4102 1331 1367 4103 1308 1368 4104 1358 1368 4105 1309 1368 4106 1296 1369 4107 1344 1369 4108 1345 1369 4109 1322 1370 4110 1372 1370 4111 1323 1370 4112 1283 1371 4113 1331 1371 4114 1332 1371 4115 1310 1372 4116 1358 1372 4117 1359 1372 4118 1296 1373 4119 1346 1373 4120 1297 1373 4121 1324 1374 4122 1372 1374 4123 1373 1374 4124 1284 1375 4125 1332 1375 4126 1333 1375 4127 1310 1376 4128 1360 1376 4129 1311 1376 4130 1297 1377 4131 1347 1377 4132 1298 1377 4133 1325 1378 4134 1373 1378 4135 1374 1378 4136 1284 1379 4137 1334 1379 4138 1285 1379 4139 1312 1380 4140 1360 1380 4141 1361 1380 4142 1299 1381 4143 1347 1381 4144 1348 1381 4145 1325 1382 4146 1375 1382 4147 1326 1382 4148 1286 1383 4149 1334 1383 4150 1335 1383 4151 1312 1384 4152 1362 1384 4153 1313 1384 4154 1299 1385 4155 1349 1385 4156 1300 1385 4157 1326 1386 4158 1376 1386 4159 1327 1386 4160 1287 1387 4161 1335 1387 4162 1336 1387 4163 1313 1388 4164 1363 1388 4165 1314 1388 4166 1300 1389 4167 1350 1389 4168 1301 1389 4169 1328 1390 4170 1376 1390 4171 1377 1390 4172 1287 1391 4173 1337 1391 4174 1288 1391 4175 1315 1392 4176 1363 1392 4177 1364 1392 4178 1302 1393 4179 1350 1393 4180 1351 1393 4181 1328 1394 4182 1378 1394 4183 1329 1394 4184 1288 1395 4185 1338 1395 4186 1289 1395 4187 1316 1396 4188 1364 1396 4189 1365 1396 4190 1302 1397 4191 1352 1397 4192 1303 1397 4193 1329 1398 4194 1379 1398 4195 1330 1398 4196 1290 1399 4197 1338 1399 4198 1339 1399 4199 1332 1400 4200 1380 1400 4201 1381 1400 4202 1359 1401 4203 1407 1401 4204 1408 1401 4205 1345 1402 4206 1395 1402 4207 1346 1402 4208 1373 1403 4209 1421 1403 4210 1422 1403 4211 1332 1404 4212 1382 1404 4213 1333 1404 4214 1359 1405 4215 1409 1405 4216 1360 1405 4217 1346 1406 4218 1396 1406 4219 1347 1406 4220 1373 1407 4221 1423 1407 4222 1374 1407 4223 1333 1408 4224 1383 1408 4225 1334 1408 4226 1361 1409 4227 1409 1409 4228 1410 1409 4229 1348 1410 4230 1396 1410 4231 1397 1410 4232 1374 1411 4233 1424 1411 4234 1375 1411 4235 1335 1412 4236 1383 1412 4237 1384 1412 4238 1361 1413 4239 1411 1413 4240 1362 1413 4241 1349 1414 4242 1397 1414 4243 1398 1414 4244 1375 1415 4245 1425 1415 4246 1376 1415 4247 1336 1416 4248 1384 1416 4249 1385 1416 4250 1362 1417 4251 1412 1417 4252 1363 1417 4253 1349 1418 4254 1399 1418 4255 1350 1418 4256 1377 1419 4257 1425 1419 4258 1426 1419 4259 1336 1420 4260 1386 1420 4261 1337 1420 4262 1364 1421 4263 1412 1421 4264 1413 1421 4265 1351 1422 4266 1399 1422 4267 1400 1422 4268 1378 1423 4269 1426 1423 4270 1427 1423 4271 1337 1424 4272 1387 1424 4273 1338 1424 4274 1365 1425 4275 1413 1425 4276 1414 1425 4277 1351 1426 4278 1401 1426 4279 1352 1426 4280 1378 1427 4281 1428 1427 4282 1379 1427 4283 1339 1428 4284 1387 1428 4285 1388 1428 4286 1365 1429 4287 1415 1429 4288 1366 1429 4289 1353 1430 4290 1401 1430 4291 1402 1430 4292 1723 1431 4293 1379 1431 4294 1428 1431 4295 1339 1432 4296 1389 1432 4297 1340 1432 4298 1366 1433 4299 1416 1433 4300 1367 1433 4301 1353 1434 4302 1403 1434 4303 1354 1434 4304 1341 1435 4305 1389 1435 4306 1390 1435 4307 1367 1436 4308 1417 1436 4309 1368 1436 4310 1355 1437 4311 1403 1437 4312 1404 1437 4313 1341 1438 4314 1391 1438 4315 1342 1438 4316 1369 1439 4317 1417 1439 4318 1418 1439 4319 1355 1440 4320 1405 1440 4321 1356 1440 4322 1343 1441 4323 1391 1441 4324 1392 1441 4325 1369 1442 4326 1419 1442 4327 1370 1442 4328 1357 1443 4329 1405 1443 4330 1406 1443 4331 1344 1444 4332 1392 1444 4333 1393 1444 4334 1371 1445 4335 1419 1445 4336 1420 1445 4337 1331 1446 4338 56 1446 4339 1380 1446 4340 1357 1447 4341 1407 1447 4342 1358 1447 4343 1345 1448 4344 1393 1448 4345 1394 1448 4346 1371 1449 4347 1421 1449 4348 1372 1449 4349 1414 1450 4350 1462 1450 4351 1463 1450 4352 1400 1451 4353 1450 1451 4354 1401 1451 4355 1427 1452 4356 1477 1452 4357 1428 1452 4358 1388 1453 4359 1436 1453 4360 1437 1453 4361 1414 1454 4362 1464 1454 4363 1415 1454 4364 1402 1455 4365 1450 1455 4366 1451 1455 4367 1723 1456 4368 1428 1456 4369 1477 1456 4370 1388 1457 4371 1438 1457 4372 1389 1457 4373 1415 1458 4374 1465 1458 4375 1416 1458 4376 1402 1459 4377 1452 1459 4378 1403 1459 4379 1390 1460 4380 1438 1460 4381 1439 1460 4382 1417 1461 4383 1465 1461 4384 1466 1461 4385 1404 1462 4386 1452 1462 4387 1453 1462 4388 1390 1463 4389 1440 1463 4390 1391 1463 4391 1418 1464 4392 1466 1464 4393 1467 1464 4394 1404 1465 4395 1454 1465 4396 1405 1465 4397 1391 1466 4398 1441 1466 4399 1392 1466 4400 1418 1467 4401 1468 1467 4402 1419 1467 4403 1406 1468 4404 1454 1468 4405 1455 1468 4406 1393 1469 4407 1441 1469 4408 1442 1469 4409 1420 1470 4410 1468 1470 4411 1469 1470 4412 1380 1471 4413 56 1471 4414 1429 1471 4415 1406 1472 4416 1456 1472 4417 1407 1472 4418 1394 1473 4419 1442 1473 4420 1443 1473 4421 1420 1474 4422 1470 1474 4423 1421 1474 4424 1381 1475 4425 1429 1475 4426 1430 1475 4427 1408 1476 4428 1456 1476 4429 1457 1476 4430 1394 1477 4431 1444 1477 4432 1395 1477 4433 1422 1478 4434 1470 1478 4435 1471 1478 4436 1382 1479 4437 1430 1479 4438 1431 1479 4439 1408 1480 4440 1458 1480 4441 1409 1480 4442 1395 1481 4443 1445 1481 4444 1396 1481 4445 1422 1482 4446 1472 1482 4447 1423 1482 4448 1382 1483 4449 1432 1483 4450 1383 1483 4451 1410 1484 4452 1458 1484 4453 1459 1484 4454 1397 1485 4455 1445 1485 4456 1446 1485 4457 1423 1486 4458 1473 1486 4459 1424 1486 4460 1383 1487 4461 1433 1487 4462 1384 1487 4463 1410 1488 4464 1460 1488 4465 1411 1488 4466 1398 1489 4467 1446 1489 4468 1447 1489 4469 1424 1490 4470 1474 1490 4471 1425 1490 4472 1385 1491 4473 1433 1491 4474 1434 1491 4475 1411 1492 4476 1461 1492 4477 1412 1492 4478 1398 1493 4479 1448 1493 4480 1399 1493 4481 1426 1494 4482 1474 1494 4483 1475 1494 4484 1386 1495 4485 1434 1495 4486 1435 1495 4487 1413 1496 4488 1461 1496 4489 1462 1496 4490 1400 1497 4491 1448 1497 4492 1449 1497 4493 1426 1498 4494 1476 1498 4495 1427 1498 4496 1386 1499 4497 1436 1499 4498 1387 1499 4499 1429 1500 4500 56 1500 4501 1478 1500 4502 1455 1501 4503 1505 1501 4504 1456 1501 4505 1443 1502 4506 1491 1502 4507 1492 1502 4508 1469 1503 4509 1519 1503 4510 1470 1503 4511 1430 1504 4512 1478 1504 4513 1479 1504 4514 1457 1505 4515 1505 1505 4516 1506 1505 4517 1443 1506 4518 1493 1506 4519 1444 1506 4520 1471 1507 4521 1519 1507 4522 1520 1507 4523 1430 1508 4524 1480 1508 4525 1431 1508 4526 1457 1509 4527 1507 1509 4528 1458 1509 4529 1444 1510 4530 1494 1510 4531 1445 1510 4532 1471 1511 4533 1521 1511 4534 1472 1511 4535 1431 1512 4536 1481 1512 4537 1432 1512 4538 1459 1513 4539 1507 1513 4540 1508 1513 4541 1446 1514 4542 1494 1514 4543 1495 1514 4544 1472 1515 4545 1522 1515 4546 1473 1515 4547 1432 1516 4548 1482 1516 4549 1433 1516 4550 1459 1517 4551 1509 1517 4552 1460 1517 4553 1446 1518 4554 1496 1518 4555 1447 1518 4556 1473 1519 4557 1523 1519 4558 1474 1519 4559 1434 1520 4560 1482 1520 4561 1483 1520 4562 1460 1521 4563 1510 1521 4564 1461 1521 4565 1447 1522 4566 1497 1522 4567 1448 1522 4568 1475 1523 4569 1523 1523 4570 1524 1523 4571 1435 1524 4572 1483 1524 4573 1484 1524 4574 1462 1525 4575 1510 1525 4576 1511 1525 4577 1449 1526 4578 1497 1526 4579 1498 1526 4580 1475 1527 4581 1525 1527 4582 1476 1527 4583 1435 1528 4584 1485 1528 4585 1436 1528 4586 1463 1529 4587 1511 1529 4588 1512 1529 4589 1449 1530 4590 1499 1530 4591 1450 1530 4592 1476 1531 4593 1526 1531 4594 1477 1531 4595 1437 1532 4596 1485 1532 4597 1486 1532 4598 1463 1533 4599 1513 1533 4600 1464 1533 4601 1451 1534 4602 1499 1534 4603 1500 1534 4604 1723 1535 4605 1477 1535 4606 1526 1535 4607 1437 1536 4608 1487 1536 4609 1438 1536 4610 1464 1537 4611 1514 1537 4612 1465 1537 4613 1451 1538 4614 1501 1538 4615 1452 1538 4616 1439 1539 4617 1487 1539 4618 1488 1539 4619 1466 1540 4620 1514 1540 4621 1515 1540 4622 1453 1541 4623 1501 1541 4624 1502 1541 4625 1439 1542 4626 1489 1542 4627 1440 1542 4628 1467 1543 4629 1515 1543 4630 1516 1543 4631 1453 1544 4632 1503 1544 4633 1454 1544 4634 1440 1545 4635 1490 1545 4636 1441 1545 4637 1467 1546 4638 1517 1546 4639 1468 1546 4640 1455 1547 4641 1503 1547 4642 1504 1547 4643 1442 1548 4644 1490 1548 4645 1491 1548 4646 1469 1549 4647 1517 1549 4648 1518 1549 4649 1510 1550 4650 1560 1550 4651 1511 1550 4652 1498 1551 4653 1546 1551 4654 1547 1551 4655 1524 1552 4656 1574 1552 4657 1525 1552 4658 1484 1553 4659 1534 1553 4660 1485 1553 4661 1512 1554 4662 1560 1554 4663 1561 1554 4664 1498 1555 4665 1548 1555 4666 1499 1555 4667 1525 1556 4668 1575 1556 4669 1526 1556 4670 1486 1557 4671 1534 1557 4672 1535 1557 4673 1513 1558 4674 1561 1558 4675 1562 1558 4676 1500 1559 4677 1548 1559 4678 1549 1559 4679 1723 1560 4680 1526 1560 4681 1575 1560 4682 1486 1561 4683 1536 1561 4684 1487 1561 4685 1513 1562 4686 1563 1562 4687 1514 1562 4688 1500 1563 4689 1550 1563 4690 1501 1563 4691 1488 1564 4692 1536 1564 4693 1537 1564 4694 1514 1565 4695 1564 1565 4696 1515 1565 4697 1502 1566 4698 1550 1566 4699 1551 1566 4700 1488 1567 4701 1538 1567 4702 1489 1567 4703 1516 1568 4704 1564 1568 4705 1565 1568 4706 1502 1569 4707 1552 1569 4708 1503 1569 4709 1490 1570 4710 1538 1570 4711 1539 1570 4712 1516 1571 4713 1566 1571 4714 1517 1571 4715 1504 1572 4716 1552 1572 4717 1553 1572 4718 1491 1573 4719 1539 1573 4720 1540 1573 4721 1518 1574 4722 1566 1574 4723 1567 1574 4724 1478 1575 4725 56 1575 4726 1527 1575 4727 1504 1576 4728 1554 1576 4729 1505 1576 4730 1491 1577 4731 1541 1577 4732 1492 1577 4733 1518 1578 4734 1568 1578 4735 1519 1578 4736 1479 1579 4737 1527 1579 4738 1528 1579 4739 1506 1580 4740 1554 1580 4741 1555 1580 4742 1492 1581 4743 1542 1581 4744 1493 1581 4745 1520 1582 4746 1568 1582 4747 1569 1582 4748 1480 1583 4749 1528 1583 4750 1529 1583 4751 1506 1584 4752 1556 1584 4753 1507 1584 4754 1494 1585 4755 1542 1585 4756 1543 1585 4757 1520 1586 4758 1570 1586 4759 1521 1586 4760 1480 1587 4761 1530 1587 4762 1481 1587 4763 1508 1588 4764 1556 1588 4765 1557 1588 4766 1495 1589 4767 1543 1589 4768 1544 1589 4769 1521 1590 4770 1571 1590 4771 1522 1590 4772 1482 1591 4773 1530 1591 4774 1531 1591 4775 1509 1592 4776 1557 1592 4777 1558 1592 4778 1495 1593 4779 1545 1593 4780 1496 1593 4781 1522 1594 4782 1572 1594 4783 1523 1594 4784 1483 1595 4785 1531 1595 4786 1532 1595 4787 1509 1596 4788 1559 1596 4789 1510 1596 4790 1496 1597 4791 1546 1597 4792 1497 1597 4793 1523 1598 4794 1573 1598 4795 1524 1598 4796 1484 1599 4797 1532 1599 4798 1533 1599 4799 1553 1600 4800 1601 1600 4801 1602 1600 4802 1540 1601 4803 1588 1601 4804 1589 1601 4805 1567 1602 4806 1615 1602 4807 1616 1602 4808 1527 1603 4809 56 1603 4810 1576 1603 4811 1553 1604 4812 1603 1604 4813 1554 1604 4814 1540 1605 4815 1590 1605 4816 1541 1605 4817 1567 1606 4818 1617 1606 4819 1568 1606 4820 1528 1607 4821 1576 1607 4822 1577 1607 4823 1555 1608 4824 1603 1608 4825 1604 1608 4826 1541 1609 4827 1591 1609 4828 1542 1609 4829 1569 1610 4830 1617 1610 4831 1618 1610 4832 1529 1611 4833 1577 1611 4834 1578 1611 4835 1555 1612 4836 1605 1612 4837 1556 1612 4838 1543 1613 4839 1591 1613 4840 1592 1613 4841 1569 1614 4842 1619 1614 4843 1570 1614 4844 1529 1615 4845 1579 1615 4846 1530 1615 4847 1557 1616 4848 1605 1616 4849 1606 1616 4850 1544 1617 4851 1592 1617 4852 1593 1617 4853 1570 1618 4854 1620 1618 4855 1571 1618 4856 1531 1619 4857 1579 1619 4858 1580 1619 4859 1558 1620 4860 1606 1620 4861 1607 1620 4862 1544 1621 4863 1594 1621 4864 1545 1621 4865 1571 1622 4866 1621 1622 4867 1572 1622 4868 1532 1623 4869 1580 1623 4870 1581 1623 4871 1558 1624 4872 1608 1624 4873 1559 1624 4874 1545 1625 4875 1595 1625 4876 1546 1625 4877 1573 1626 4878 1621 1626 4879 1622 1626 4880 1533 1627 4881 1581 1627 4882 1582 1627 4883 1559 1628 4884 1609 1628 4885 1560 1628 4886 1547 1629 4887 1595 1629 4888 1596 1629 4889 1573 1630 4890 1623 1630 4891 1574 1630 4892 1533 1631 4893 1583 1631 4894 1534 1631 4895 1561 1632 4896 1609 1632 4897 1610 1632 4898 1547 1633 4899 1597 1633 4900 1548 1633 4901 1574 1634 4902 1624 1634 4903 1575 1634 4904 1535 1635 4905 1583 1635 4906 1584 1635 4907 1562 1636 4908 1610 1636 4909 1611 1636 4910 1549 1637 4911 1597 1637 4912 1598 1637 4913 1723 1638 4914 1575 1638 4915 1624 1638 4916 1535 1639 4917 1585 1639 4918 1536 1639 4919 1562 1640 4920 1612 1640 4921 1563 1640 4922 1549 1641 4923 1599 1641 4924 1550 1641 4925 1537 1642 4926 1585 1642 4927 1586 1642 4928 1563 1643 4929 1613 1643 4930 1564 1643 4931 1551 1644 4932 1599 1644 4933 1600 1644 4934 1537 1645 4935 1587 1645 4936 1538 1645 4937 1565 1646 4938 1613 1646 4939 1614 1646 4940 1551 1647 4941 1601 1647 4942 1552 1647 4943 1539 1648 4944 1587 1648 4945 1588 1648 4946 1565 1649 4947 1615 1649 4948 1566 1649 4949 1593 1650 4950 1641 1650 4951 1642 1650 4952 1619 1651 4953 1669 1651 4954 1620 1651 4955 1580 1652 4956 1628 1652 4957 1629 1652 4958 1607 1653 4959 1655 1653 4960 1656 1653 4961 1593 1654 4962 1643 1654 4963 1594 1654 4964 1620 1655 4965 1670 1655 4966 1621 1655 4967 1581 1656 4968 1629 1656 4969 1630 1656 4970 1607 1657 4971 1657 1657 4972 1608 1657 4973 1594 1658 4974 1644 1658 4975 1595 1658 4976 1622 1659 4977 1670 1659 4978 1671 1659 4979 1582 1660 4980 1630 1660 4981 1631 1660 4982 1608 1661 4983 1658 1661 4984 1609 1661 4985 1596 1662 4986 1644 1662 4987 1645 1662 4988 1622 1663 4989 1672 1663 4990 1623 1663 4991 1582 1664 4992 1632 1664 4993 1583 1664 4994 1610 1665 4995 1658 1665 4996 1659 1665 4997 1596 1666 4998 1646 1666 4999 1597 1666 5000 1623 1667 5001 1673 1667 5002 1624 1667 5003 1584 1668 5004 1632 1668 5005 1633 1668 5006 1611 1669 5007 1659 1669 5008 1660 1669 5009 1598 1670 5010 1646 1670 5011 1647 1670 5012 1723 1671 5013 1624 1671 5014 1673 1671 5015 1584 1672 5016 1634 1672 5017 1585 1672 5018 1611 1673 5019 1661 1673 5020 1612 1673 5021 1598 1674 5022 1648 1674 5023 1599 1674 5024 1586 1675 5025 1634 1675 5026 1635 1675 5027 1612 1676 5028 1662 1676 5029 1613 1676 5030 1600 1677 5031 1648 1677 5032 1649 1677 5033 1586 1678 5034 1636 1678 5035 1587 1678 5036 1614 1679 5037 1662 1679 5038 1663 1679 5039 1600 1680 5040 1650 1680 5041 1601 1680 5042 1588 1681 5043 1636 1681 5044 1637 1681 5045 1614 1682 5046 1664 1682 5047 1615 1682 5048 1602 1683 5049 1650 1683 5050 1651 1683 5051 1589 1684 5052 1637 1684 5053 1638 1684 5054 1616 1685 5055 1664 1685 5056 1665 1685 5057 1576 1686 5058 56 1686 5059 1625 1686 5060 1602 1687 5061 1652 1687 5062 1603 1687 5063 1589 1688 5064 1639 1688 5065 1590 1688 5066 1616 1689 5067 1666 1689 5068 1617 1689 5069 1577 1690 5070 1625 1690 5071 1626 1690 5072 1604 1691 5073 1652 1691 5074 1653 1691 5075 1590 1692 5076 1640 1692 5077 1591 1692 5078 1618 1693 5079 1666 1693 5080 1667 1693 5081 1577 1694 5082 1627 1694 5083 1578 1694 5084 1604 1695 5085 1654 1695 5086 1605 1695 5087 1592 1696 5088 1640 1696 5089 1641 1696 5090 1618 1697 5091 1668 1697 5092 1619 1697 5093 1578 1698 5094 1628 1698 5095 1579 1698 5096 1606 1699 5097 1654 1699 5098 1655 1699 5099 1635 1700 5100 1683 1700 5101 1684 1700 5102 1661 1701 5103 1711 1701 5104 1662 1701 5105 1649 1702 5106 1697 1702 5107 1698 1702 5108 1635 1703 5109 1685 1703 5110 1636 1703 5111 1663 1704 5112 1711 1704 5113 1712 1704 5114 1649 1705 5115 1699 1705 5116 1650 1705 5117 1637 1706 5118 1685 1706 5119 1686 1706 5120 1663 1707 5121 1713 1707 5122 1664 1707 5123 1651 1708 5124 1699 1708 5125 1700 1708 5126 1638 1709 5127 1686 1709 5128 1687 1709 5129 1665 1710 5130 1713 1710 5131 1714 1710 5132 1625 1711 5133 56 1711 5134 1674 1711 5135 1651 1712 5136 1701 1712 5137 1652 1712 5138 1638 1713 5139 1688 1713 5140 1639 1713 5141 1665 1714 5142 1715 1714 5143 1666 1714 5144 1626 1715 5145 1674 1715 5146 1675 1715 5147 1653 1716 5148 1701 1716 5149 1702 1716 5150 1639 1717 5151 1689 1717 5152 1640 1717 5153 1667 1718 5154 1715 1718 5155 1716 1718 5156 1627 1719 5157 1675 1719 5158 1676 1719 5159 1653 1720 5160 1703 1720 5161 1654 1720 5162 1641 1721 5163 1689 1721 5164 1690 1721 5165 1667 1722 5166 1717 1722 5167 1668 1722 5168 1627 1723 5169 1677 1723 5170 1628 1723 5171 1655 1724 5172 1703 1724 5173 1704 1724 5174 1642 1725 5175 1690 1725 5176 1691 1725 5177 1668 1726 5178 1718 1726 5179 1669 1726 5180 1628 1727 5181 1678 1727 5182 1629 1727 5183 1656 1728 5184 1704 1728 5185 1705 1728 5186 1642 1729 5187 1692 1729 5188 1643 1729 5189 1669 1730 5190 1719 1730 5191 1670 1730 5192 1630 1731 5193 1678 1731 5194 1679 1731 5195 1656 1732 5196 1706 1732 5197 1657 1732 5198 1643 1733 5199 1693 1733 5200 1644 1733 5201 1671 1734 5202 1719 1734 5203 1720 1734 5204 1631 1735 5205 1679 1735 5206 1680 1735 5207 1657 1736 5208 1707 1736 5209 1658 1736 5210 1645 1737 5211 1693 1737 5212 1694 1737 5213 1671 1738 5214 1721 1738 5215 1672 1738 5216 1631 1739 5217 1681 1739 5218 1632 1739 5219 1659 1740 5220 1707 1740 5221 1708 1740 5222 1645 1741 5223 1695 1741 5224 1646 1741 5225 1672 1742 5226 1722 1742 5227 1673 1742 5228 1633 1743 5229 1681 1743 5230 1682 1743 5231 1660 1744 5232 1708 1744 5233 1709 1744 5234 1647 1745 5235 1695 1745 5236 1696 1745 5237 1723 1746 5238 1673 1746 5239 1722 1746 5240 1633 1747 5241 1683 1747 5242 1634 1747 5243 1660 1748 5244 1710 1748 5245 1661 1748 5246 1647 1749 5247 1697 1749 5248 1648 1749 5249 1690 1750 5250 1739 1750 5251 1740 1750 5252 1716 1751 5253 1767 1751 5254 1717 1751 5255 1676 1752 5256 1727 1752 5257 1677 1752 5258 1704 1753 5259 1753 1753 5260 1754 1753 5261 1691 1754 5262 1740 1754 5263 1741 1754 5264 1717 1755 5265 1768 1755 5266 1718 1755 5267 1678 1756 5268 1727 1756 5269 1728 1756 5270 1705 1757 5271 1754 1757 5272 1755 1757 5273 1691 1758 5274 1742 1758 5275 1692 1758 5276 1718 1759 5277 1769 1759 5278 1719 1759 5279 1678 1760 5280 1729 1760 5281 1679 1760 5282 1705 1761 5283 1756 1761 5284 1706 1761 5285 1692 1762 5286 1743 1762 5287 1693 1762 5288 1720 1763 5289 1769 1763 5290 1770 1763 5291 1680 1764 5292 1729 1764 5293 1730 1764 5294 1706 1765 5295 1757 1765 5296 1707 1765 5297 1694 1766 5298 1743 1766 5299 1744 1766 5300 1720 1767 5301 1771 1767 5302 1721 1767 5303 1680 1768 5304 1731 1768 5305 1681 1768 5306 1708 1769 5307 1757 1769 5308 1758 1769 5309 1694 1770 5310 1745 1770 5311 1695 1770 5312 1721 1771 5313 1772 1771 5314 1722 1771 5315 1682 1772 5316 1731 1772 5317 1732 1772 5318 1709 1773 5319 1758 1773 5320 1759 1773 5321 1696 1774 5322 1745 1774 5323 1746 1774 5324 1723 1775 5325 1722 1775 5326 1772 1775 5327 1682 1776 5328 1733 1776 5329 1683 1776 5330 1709 1777 5331 1760 1777 5332 1710 1777 5333 1696 1778 5334 1747 1778 5335 1697 1778 5336 1684 1779 5337 1733 1779 5338 1734 1779 5339 1710 1780 5340 1761 1780 5341 1711 1780 5342 1698 1781 5343 1747 1781 5344 1748 1781 5345 1684 1782 5346 1735 1782 5347 1685 1782 5348 1712 1783 5349 1761 1783 5350 1762 1783 5351 1698 1784 5352 1749 1784 5353 1699 1784 5354 1686 1785 5355 1735 1785 5356 1736 1785 5357 1712 1786 5358 1763 1786 5359 1713 1786 5360 1700 1787 5361 1749 1787 5362 1750 1787 5363 1687 1788 5364 1736 1788 5365 1737 1788 5366 1714 1789 5367 1763 1789 5368 1764 1789 5369 1674 1790 5370 56 1790 5371 1724 1790 5372 1700 1791 5373 1751 1791 5374 1701 1791 5375 1687 1792 5376 1738 1792 5377 1688 1792 5378 1714 1793 5379 1765 1793 5380 1715 1793 5381 1675 1794 5382 1724 1794 5383 1725 1794 5384 1702 1795 5385 1751 1795 5386 1752 1795 5387 1688 1796 5388 1739 1796 5389 1689 1796 5390 1716 1797 5391 1765 1797 5392 1766 1797 5393 1676 1798 5394 1725 1798 5395 1726 1798 5396 1702 1799 5397 1753 1799 5398 1703 1799 5399 1723 1800 5400 1772 1800 5401 1821 1800 5402 1732 1801 5403 1782 1801 5404 1733 1801 5405 1759 1802 5406 1809 1802 5407 1760 1802 5408 1746 1803 5409 1796 1803 5410 1747 1803 5411 1734 1804 5412 1782 1804 5413 1783 1804 5414 1760 1805 5415 1810 1805 5416 1761 1805 5417 1748 1806 5418 1796 1806 5419 1797 1806 5420 1734 1807 5421 1784 1807 5422 1735 1807 5423 1762 1808 5424 1810 1808 5425 1811 1808 5426 1748 1809 5427 1798 1809 5428 1749 1809 5429 1736 1810 5430 1784 1810 5431 1785 1810 5432 1762 1811 5433 1812 1811 5434 1763 1811 5435 1750 1812 5436 1798 1812 5437 1799 1812 5438 1737 1813 5439 1785 1813 5440 1786 1813 5441 1764 1814 5442 1812 1814 5443 1813 1814 5444 1724 1815 5445 56 1815 5446 1773 1815 5447 1750 1816 5448 1800 1816 5449 1751 1816 5450 1737 1817 5451 1787 1817 5452 1738 1817 5453 1764 1818 5454 1814 1818 5455 1765 1818 5456 1725 1819 5457 1773 1819 5458 1774 1819 5459 1752 1820 5460 1800 1820 5461 1801 1820 5462 1738 1821 5463 1788 1821 5464 1739 1821 5465 1766 1822 5466 1814 1822 5467 1815 1822 5468 1726 1823 5469 1774 1823 5470 1775 1823 5471 1752 1824 5472 1802 1824 5473 1753 1824 5474 1740 1825 5475 1788 1825 5476 1789 1825 5477 1766 1826 5478 1816 1826 5479 1767 1826 5480 1726 1827 5481 1776 1827 5482 1727 1827 5483 1754 1828 5484 1802 1828 5485 1803 1828 5486 1741 1829 5487 1789 1829 5488 1790 1829 5489 1767 1830 5490 1817 1830 5491 1768 1830 5492 1727 1831 5493 1777 1831 5494 1728 1831 5495 1755 1832 5496 1803 1832 5497 1804 1832 5498 1741 1833 5499 1791 1833 5500 1742 1833 5501 1769 1834 5502 1817 1834 5503 1818 1834 5504 1728 1835 5505 1778 1835 5506 1729 1835 5507 1755 1836 5508 1805 1836 5509 1756 1836 5510 1742 1837 5511 1792 1837 5512 1743 1837 5513 1770 1838 5514 1818 1838 5515 1819 1838 5516 1730 1839 5517 1778 1839 5518 1779 1839 5519 1756 1840 5520 1806 1840 5521 1757 1840 5522 1744 1841 5523 1792 1841 5524 1793 1841 5525 1770 1842 5526 1820 1842 5527 1771 1842 5528 1730 1843 5529 1780 1843 5530 1731 1843 5531 1758 1844 5532 1806 1844 5533 1807 1844 5534 1744 1845 5535 1794 1845 5536 1745 1845 5537 1771 1846 5538 1821 1846 5539 1772 1846 5540 1732 1847 5541 1780 1847 5542 1781 1847 5543 1759 1848 5544 1807 1848 5545 1808 1848 5546 1746 1849 5547 1794 1849 5548 1795 1849 5549 1787 1850 5550 1837 1850 5551 1788 1850 5552 1815 1851 5553 1863 1851 5554 1864 1851 5555 1775 1852 5556 1823 1852 5557 1824 1852 5558 1801 1853 5559 1851 1853 5560 1802 1853 5561 1789 1854 5562 1837 1854 5563 1838 1854 5564 1815 1855 5565 1865 1855 5566 1816 1855 5567 1775 1856 5568 1825 1856 5569 1776 1856 5570 1803 1857 5571 1851 1857 5572 1852 1857 5573 1790 1858 5574 1838 1858 5575 1839 1858 5576 1817 1859 5577 1865 1859 5578 1866 1859 5579 1777 1860 5580 1825 1860 5581 1826 1860 5582 1804 1861 5583 1852 1861 5584 1853 1861 5585 1790 1862 5586 1840 1862 5587 1791 1862 5588 1817 1863 5589 1867 1863 5590 1818 1863 5591 1777 1864 5592 1827 1864 5593 1778 1864 5594 1804 1865 5595 1854 1865 5596 1805 1865 5597 1791 1866 5598 1841 1866 5599 1792 1866 5600 1819 1867 5601 1867 1867 5602 1868 1867 5603 1779 1868 5604 1827 1868 5605 1828 1868 5606 1805 1869 5607 1855 1869 5608 1806 1869 5609 1793 1870 5610 1841 1870 5611 1842 1870 5612 1819 1871 5613 1869 1871 5614 1820 1871 5615 1779 1872 5616 1829 1872 5617 1780 1872 5618 1807 1873 5619 1855 1873 5620 1856 1873 5621 1793 1874 5622 1843 1874 5623 1794 1874 5624 1820 1875 5625 1870 1875 5626 1821 1875 5627 1781 1876 5628 1829 1876 5629 1830 1876 5630 1808 1877 5631 1856 1877 5632 1857 1877 5633 1795 1878 5634 1843 1878 5635 1844 1878 5636 1723 1879 5637 1821 1879 5638 1870 1879 5639 1781 1880 5640 1831 1880 5641 1782 1880 5642 1808 1881 5643 1858 1881 5644 1809 1881 5645 1795 1882 5646 1845 1882 5647 1796 1882 5648 1783 1883 5649 1831 1883 5650 1832 1883 5651 1809 1884 5652 1859 1884 5653 1810 1884 5654 1797 1885 5655 1845 1885 5656 1846 1885 5657 1783 1886 5658 1833 1886 5659 1784 1886 5660 1811 1887 5661 1859 1887 5662 1860 1887 5663 1797 1888 5664 1847 1888 5665 1798 1888 5666 1785 1889 5667 1833 1889 5668 1834 1889 5669 1811 1890 5670 1861 1890 5671 1812 1890 5672 1799 1891 5673 1847 1891 5674 1848 1891 5675 1786 1892 5676 1834 1892 5677 1835 1892 5678 1813 1893 5679 1861 1893 5680 1862 1893 5681 1773 1894 5682 56 1894 5683 1822 1894 5684 1799 1895 5685 1849 1895 5686 1800 1895 5687 1786 1896 5688 1836 1896 5689 1787 1896 5690 1813 1897 5691 1863 1897 5692 1814 1897 5693 1774 1898 5694 1822 1898 5695 1823 1898 5696 1801 1899 5697 1849 1899 5698 1850 1899 5699 1869 1900 5700 1919 1900 5701 1870 1900 5702 1830 1901 5703 1878 1901 5704 1879 1901 5705 1857 1902 5706 1905 1902 5707 1906 1902 5708 1844 1903 5709 1892 1903 5710 1893 1903 5711 1723 1904 5712 1870 1904 5713 1919 1904 5714 1830 1905 5715 1880 1905 5716 1831 1905 5717 1857 1906 5718 1907 1906 5719 1858 1906 5720 1844 1907 5721 1894 1907 5722 1845 1907 5723 1832 1908 5724 1880 1908 5725 1881 1908 5726 1858 1909 5727 1908 1909 5728 1859 1909 5729 1846 1910 5730 1894 1910 5731 1895 1910 5732 1832 1911 5733 1882 1911 5734 1833 1911 5735 1860 1912 5736 1908 1912 5737 1909 1912 5738 1846 1913 5739 1896 1913 5740 1847 1913 5741 1834 1914 5742 1882 1914 5743 1883 1914 5744 1860 1915 5745 1910 1915 5746 1861 1915 5747 1848 1916 5748 1896 1916 5749 1897 1916 5750 1835 1917 5751 1883 1917 5752 1884 1917 5753 1862 1918 5754 1910 1918 5755 1911 1918 5756 1822 1919 5757 56 1919 5758 1871 1919 5759 1848 1920 5760 1898 1920 5761 1849 1920 5762 1835 1921 5763 1885 1921 5764 1836 1921 5765 1862 1922 5766 1912 1922 5767 1863 1922 5768 1823 1923 5769 1871 1923 5770 1872 1923 5771 1850 1924 5772 1898 1924 5773 1899 1924 5774 1836 1925 5775 1886 1925 5776 1837 1925 5777 1864 1926 5778 1912 1926 5779 1913 1926 5780 1824 1927 5781 1872 1927 5782 1873 1927 5783 1850 1928 5784 1900 1928 5785 1851 1928 5786 1838 1929 5787 1886 1929 5788 1887 1929 5789 1864 1930 5790 1914 1930 5791 1865 1930 5792 1824 1931 5793 1874 1931 5794 1825 1931 5795 1852 1932 5796 1900 1932 5797 1901 1932 5798 1839 1933 5799 1887 1933 5800 1888 1933 5801 1865 1934 5802 1915 1934 5803 1866 1934 5804 1826 1935 5805 1874 1935 5806 1875 1935 5807 1853 1936 5808 1901 1936 5809 1902 1936 5810 1839 1937 5811 1889 1937 5812 1840 1937 5813 1866 1938 5814 1916 1938 5815 1867 1938 5816 1827 1939 5817 1875 1939 5818 1876 1939 5819 1853 1940 5820 1903 1940 5821 1854 1940 5822 1840 1941 5823 1890 1941 5824 1841 1941 5825 1868 1942 5826 1916 1942 5827 1917 1942 5828 1828 1943 5829 1876 1943 5830 1877 1943 5831 1854 1944 5832 1904 1944 5833 1855 1944 5834 1842 1945 5835 1890 1945 5836 1891 1945 5837 1868 1946 5838 1918 1946 5839 1869 1946 5840 1828 1947 5841 1878 1947 5842 1829 1947 5843 1856 1948 5844 1904 1948 5845 1905 1948 5846 1842 1949 5847 1892 1949 5848 1843 1949 5849 1884 1950 5850 1934 1950 5851 1885 1950 5852 1911 1951 5853 1961 1951 5854 1912 1951 5855 1872 1952 5856 1920 1952 5857 1921 1952 5858 1899 1953 5859 1947 1953 5860 1948 1953 5861 1885 1954 5862 1935 1954 5863 1886 1954 5864 1913 1955 5865 1961 1955 5866 1962 1955 5867 1873 1956 5868 1921 1956 5869 1922 1956 5870 1899 1957 5871 1949 1957 5872 1900 1957 5873 1887 1958 5874 1935 1958 5875 1936 1958 5876 1913 1959 5877 1963 1959 5878 1914 1959 5879 1873 1960 5880 1923 1960 5881 1874 1960 5882 1901 1961 5883 1949 1961 5884 1950 1961 5885 1888 1962 5886 1936 1962 5887 1937 1962 5888 1914 1963 5889 1964 1963 5890 1915 1963 5891 1875 1964 5892 1923 1964 5893 1924 1964 5894 1902 1965 5895 1950 1965 5896 1951 1965 5897 1888 1966 5898 1938 1966 5899 1889 1966 5900 1915 1967 5901 1965 1967 5902 1916 1967 5903 1876 1968 5904 1924 1968 5905 1925 1968 5906 1902 1969 5907 1952 1969 5908 1903 1969 5909 1889 1970 5910 1939 1970 5911 1890 1970 5912 1917 1971 5913 1965 1971 5914 1966 1971 5915 1877 1972 5916 1925 1972 5917 1926 1972 5918 1903 1973 5919 1953 1973 5920 1904 1973 5921 1891 1974 5922 1939 1974 5923 1940 1974 5924 1917 1975 5925 1967 1975 5926 1918 1975 5927 1877 1976 5928 1927 1976 5929 1878 1976 5930 1905 1977 5931 1953 1977 5932 1954 1977 5933 1891 1978 5934 1941 1978 5935 1892 1978 5936 1918 1979 5937 1968 1979 5938 1919 1979 5939 1879 1980 5940 1927 1980 5941 1928 1980 5942 1906 1981 5943 1954 1981 5944 1955 1981 5945 1893 1982 5946 1941 1982 5947 1942 1982 5948 1723 1983 5949 1919 1983 5950 1968 1983 5951 1879 1984 5952 1929 1984 5953 1880 1984 5954 1906 1985 5955 1956 1985 5956 1907 1985 5957 1893 1986 5958 1943 1986 5959 1894 1986 5960 1881 1987 5961 1929 1987 5962 1930 1987 5963 1907 1988 5964 1957 1988 5965 1908 1988 5966 1895 1989 5967 1943 1989 5968 1944 1989 5969 1881 1990 5970 1931 1990 5971 1882 1990 5972 1909 1991 5973 1957 1991 5974 1958 1991 5975 1895 1992 5976 1945 1992 5977 1896 1992 5978 1883 1993 5979 1931 1993 5980 1932 1993 5981 1909 1994 5982 1959 1994 5983 1910 1994 5984 1897 1995 5985 1945 1995 5986 1946 1995 5987 1884 1996 5988 1932 1996 5989 1933 1996 5990 1911 1997 5991 1959 1997 5992 1960 1997 5993 1871 1998 5994 56 1998 5995 1920 1998 5996 1897 1999 5997 1947 1999 5998 1898 1999 5999 1966 2000 6000 2016 2000 6001 1967 2000 6002 1926 2001 6003 1976 2001 6004 1927 2001 6005 1954 2002 6006 2002 2002 6007 2003 2002 6008 1940 2003 6009 1990 2003 6010 1941 2003 6011 1967 2004 6012 2017 2004 6013 1968 2004 6014 1928 2005 6015 1976 2005 6016 1977 2005 6017 1955 2006 6018 2003 2006 6019 2004 2006 6020 1942 2007 6021 1990 2007 6022 1991 2007 6023 1723 2008 6024 1968 2008 6025 2017 2008 6026 1928 2009 6027 1978 2009 6028 1929 2009 6029 1955 2010 6030 2005 2010 6031 1956 2010 6032 1942 2011 6033 1992 2011 6034 1943 2011 6035 1930 2012 6036 1978 2012 6037 1979 2012 6038 1956 2013 6039 2006 2013 6040 1957 2013 6041 1944 2014 6042 1992 2014 6043 1993 2014 6044 1930 2015 6045 1980 2015 6046 1931 2015 6047 1958 2016 6048 2006 2016 6049 2007 2016 6050 1944 2017 6051 1994 2017 6052 1945 2017 6053 1932 2018 6054 1980 2018 6055 1981 2018 6056 1958 2019 6057 2008 2019 6058 1959 2019 6059 1946 2020 6060 1994 2020 6061 1995 2020 6062 1933 2021 6063 1981 2021 6064 1982 2021 6065 1960 2022 6066 2008 2022 6067 2009 2022 6068 1920 2023 6069 56 2023 6070 1969 2023 6071 1946 2024 6072 1996 2024 6073 1947 2024 6074 1933 2025 6075 1983 2025 6076 1934 2025 6077 1960 2026 6078 2010 2026 6079 1961 2026 6080 1921 2027 6081 1969 2027 6082 1970 2027 6083 1948 2028 6084 1996 2028 6085 1997 2028 6086 1934 2029 6087 1984 2029 6088 1935 2029 6089 1962 2030 6090 2010 2030 6091 2011 2030 6092 1922 2031 6093 1970 2031 6094 1971 2031 6095 1948 2032 6096 1998 2032 6097 1949 2032 6098 1936 2033 6099 1984 2033 6100 1985 2033 6101 1962 2034 6102 2012 2034 6103 1963 2034 6104 1922 2035 6105 1972 2035 6106 1923 2035 6107 1950 2036 6108 1998 2036 6109 1999 2036 6110 1937 2037 6111 1985 2037 6112 1986 2037 6113 1963 2038 6114 2013 2038 6115 1964 2038 6116 1924 2039 6117 1972 2039 6118 1973 2039 6119 1951 2040 6120 1999 2040 6121 2000 2040 6122 1937 2041 6123 1987 2041 6124 1938 2041 6125 1964 2042 6126 2014 2042 6127 1965 2042 6128 1925 2043 6129 1973 2043 6130 1974 2043 6131 1951 2044 6132 2001 2044 6133 1952 2044 6134 1938 2045 6135 1988 2045 6136 1939 2045 6137 1966 2046 6138 2014 2046 6139 2015 2046 6140 1926 2047 6141 1974 2047 6142 1975 2047 6143 1952 2048 6144 2002 2048 6145 1953 2048 6146 1940 2049 6147 1988 2049 6148 1989 2049 6149 1982 2050 6150 2030 2050 6151 2031 2050 6152 2009 2051 6153 2057 2051 6154 2058 2051 6155 1969 2052 6156 56 2052 6157 2018 2052 6158 1995 2053 6159 2045 2053 6160 1996 2053 6161 1982 2054 6162 2032 2054 6163 1983 2054 6164 2009 2055 6165 2059 2055 6166 2010 2055 6167 1970 2056 6168 2018 2056 6169 2019 2056 6170 1997 2057 6171 2045 2057 6172 2046 2057 6173 1983 2058 6174 2033 2058 6175 1984 2058 6176 2011 2059 6177 2059 2059 6178 2060 2059 6179 1971 2060 6180 2019 2060 6181 2020 2060 6182 1997 2061 6183 2047 2061 6184 1998 2061 6185 1985 2062 6186 2033 2062 6187 2034 2062 6188 2011 2063 6189 2061 2063 6190 2012 2063 6191 1971 2064 6192 2021 2064 6193 1972 2064 6194 1999 2065 6195 2047 2065 6196 2048 2065 6197 1986 2066 6198 2034 2066 6199 2035 2066 6200 2012 2067 6201 2062 2067 6202 2013 2067 6203 1973 2068 6204 2021 2068 6205 2022 2068 6206 2000 2069 6207 2048 2069 6208 2049 2069 6209 1986 2070 6210 2036 2070 6211 1987 2070 6212 2013 2071 6213 2063 2071 6214 2014 2071 6215 1974 2072 6216 2022 2072 6217 2023 2072 6218 2000 2073 6219 2050 2073 6220 2001 2073 6221 1987 2074 6222 2037 2074 6223 1988 2074 6224 2015 2075 6225 2063 2075 6226 2064 2075 6227 1975 2076 6228 2023 2076 6229 2024 2076 6230 2001 2077 6231 2051 2077 6232 2002 2077 6233 1989 2078 6234 2037 2078 6235 2038 2078 6236 2015 2079 6237 2065 2079 6238 2016 2079 6239 1975 2080 6240 2025 2080 6241 1976 2080 6242 2003 2081 6243 2051 2081 6244 2052 2081 6245 1989 2082 6246 2039 2082 6247 1990 2082 6248 2016 2083 6249 2066 2083 6250 2017 2083 6251 1977 2084 6252 2025 2084 6253 2026 2084 6254 2004 2085 6255 2052 2085 6256 2053 2085 6257 1991 2086 6258 2039 2086 6259 2040 2086 6260 1723 2087 6261 2017 2087 6262 2066 2087 6263 1977 2088 6264 2027 2088 6265 1978 2088 6266 2004 2089 6267 2054 2089 6268 2005 2089 6269 1991 2090 6270 2041 2090 6271 1992 2090 6272 1979 2091 6273 2027 2091 6274 2028 2091 6275 2005 2092 6276 2055 2092 6277 2006 2092 6278 1993 2093 6279 2041 2093 6280 2042 2093 6281 1979 2094 6282 2029 2094 6283 1980 2094 6284 2007 2095 6285 2055 2095 6286 2056 2095 6287 1993 2096 6288 2043 2096 6289 1994 2096 6290 1981 2097 6291 2029 2097 6292 2030 2097 6293 2007 2098 6294 2057 2098 6295 2008 2098 6296 1995 2099 6297 2043 2099 6298 2044 2099 6299 2064 2100 6300 2112 2100 6301 2113 2100 6302 2024 2101 6303 2072 2101 6304 2073 2101 6305 2050 2102 6306 2100 2102 6307 2051 2102 6308 2038 2103 6309 2086 2103 6310 2087 2103 6311 2064 2104 6312 2114 2104 6313 2065 2104 6314 2024 2105 6315 2074 2105 6316 2025 2105 6317 2052 2106 6318 2100 2106 6319 2101 2106 6320 2038 2107 6321 2088 2107 6322 2039 2107 6323 2065 2108 6324 2115 2108 6325 2066 2108 6326 2026 2109 6327 2074 2109 6328 2075 2109 6329 2053 2110 6330 2101 2110 6331 2102 2110 6332 2040 2111 6333 2088 2111 6334 2089 2111 6335 1723 2112 6336 2066 2112 6337 2115 2112 6338 2026 2113 6339 2076 2113 6340 2027 2113 6341 2053 2114 6342 2103 2114 6343 2054 2114 6344 2040 2115 6345 2090 2115 6346 2041 2115 6347 2028 2116 6348 2076 2116 6349 2077 2116 6350 2054 2117 6351 2104 2117 6352 2055 2117 6353 2042 2118 6354 2090 2118 6355 2091 2118 6356 2028 2119 6357 2078 2119 6358 2029 2119 6359 2056 2120 6360 2104 2120 6361 2105 2120 6362 2042 2121 6363 2092 2121 6364 2043 2121 6365 2029 2122 6366 2079 2122 6367 2030 2122 6368 2056 2123 6369 2106 2123 6370 2057 2123 6371 2044 2124 6372 2092 2124 6373 2093 2124 6374 2031 2125 6375 2079 2125 6376 2080 2125 6377 2058 2126 6378 2106 2126 6379 2107 2126 6380 2018 2127 6381 56 2127 6382 2067 2127 6383 2044 2128 6384 2094 2128 6385 2045 2128 6386 2031 2129 6387 2081 2129 6388 2032 2129 6389 2058 2130 6390 2108 2130 6391 2059 2130 6392 2019 2131 6393 2067 2131 6394 2068 2131 6395 2046 2132 6396 2094 2132 6397 2095 2132 6398 2032 2133 6399 2082 2133 6400 2033 2133 6401 2060 2134 6402 2108 2134 6403 2109 2134 6404 2020 2135 6405 2068 2135 6406 2069 2135 6407 2046 2136 6408 2096 2136 6409 2047 2136 6410 2034 2137 6411 2082 2137 6412 2083 2137 6413 2060 2138 6414 2110 2138 6415 2061 2138 6416 2020 2139 6417 2070 2139 6418 2021 2139 6419 2048 2140 6420 2096 2140 6421 2097 2140 6422 2035 2141 6423 2083 2141 6424 2084 2141 6425 2061 2142 6426 2111 2142 6427 2062 2142 6428 2022 2143 6429 2070 2143 6430 2071 2143 6431 2049 2144 6432 2097 2144 6433 2098 2144 6434 2035 2145 6435 2085 2145 6436 2036 2145 6437 2062 2146 6438 2112 2146 6439 2063 2146 6440 2023 2147 6441 2071 2147 6442 2072 2147 6443 2049 2148 6444 2099 2148 6445 2050 2148 6446 2036 2149 6447 2086 2149 6448 2037 2149 6449 2078 2150 6450 2128 2150 6451 2079 2150 6452 2105 2151 6453 2155 2151 6454 2106 2151 6455 2093 2152 6456 2141 2152 6457 2142 2152 6458 2080 2153 6459 2128 2153 6460 2129 2153 6461 2107 2154 6462 2155 2154 6463 2156 2154 6464 2067 2155 6465 56 2155 6466 2116 2155 6467 2093 2156 6468 2143 2156 6469 2094 2156 6470 2080 2157 6471 2130 2157 6472 2081 2157 6473 2107 2158 6474 2157 2158 6475 2108 2158 6476 2068 2159 6477 2116 2159 6478 2117 2159 6479 2095 2160 6480 2143 2160 6481 2144 2160 6482 2081 2161 6483 2131 2161 6484 2082 2161 6485 2109 2162 6486 2157 2162 6487 2158 2162 6488 2069 2163 6489 2117 2163 6490 2118 2163 6491 2095 2164 6492 2145 2164 6493 2096 2164 6494 2083 2165 6495 2131 2165 6496 2132 2165 6497 2109 2166 6498 2159 2166 6499 2110 2166 6500 2069 2167 6501 2119 2167 6502 2070 2167 6503 2097 2168 6504 2145 2168 6505 2146 2168 6506 2084 2169 6507 2132 2169 6508 2133 2169 6509 2110 2170 6510 2160 2170 6511 2111 2170 6512 2071 2171 6513 2119 2171 6514 2120 2171 6515 2098 2172 6516 2146 2172 6517 2147 2172 6518 2084 2173 6519 2134 2173 6520 2085 2173 6521 2111 2174 6522 2161 2174 6523 2112 2174 6524 2072 2175 6525 2120 2175 6526 2121 2175 6527 2098 2176 6528 2148 2176 6529 2099 2176 6530 2085 2177 6531 2135 2177 6532 2086 2177 6533 2113 2178 6534 2161 2178 6535 2162 2178 6536 2073 2179 6537 2121 2179 6538 2122 2179 6539 2099 2180 6540 2149 2180 6541 2100 2180 6542 2087 2181 6543 2135 2181 6544 2136 2181 6545 2113 2182 6546 2163 2182 6547 2114 2182 6548 2073 2183 6549 2123 2183 6550 2074 2183 6551 2101 2184 6552 2149 2184 6553 2150 2184 6554 2087 2185 6555 2137 2185 6556 2088 2185 6557 2114 2186 6558 2164 2186 6559 2115 2186 6560 2075 2187 6561 2123 2187 6562 2124 2187 6563 2102 2188 6564 2150 2188 6565 2151 2188 6566 2089 2189 6567 2137 2189 6568 2138 2189 6569 1723 2190 6570 2115 2190 6571 2164 2190 6572 2075 2191 6573 2125 2191 6574 2076 2191 6575 2102 2192 6576 2152 2192 6577 2103 2192 6578 2089 2193 6579 2139 2193 6580 2090 2193 6581 2077 2194 6582 2125 2194 6583 2126 2194 6584 2104 2195 6585 2152 2195 6586 2153 2195 6587 2091 2196 6588 2139 2196 6589 2140 2196 6590 2078 2197 6591 2126 2197 6592 2127 2197 6593 2104 2198 6594 2154 2198 6595 2105 2198 6596 2091 2199 6597 2141 2199 6598 2092 2199 6599 2160 2200 6600 2210 2200 6601 2161 2200 6602 2121 2201 6603 2169 2201 6604 2170 2201 6605 2147 2202 6606 2197 2202 6607 2148 2202 6608 2134 2203 6609 2184 2203 6610 2135 2203 6611 2162 2204 6612 2210 2204 6613 2211 2204 6614 2122 2205 6615 2170 2205 6616 2171 2205 6617 2149 2206 6618 2197 2206 6619 2198 2206 6620 2136 2207 6621 2184 2207 6622 2185 2207 6623 2162 2208 6624 2212 2208 6625 2163 2208 6626 2122 2209 6627 2172 2209 6628 2123 2209 6629 2150 2210 6630 2198 2210 6631 2199 2210 6632 2136 2211 6633 2186 2211 6634 2137 2211 6635 2163 2212 6636 2213 2212 6637 2164 2212 6638 2124 2213 6639 2172 2213 6640 2173 2213 6641 2151 2214 6642 2199 2214 6643 2200 2214 6644 2138 2215 6645 2186 2215 6646 2187 2215 6647 1723 2216 6648 2164 2216 6649 2213 2216 6650 2124 2217 6651 2174 2217 6652 2125 2217 6653 2151 2218 6654 2201 2218 6655 2152 2218 6656 2138 2219 6657 2188 2219 6658 2139 2219 6659 2126 2220 6660 2174 2220 6661 2175 2220 6662 2153 2221 6663 2201 2221 6664 2202 2221 6665 2140 2222 6666 2188 2222 6667 2189 2222 6668 2126 2223 6669 2176 2223 6670 2127 2223 6671 2153 2224 6672 2203 2224 6673 2154 2224 6674 2140 2225 6675 2190 2225 6676 2141 2225 6677 2127 2226 6678 2177 2226 6679 2128 2226 6680 2154 2227 6681 2204 2227 6682 2155 2227 6683 2142 2228 6684 2190 2228 6685 2191 2228 6686 2129 2229 6687 2177 2229 6688 2178 2229 6689 2156 2230 6690 2204 2230 6691 2205 2230 6692 2116 2231 6693 56 2231 6694 2165 2231 6695 2142 2232 6696 2192 2232 6697 2143 2232 6698 2129 2233 6699 2179 2233 6700 2130 2233 6701 2156 2234 6702 2206 2234 6703 2157 2234 6704 2117 2235 6705 2165 2235 6706 2166 2235 6707 2144 2236 6708 2192 2236 6709 2193 2236 6710 2130 2237 6711 2180 2237 6712 2131 2237 6713 2158 2238 6714 2206 2238 6715 2207 2238 6716 2118 2239 6717 2166 2239 6718 2167 2239 6719 2144 2240 6720 2194 2240 6721 2145 2240 6722 2131 2241 6723 2181 2241 6724 2132 2241 6725 2158 2242 6726 2208 2242 6727 2159 2242 6728 2118 2243 6729 2168 2243 6730 2119 2243 6731 2146 2244 6732 2194 2244 6733 2195 2244 6734 2133 2245 6735 2181 2245 6736 2182 2245 6737 2159 2246 6738 2209 2246 6739 2160 2246 6740 2120 2247 6741 2168 2247 6742 2169 2247 6743 2147 2248 6744 2195 2248 6745 2196 2248 6746 2133 2249 6747 2183 2249 6748 2134 2249 6749 2176 2250 6750 2224 2250 6751 2225 2250 6752 2202 2251 6753 2252 2251 6754 2203 2251 6755 2189 2252 6756 2239 2252 6757 2190 2252 6758 2176 2253 6759 2226 2253 6760 2177 2253 6761 2203 2254 6762 2253 2254 6763 2204 2254 6764 2191 2255 6765 2239 2255 6766 2240 2255 6767 2178 2256 6768 2226 2256 6769 2227 2256 6770 2205 2257 6771 2253 2257 6772 2254 2257 6773 2165 2258 6774 56 2258 6775 2214 2258 6776 2191 2259 6777 2241 2259 6778 2192 2259 6779 2178 2260 6780 2228 2260 6781 2179 2260 6782 2205 2261 6783 2255 2261 6784 2206 2261 6785 2166 2262 6786 2214 2262 6787 2215 2262 6788 2193 2263 6789 2241 2263 6790 2242 2263 6791 2179 2264 6792 2229 2264 6793 2180 2264 6794 2207 2265 6795 2255 2265 6796 2256 2265 6797 2167 2266 6798 2215 2266 6799 2216 2266 6800 2193 2267 6801 2243 2267 6802 2194 2267 6803 2180 2268 6804 2230 2268 6805 2181 2268 6806 2207 2269 6807 2257 2269 6808 2208 2269 6809 2167 2270 6810 2217 2270 6811 2168 2270 6812 2195 2271 6813 2243 2271 6814 2244 2271 6815 2182 2272 6816 2230 2272 6817 2231 2272 6818 2208 2273 6819 2258 2273 6820 2209 2273 6821 2169 2274 6822 2217 2274 6823 2218 2274 6824 2196 2275 6825 2244 2275 6826 2245 2275 6827 2182 2276 6828 2232 2276 6829 2183 2276 6830 2209 2277 6831 2259 2277 6832 2210 2277 6833 2170 2278 6834 2218 2278 6835 2219 2278 6836 2196 2279 6837 2246 2279 6838 2197 2279 6839 2183 2280 6840 2233 2280 6841 2184 2280 6842 2211 2281 6843 2259 2281 6844 2260 2281 6845 2171 2282 6846 2219 2282 6847 2220 2282 6848 2198 2283 6849 2246 2283 6850 2247 2283 6851 2185 2284 6852 2233 2284 6853 2234 2284 6854 2211 2285 6855 2261 2285 6856 2212 2285 6857 2171 2286 6858 2221 2286 6859 2172 2286 6860 2199 2287 6861 2247 2287 6862 2248 2287 6863 2185 2288 6864 2235 2288 6865 2186 2288 6866 2212 2289 6867 2262 2289 6868 2213 2289 6869 2173 2290 6870 2221 2290 6871 2222 2290 6872 2200 2291 6873 2248 2291 6874 2249 2291 6875 2187 2292 6876 2235 2292 6877 2236 2292 6878 1723 2293 6879 2213 2293 6880 2262 2293 6881 2173 2294 6882 2223 2294 6883 2174 2294 6884 2200 2295 6885 2250 2295 6886 2201 2295 6887 2187 2296 6888 2237 2296 6889 2188 2296 6890 2175 2297 6891 2223 2297 6892 2224 2297 6893 2202 2298 6894 2250 2298 6895 2251 2298 6896 2189 2299 6897 2237 2299 6898 2238 2299 6899 2257 2300 6900 2307 2300 6901 2258 2300 6902 2218 2301 6903 2266 2301 6904 2267 2301 6905 2245 2302 6906 2293 2302 6907 2294 2302 6908 2231 2303 6909 2281 2303 6910 2232 2303 6911 2258 2304 6912 2308 2304 6913 2259 2304 6914 2219 2305 6915 2267 2305 6916 2268 2305 6917 2245 2306 6918 2295 2306 6919 2246 2306 6920 2232 2307 6921 2282 2307 6922 2233 2307 6923 2260 2308 6924 2308 2308 6925 2309 2308 6926 2220 2309 6927 2268 2309 6928 2269 2309 6929 2247 2310 6930 2295 2310 6931 2296 2310 6932 2234 2311 6933 2282 2311 6934 2283 2311 6935 2260 2312 6936 2310 2312 6937 2261 2312 6938 2220 2313 6939 2270 2313 6940 2221 2313 6941 2248 2314 6942 2296 2314 6943 2297 2314 6944 2234 2315 6945 2284 2315 6946 2235 2315 6947 2261 2316 6948 2311 2316 6949 2262 2316 6950 2222 2317 6951 2270 2317 6952 2271 2317 6953 2249 2318 6954 2297 2318 6955 2298 2318 6956 2236 2319 6957 2284 2319 6958 2285 2319 6959 1723 2320 6960 2262 2320 6961 2311 2320 6962 2222 2321 6963 2272 2321 6964 2223 2321 6965 2249 2322 6966 2299 2322 6967 2250 2322 6968 2236 2323 6969 2286 2323 6970 2237 2323 6971 2224 2324 6972 2272 2324 6973 2273 2324 6974 2251 2325 6975 2299 2325 6976 2300 2325 6977 2238 2326 6978 2286 2326 6979 2287 2326 6980 2225 2327 6981 2273 2327 6982 2274 2327 6983 2251 2328 6984 2301 2328 6985 2252 2328 6986 2238 2329 6987 2288 2329 6988 2239 2329 6989 2225 2330 6990 2275 2330 6991 2226 2330 6992 2252 2331 6993 2302 2331 6994 2253 2331 6995 2240 2332 6996 2288 2332 6997 2289 2332 6998 2227 2333 6999 2275 2333 7000 2276 2333 7001 2254 2334 7002 2302 2334 7003 2303 2334 7004 2214 2335 7005 56 2335 7006 2263 2335 7007 2240 2336 7008 2290 2336 7009 2241 2336 7010 2227 2337 7011 2277 2337 7012 2228 2337 7013 2254 2338 7014 2304 2338 7015 2255 2338 7016 2215 2339 7017 2263 2339 7018 2264 2339 7019 2242 2340 7020 2290 2340 7021 2291 2340 7022 2228 2341 7023 2278 2341 7024 2229 2341 7025 2256 2342 7026 2304 2342 7027 2305 2342 7028 2216 2343 7029 2264 2343 7030 2265 2343 7031 2242 2344 7032 2292 2344 7033 2243 2344 7034 2229 2345 7035 2279 2345 7036 2230 2345 7037 2256 2346 7038 2306 2346 7039 2257 2346 7040 2216 2347 7041 2266 2347 7042 2217 2347 7043 2244 2348 7044 2292 2348 7045 2293 2348 7046 2231 2349 7047 2279 2349 7048 2280 2349 7049 2273 2350 7050 2321 2350 7051 2322 2350 7052 2300 2351 7053 2348 2351 7054 2349 2351 7055 2287 2352 7056 2335 2352 7057 2336 2352 7058 2274 2353 7059 2322 2353 7060 2323 2353 7061 2300 2354 7062 2350 2354 7063 2301 2354 7064 2287 2355 7065 2337 2355 7066 2288 2355 7067 2274 2356 7068 2324 2356 7069 2275 2356 7070 2301 2357 7071 2351 2357 7072 2302 2357 7073 2289 2358 7074 2337 2358 7075 2338 2358 7076 2276 2359 7077 2324 2359 7078 2325 2359 7079 2303 2360 7080 2351 2360 7081 2352 2360 7082 2263 2361 7083 56 2361 7084 2312 2361 7085 2289 2362 7086 2339 2362 7087 2290 2362 7088 2276 2363 7089 2326 2363 7090 2277 2363 7091 2303 2364 7092 2353 2364 7093 2304 2364 7094 2264 2365 7095 2312 2365 7096 2313 2365 7097 2290 2366 7098 2340 2366 7099 2291 2366 7100 2277 2367 7101 2327 2367 7102 2278 2367 7103 2305 2368 7104 2353 2368 7105 2354 2368 7106 2265 2369 7107 2313 2369 7108 2314 2369 7109 2291 2370 7110 2341 2370 7111 2292 2370 7112 2278 2371 7113 2328 2371 7114 2279 2371 7115 2305 2372 7116 2355 2372 7117 2306 2372 7118 2265 2373 7119 2315 2373 7120 2266 2373 7121 2293 2374 7122 2341 2374 7123 2342 2374 7124 2280 2375 7125 2328 2375 7126 2329 2375 7127 2306 2376 7128 2356 2376 7129 2307 2376 7130 2267 2377 7131 2315 2377 7132 2316 2377 7133 2294 2378 7134 2342 2378 7135 2343 2378 7136 2280 2379 7137 2330 2379 7138 2281 2379 7139 2307 2380 7140 2357 2380 7141 2308 2380 7142 2268 2381 7143 2316 2381 7144 2317 2381 7145 2294 2382 7146 2344 2382 7147 2295 2382 7148 2281 2383 7149 2331 2383 7150 2282 2383 7151 2309 2384 7152 2357 2384 7153 2358 2384 7154 2269 2385 7155 2317 2385 7156 2318 2385 7157 2296 2386 7158 2344 2386 7159 2345 2386 7160 2283 2387 7161 2331 2387 7162 2332 2387 7163 2309 2388 7164 2359 2388 7165 2310 2388 7166 2269 2389 7167 2319 2389 7168 2270 2389 7169 2297 2390 7170 2345 2390 7171 2346 2390 7172 2283 2391 7173 2333 2391 7174 2284 2391 7175 2310 2392 7176 2360 2392 7177 2311 2392 7178 2271 2393 7179 2319 2393 7180 2320 2393 7181 2298 2394 7182 2346 2394 7183 2347 2394 7184 2285 2395 7185 2333 2395 7186 2334 2395 7187 1723 2396 7188 2311 2396 7189 2360 2396 7190 2271 2397 7191 2321 2397 7192 2272 2397 7193 2298 2398 7194 2348 2398 7195 2299 2398 7196 2285 2399 7197 2335 2399 7198 2286 2399 7199 2354 2400 7200 2404 2400 7201 2355 2400 7202 2314 2401 7203 2364 2401 7204 2315 2401 7205 2342 2402 7206 2390 2402 7207 2391 2402 7208 2329 2403 7209 2377 2403 7210 2378 2403 7211 2355 2404 7212 2405 2404 7213 2356 2404 7214 2316 2405 7215 2364 2405 7216 2365 2405 7217 2343 2406 7218 2391 2406 7219 2392 2406 7220 2329 2407 7221 2379 2407 7222 2330 2407 7223 2356 2408 7224 2406 2408 7225 2357 2408 7226 2317 2409 7227 2365 2409 7228 2366 2409 7229 2343 2410 7230 2393 2410 7231 2344 2410 7232 2330 2411 7233 2380 2411 7234 2331 2411 7235 2358 2412 7236 2406 2412 7237 2407 2412 7238 2318 2413 7239 2366 2413 7240 2367 2413 7241 2345 2414 7242 2393 2414 7243 2394 2414 7244 2332 2415 7245 2380 2415 7246 2381 2415 7247 2358 2416 7248 2408 2416 7249 2359 2416 7250 2318 2417 7251 2368 2417 7252 2319 2417 7253 2346 2418 7254 2394 2418 7255 2395 2418 7256 2332 2419 7257 2382 2419 7258 2333 2419 7259 2359 2420 7260 2409 2420 7261 2360 2420 7262 2320 2421 7263 2368 2421 7264 2369 2421 7265 2347 2422 7266 2395 2422 7267 2396 2422 7268 2334 2423 7269 2382 2423 7270 2383 2423 7271 1723 2424 7272 2360 2424 7273 2409 2424 7274 2320 2425 7275 2370 2425 7276 2321 2425 7277 2347 2426 7278 2397 2426 7279 2348 2426 7280 2334 2427 7281 2384 2427 7282 2335 2427 7283 2322 2428 7284 2370 2428 7285 2371 2428 7286 2349 2429 7287 2397 2429 7288 2398 2429 7289 2336 2430 7290 2384 2430 7291 2385 2430 7292 2323 2431 7293 2371 2431 7294 2372 2431 7295 2349 2432 7296 2399 2432 7297 2350 2432 7298 2336 2433 7299 2386 2433 7300 2337 2433 7301 2323 2434 7302 2373 2434 7303 2324 2434 7304 2350 2435 7305 2400 2435 7306 2351 2435 7307 2338 2436 7308 2386 2436 7309 2387 2436 7310 2325 2437 7311 2373 2437 7312 2374 2437 7313 2352 2438 7314 2400 2438 7315 2401 2438 7316 2312 2439 7317 56 2439 7318 2361 2439 7319 2338 2440 7320 2388 2440 7321 2339 2440 7322 2325 2441 7323 2375 2441 7324 2326 2441 7325 2352 2442 7326 2402 2442 7327 2353 2442 7328 2313 2443 7329 2361 2443 7330 2362 2443 7331 2340 2444 7332 2388 2444 7333 2389 2444 7334 2326 2445 7335 2376 2445 7336 2327 2445 7337 2354 2446 7338 2402 2446 7339 2403 2446 7340 2314 2447 7341 2362 2447 7342 2363 2447 7343 2340 2448 7344 2390 2448 7345 2341 2448 7346 2327 2449 7347 2377 2449 7348 2328 2449 7349 2369 2450 7350 2417 2450 7351 2370 2450 7352 2378 2451 7353 2425 2451 7354 2379 2451 7355 2405 2452 7356 2449 2452 7357 2406 2452 7358 2392 2453 7359 2439 2453 7360 2393 2453 7361 2371 2454 7362 2417 2454 7363 2418 2454 7364 2379 2455 7365 2426 2455 7366 2380 2455 7367 2407 2456 7368 2449 2456 7369 6 2456 7370 2394 2457 7371 2439 2457 7372 2440 2457 7373 2372 2458 7374 2418 2458 7375 2419 2458 7376 2381 2459 7377 2426 2459 7378 2427 2459 7379 2408 2460 7380 6 2460 7381 2450 2460 7382 2395 2461 7383 2440 2461 7384 2441 2461 7385 2372 2462 7386 2420 2462 7387 2373 2462 7388 2381 2463 7389 2428 2463 7390 2382 2463 7391 2408 2464 7392 2451 2464 7393 2409 2464 7394 2396 2465 7395 2441 2465 7396 3 2465 7397 2374 2466 7398 2420 2466 7399 2 2466 7400 2383 2467 7401 2428 2467 7402 2429 2467 7403 1723 2468 7404 2409 2468 7405 2451 2468 7406 2361 2469 7407 56 2469 7408 2410 2469 7409 2396 2470 7410 2442 2470 7411 2397 2470 7412 2374 2471 7413 2421 2471 7414 2375 2471 7415 2383 2472 7416 2430 2472 7417 2384 2472 7418 2362 2473 7419 2410 2473 7420 2411 2473 7421 2398 2474 7422 2442 2474 7423 2443 2474 7424 2375 2475 7425 2422 2475 7426 2376 2475 7427 2385 2476 7428 2430 2476 7429 2431 2476 7430 2362 2477 7431 2412 2477 7432 2363 2477 7433 2398 2478 7434 2444 2478 7435 2399 2478 7436 2385 2479 7437 2432 2479 7438 2386 2479 7439 2363 2480 7440 2413 2480 7441 2364 2480 7442 2399 2481 7443 2445 2481 7444 2400 2481 7445 2387 2482 7446 2432 2482 7447 2433 2482 7448 2365 2483 7449 2413 2483 7450 2414 2483 7451 2401 2484 7452 2445 2484 7453 4 2484 7454 2387 2485 7455 2434 2485 7456 2388 2485 7457 2366 2486 7458 2414 2486 7459 2415 2486 7460 2401 2487 7461 2446 2487 7462 2402 2487 7463 2389 2488 7464 2434 2488 7465 2435 2488 7466 2366 2489 7467 0 2489 7468 2367 2489 7469 2403 2490 7470 2446 2490 7471 5 2490 7472 2389 2491 7473 2436 2491 7474 2390 2491 7475 2367 2492 7476 2416 2492 7477 2368 2492 7478 2376 2493 7479 2423 2493 7480 2377 2493 7481 2404 2494 7482 5 2494 7483 2447 2494 7484 2391 2495 7485 2436 2495 7486 2437 2495 7487 2369 2496 7488 2416 2496 7489 1 2496 7490 2378 2497 7491 2423 2497 7492 2424 2497 7493 2404 2498 7494 2448 2498 7495 2405 2498 7496 2392 2499 7497 2437 2499 7498 2438 2499 7499 6 2500 7500 2449 2500 7501 52 2500 7502 2415 2501 7503 12 2501 7504 13 2501 7505 2440 2502 7506 2439 2502 7507 39 2502 7508 2426 2503 7509 26 2503 7510 27 2503 7511 2450 2504 7512 6 2504 7513 53 2504 7514 0 2505 7515 13 2505 7516 14 2505 7517 2441 2506 7518 2440 2506 7519 40 2506 7520 2427 2507 7521 27 2507 7522 28 2507 7523 2451 2508 7524 2450 2508 7525 54 2508 7526 2416 2509 7527 14 2509 7528 15 2509 7529 3 2510 7530 2441 2510 7531 41 2510 7532 2428 2511 7533 28 2511 7534 29 2511 7535 1 2512 7536 15 2512 7537 16 2512 7538 2442 2513 7539 3 2513 7540 42 2513 7541 2429 2514 7542 29 2514 7543 30 2514 7544 2417 2515 7545 16 2515 7546 17 2515 7547 2443 2516 7548 2442 2516 7549 43 2516 7550 2431 2517 7551 2430 2517 7552 30 2517 7553 2418 2518 7554 17 2518 7555 18 2518 7556 2444 2519 7557 2443 2519 7558 44 2519 7559 2431 2520 7560 31 2520 7561 32 2520 7562 2419 2521 7563 18 2521 7564 19 2521 7565 2445 2522 7566 2444 2522 7567 45 2522 7568 2433 2523 7569 2432 2523 7570 32 2523 7571 2420 2524 7572 19 2524 7573 20 2524 7574 4 2525 7575 2445 2525 7576 46 2525 7577 2434 2526 7578 2433 2526 7579 33 2526 7580 2 2527 7581 20 2527 7582 21 2527 7583 2446 2528 7584 4 2528 7585 47 2528 7586 2410 2529 7587 7 2529 7588 8 2529 7589 2435 2530 7590 2434 2530 7591 34 2530 7592 2421 2531 7593 21 2531 7594 22 2531 7595 5 2532 7596 2446 2532 7597 48 2532 7598 2411 2533 7599 8 2533 7600 9 2533 7601 2436 2534 7602 2435 2534 7603 35 2534 7604 2422 2535 7605 22 2535 7606 23 2535 7607 2447 2536 7608 5 2536 7609 49 2536 7610 2412 2537 7611 9 2537 7612 10 2537 7613 2437 2538 7614 2436 2538 7615 36 2538 7616 2423 2539 7617 23 2539 7618 24 2539 7619 2448 2540 7620 2447 2540 7621 50 2540 7622 2413 2541 7623 10 2541 7624 11 2541 7625 2438 2542 7626 2437 2542 7627 37 2542 7628 2424 2543 7629 24 2543 7630 25 2543 7631 2449 2544 7632 2448 2544 7633 51 2544 7634 2414 2545 7635 11 2545 7636 12 2545 7637 2439 2546 7638 2438 2546 7639 38 2546 7640 2425 2547 7641 25 2547 7642 26 2547 7643 29 2548 7644 79 2548 7645 80 2548 7646 17 2549 7647 16 2549 7648 66 2549 7649 44 2550 7650 43 2550 7651 93 2550 7652 31 2551 7653 30 2551 7654 80 2551 7655 17 2552 7656 67 2552 7657 68 2552 7658 45 2553 7659 44 2553 7660 94 2553 7661 31 2554 7662 81 2554 7663 82 2554 7664 18 2555 7665 68 2555 7666 69 2555 7667 45 2556 7668 95 2556 7669 96 2556 7670 33 2557 7671 32 2557 7672 82 2557 7673 19 2558 7674 69 2558 7675 70 2558 7676 46 2559 7677 96 2559 7678 97 2559 7679 34 2560 7680 33 2560 7681 83 2560 7682 21 2561 7683 20 2561 7684 70 2561 7685 47 2562 7686 97 2562 7687 98 2562 7688 7 2563 7689 57 2563 7690 58 2563 7691 34 2564 7692 84 2564 7693 85 2564 7694 22 2565 7695 21 2565 7696 71 2565 7697 48 2566 7698 98 2566 7699 99 2566 7700 8 2567 7701 58 2567 7702 59 2567 7703 36 2568 7704 35 2568 7705 85 2568 7706 23 2569 7707 22 2569 7708 72 2569 7709 50 2570 7710 49 2570 7711 99 2570 7712 10 2571 7713 9 2571 7714 59 2571 7715 36 2572 7716 86 2572 7717 87 2572 7718 23 2573 7719 73 2573 7720 74 2573 7721 50 2574 7722 100 2574 7723 101 2574 7724 11 2575 7725 10 2575 7726 60 2575 7727 37 2576 7728 87 2576 7729 88 2576 7730 24 2577 7731 74 2577 7732 75 2577 7733 51 2578 7734 101 2578 7735 102 2578 7736 12 2579 7737 11 2579 7738 61 2579 7739 38 2580 7740 88 2580 7741 89 2580 7742 26 2581 7743 25 2581 7744 75 2581 7745 52 2582 7746 102 2582 7747 103 2582 7748 12 2583 7749 62 2583 7750 63 2583 7751 39 2584 7752 89 2584 7753 90 2584 7754 26 2585 7755 76 2585 7756 77 2585 7757 53 2586 7758 103 2586 7759 104 2586 7760 14 2587 7761 13 2587 7762 63 2587 7763 40 2588 7764 90 2588 7765 91 2588 7766 28 2589 7767 27 2589 7768 77 2589 7769 55 2590 7770 54 2590 7771 104 2590 7772 15 2591 7773 14 2591 7774 64 2591 7775 41 2592 7776 91 2592 7777 92 2592 7778 28 2593 7779 78 2593 7780 79 2593 7781 16 2594 7782 15 2594 7783 65 2594 7784 42 2595 7785 92 2595 7786 93 2595 7787 85 2596 7788 134 2596 7789 135 2596 7790 73 2597 7791 72 2597 7792 121 2597 7793 100 2598 7794 99 2598 7795 148 2598 7796 60 2599 7797 59 2599 7798 108 2599 7799 86 2600 7800 135 2600 7801 136 2600 7802 73 2601 7803 122 2601 7804 123 2601 7805 100 2602 7806 149 2602 7807 150 2602 7808 61 2603 7809 60 2603 7810 109 2603 7811 87 2604 7812 136 2604 7813 137 2604 7814 74 2605 7815 123 2605 7816 124 2605 7817 101 2606 7818 150 2606 7819 151 2606 7820 62 2607 7821 61 2607 7822 110 2607 7823 89 2608 7824 88 2608 7825 137 2608 7826 76 2609 7827 75 2609 7828 124 2609 7829 102 2610 7830 151 2610 7831 152 2610 7832 62 2611 7833 111 2611 7834 112 2611 7835 89 2612 7836 138 2612 7837 139 2612 7838 77 2613 7839 76 2613 7840 125 2613 7841 103 2614 7842 152 2614 7843 153 2614 7844 64 2615 7845 63 2615 7846 112 2615 7847 90 2616 7848 139 2616 7849 140 2616 7850 77 2617 7851 126 2617 7852 127 2617 7853 104 2618 7854 153 2618 7855 154 2618 7856 65 2619 7857 64 2619 7858 113 2619 7859 91 2620 7860 140 2620 7861 141 2620 7862 78 2621 7863 127 2621 7864 128 2621 7865 65 2622 7866 114 2622 7867 115 2622 7868 93 2623 7869 92 2623 7870 141 2623 7871 79 2624 7872 128 2624 7873 129 2624 7874 67 2625 7875 66 2625 7876 115 2625 7877 93 2626 7878 142 2626 7879 143 2626 7880 81 2627 7881 80 2627 7882 129 2627 7883 67 2628 7884 116 2628 7885 117 2628 7886 95 2629 7887 94 2629 7888 143 2629 7889 81 2630 7890 130 2630 7891 131 2630 7892 69 2631 7893 68 2631 7894 117 2631 7895 95 2632 7896 144 2632 7897 145 2632 7898 83 2633 7899 82 2633 7900 131 2633 7901 69 2634 7902 118 2634 7903 119 2634 7904 97 2635 7905 96 2635 7906 145 2635 7907 83 2636 7908 132 2636 7909 133 2636 7910 71 2637 7911 70 2637 7912 119 2637 7913 97 2638 7914 146 2638 7915 147 2638 7916 57 2639 7917 106 2639 7918 107 2639 7919 85 2640 7920 84 2640 7921 133 2640 7922 72 2641 7923 71 2641 7924 120 2641 7925 98 2642 7926 147 2642 7927 148 2642 7928 58 2643 7929 107 2643 7930 108 2643 7931 128 2644 7932 127 2644 7933 176 2644 7934 114 2645 7935 163 2645 7936 164 2645 7937 142 2646 7938 141 2646 7939 190 2646 7940 128 2647 7941 177 2647 7942 178 2647 7943 116 2648 7944 115 2648 7945 164 2648 7946 142 2649 7947 191 2649 7948 192 2649 7949 130 2650 7950 129 2650 7951 178 2650 7952 116 2651 7953 165 2651 7954 166 2651 7955 144 2652 7956 143 2652 7957 192 2652 7958 130 2653 7959 179 2653 7960 180 2653 7961 118 2654 7962 117 2654 7963 166 2654 7964 144 2655 7965 193 2655 7966 194 2655 7967 131 2656 7968 180 2656 7969 181 2656 7970 118 2657 7971 167 2657 7972 168 2657 7973 146 2658 7974 145 2658 7975 194 2658 7976 132 2659 7977 181 2659 7978 182 2659 7979 120 2660 7980 119 2660 7981 168 2660 7982 146 2661 7983 195 2661 7984 196 2661 7985 107 2662 7986 106 2662 7987 155 2662 7988 134 2663 7989 133 2663 7990 182 2663 7991 121 2664 7992 120 2664 7993 169 2664 7994 148 2665 7995 147 2665 7996 196 2665 7997 108 2666 7998 107 2666 7999 156 2666 8000 134 2667 8001 183 2667 8002 184 2667 8003 122 2668 8004 121 2668 8005 170 2668 8006 148 2669 8007 197 2669 8008 198 2669 8009 109 2670 8010 108 2670 8011 157 2670 8012 136 2671 8013 135 2671 8014 184 2671 8015 123 2672 8016 122 2672 8017 171 2672 8018 149 2673 8019 198 2673 8020 199 2673 8021 110 2674 8022 109 2674 8023 158 2674 8024 137 2675 8025 136 2675 8026 185 2675 8027 123 2676 8028 172 2676 8029 173 2676 8030 150 2677 8031 199 2677 8032 200 2677 8033 111 2678 8034 110 2678 8035 159 2678 8036 137 2679 8037 186 2679 8038 187 2679 8039 124 2680 8040 173 2680 8041 174 2680 8042 151 2681 8043 200 2681 8044 201 2681 8045 112 2682 8046 111 2682 8047 160 2682 8048 138 2683 8049 187 2683 8050 188 2683 8051 126 2684 8052 125 2684 8053 174 2684 8054 152 2685 8055 201 2685 8056 202 2685 8057 112 2686 8058 161 2686 8059 162 2686 8060 139 2687 8061 188 2687 8062 189 2687 8063 126 2688 8064 175 2688 8065 176 2688 8066 153 2689 8067 202 2689 8068 203 2689 8069 114 2690 8070 113 2690 8071 162 2690 8072 140 2691 8073 189 2691 8074 190 2691 8075 183 2692 8076 182 2692 8077 231 2692 8078 170 2693 8079 169 2693 8080 218 2693 8081 197 2694 8082 196 2694 8083 245 2694 8084 157 2695 8085 156 2695 8086 205 2695 8087 183 2696 8088 232 2696 8089 233 2696 8090 170 2697 8091 219 2697 8092 220 2697 8093 197 2698 8094 246 2698 8095 247 2698 8096 158 2699 8097 157 2699 8098 206 2699 8099 185 2700 8100 184 2700 8101 233 2700 8102 172 2701 8103 171 2701 8104 220 2701 8105 198 2702 8106 247 2702 8107 248 2702 8108 159 2703 8109 158 2703 8110 207 2703 8111 185 2704 8112 234 2704 8113 235 2704 8114 173 2705 8115 172 2705 8116 221 2705 8117 199 2706 8118 248 2706 8119 249 2706 8120 160 2707 8121 159 2707 8122 208 2707 8123 186 2708 8124 235 2708 8125 236 2708 8126 173 2709 8127 222 2709 8128 223 2709 8129 200 2710 8130 249 2710 8131 250 2710 8132 161 2711 8133 160 2711 8134 209 2711 8135 188 2712 8136 187 2712 8137 236 2712 8138 175 2713 8139 174 2713 8140 223 2713 8141 201 2714 8142 250 2714 8143 251 2714 8144 161 2715 8145 210 2715 8146 211 2715 8147 188 2716 8148 237 2716 8149 238 2716 8150 175 2717 8151 224 2717 8152 225 2717 8153 202 2718 8154 251 2718 8155 252 2718 8156 163 2719 8157 162 2719 8158 211 2719 8159 190 2720 8160 189 2720 8161 238 2720 8162 177 2721 8163 176 2721 8164 225 2721 8165 163 2722 8166 212 2722 8167 213 2722 8168 191 2723 8169 190 2723 8170 239 2723 8171 177 2724 8172 226 2724 8173 227 2724 8174 165 2725 8175 164 2725 8176 213 2725 8177 191 2726 8178 240 2726 8179 241 2726 8180 179 2727 8181 178 2727 8182 227 2727 8183 165 2728 8184 214 2728 8185 215 2728 8186 193 2729 8187 192 2729 8188 241 2729 8189 179 2730 8190 228 2730 8191 229 2730 8192 167 2731 8193 166 2731 8194 215 2731 8195 193 2732 8196 242 2732 8197 243 2732 8198 181 2733 8199 180 2733 8200 229 2733 8201 167 2734 8202 216 2734 8203 217 2734 8204 195 2735 8205 194 2735 8206 243 2735 8207 181 2736 8208 230 2736 8209 231 2736 8210 168 2737 8211 217 2737 8212 218 2737 8213 195 2738 8214 244 2738 8215 245 2738 8216 156 2739 8217 155 2739 8218 204 2739 8219 224 2740 8220 273 2740 8221 274 2740 8222 251 2741 8223 300 2741 8224 301 2741 8225 212 2742 8226 211 2742 8227 260 2742 8228 239 2743 8229 238 2743 8230 287 2743 8231 226 2744 8232 225 2744 8233 274 2744 8234 212 2745 8235 261 2745 8236 262 2745 8237 240 2746 8238 239 2746 8239 288 2746 8240 226 2747 8241 275 2747 8242 276 2747 8243 214 2748 8244 213 2748 8245 262 2748 8246 240 2749 8247 289 2749 8248 290 2749 8249 228 2750 8250 227 2750 8251 276 2750 8252 214 2751 8253 263 2751 8254 264 2751 8255 242 2752 8256 241 2752 8257 290 2752 8258 228 2753 8259 277 2753 8260 278 2753 8261 216 2754 8262 215 2754 8263 264 2754 8264 242 2755 8265 291 2755 8266 292 2755 8267 230 2756 8268 229 2756 8269 278 2756 8270 216 2757 8271 265 2757 8272 266 2757 8273 244 2758 8274 243 2758 8275 292 2758 8276 230 2759 8277 279 2759 8278 280 2759 8279 217 2760 8280 266 2760 8281 267 2760 8282 244 2761 8283 293 2761 8284 294 2761 8285 205 2762 8286 204 2762 8287 253 2762 8288 232 2763 8289 231 2763 8290 280 2763 8291 219 2764 8292 218 2764 8293 267 2764 8294 246 2765 8295 245 2765 8296 294 2765 8297 206 2766 8298 205 2766 8299 254 2766 8300 232 2767 8301 281 2767 8302 282 2767 8303 219 2768 8304 268 2768 8305 269 2768 8306 246 2769 8307 295 2769 8308 296 2769 8309 206 2770 8310 255 2770 8311 256 2770 8312 234 2771 8313 233 2771 8314 282 2771 8315 221 2772 8316 220 2772 8317 269 2772 8318 247 2773 8319 296 2773 8320 297 2773 8321 208 2774 8322 207 2774 8323 256 2774 8324 234 2775 8325 283 2775 8326 284 2775 8327 222 2776 8328 221 2776 8329 270 2776 8330 248 2777 8331 297 2777 8332 298 2777 8333 209 2778 8334 208 2778 8335 257 2778 8336 235 2779 8337 284 2779 8338 285 2779 8339 222 2780 8340 271 2780 8341 272 2780 8342 249 2781 8343 298 2781 8344 299 2781 8345 210 2782 8346 209 2782 8347 258 2782 8348 237 2783 8349 236 2783 8350 285 2783 8351 224 2784 8352 223 2784 8353 272 2784 8354 250 2785 8355 299 2785 8356 300 2785 8357 210 2786 8358 259 2786 8359 260 2786 8360 237 2787 8361 286 2787 8362 287 2787 8363 279 2788 8364 328 2788 8365 329 2788 8366 266 2789 8367 315 2789 8368 316 2789 8369 293 2790 8370 342 2790 8371 343 2790 8372 253 2791 8373 302 2791 8374 303 2791 8375 281 2792 8376 280 2792 8377 329 2792 8378 268 2793 8379 267 2793 8380 316 2793 8381 295 2794 8382 294 2794 8383 343 2794 8384 255 2795 8385 254 2795 8386 303 2795 8387 281 2796 8388 330 2796 8389 331 2796 8390 268 2797 8391 317 2797 8392 318 2797 8393 295 2798 8394 344 2798 8395 345 2798 8396 256 2799 8397 255 2799 8398 304 2799 8399 283 2800 8400 282 2800 8401 331 2800 8402 270 2801 8403 269 2801 8404 318 2801 8405 296 2802 8406 345 2802 8407 346 2802 8408 257 2803 8409 256 2803 8410 305 2803 8411 283 2804 8412 332 2804 8413 333 2804 8414 271 2805 8415 270 2805 8416 319 2805 8417 297 2806 8418 346 2806 8419 347 2806 8420 258 2807 8421 257 2807 8422 306 2807 8423 284 2808 8424 333 2808 8425 334 2808 8426 271 2809 8427 320 2809 8428 321 2809 8429 298 2810 8430 347 2810 8431 348 2810 8432 259 2811 8433 258 2811 8434 307 2811 8435 286 2812 8436 285 2812 8437 334 2812 8438 273 2813 8439 272 2813 8440 321 2813 8441 299 2814 8442 348 2814 8443 349 2814 8444 259 2815 8445 308 2815 8446 309 2815 8447 286 2816 8448 335 2816 8449 336 2816 8450 273 2817 8451 322 2817 8452 323 2817 8453 300 2818 8454 349 2818 8455 350 2818 8456 261 2819 8457 260 2819 8458 309 2819 8459 288 2820 8460 287 2820 8461 336 2820 8462 275 2821 8463 274 2821 8464 323 2821 8465 261 2822 8466 310 2822 8467 311 2822 8468 289 2823 8469 288 2823 8470 337 2823 8471 275 2824 8472 324 2824 8473 325 2824 8474 263 2825 8475 262 2825 8476 311 2825 8477 289 2826 8478 338 2826 8479 339 2826 8480 277 2827 8481 276 2827 8482 325 2827 8483 263 2828 8484 312 2828 8485 313 2828 8486 291 2829 8487 290 2829 8488 339 2829 8489 277 2830 8490 326 2830 8491 327 2830 8492 265 2831 8493 264 2831 8494 313 2831 8495 291 2832 8496 340 2832 8497 341 2832 8498 279 2833 8499 278 2833 8500 327 2833 8501 265 2834 8502 314 2834 8503 315 2834 8504 293 2835 8505 292 2835 8506 341 2835 8507 322 2836 8508 321 2836 8509 370 2836 8510 348 2837 8511 397 2837 8512 398 2837 8513 308 2838 8514 357 2838 8515 358 2838 8516 335 2839 8517 384 2839 8518 385 2839 8519 322 2840 8520 371 2840 8521 372 2840 8522 349 2841 8523 398 2841 8524 399 2841 8525 310 2842 8526 309 2842 8527 358 2842 8528 337 2843 8529 336 2843 8530 385 2843 8531 324 2844 8532 323 2844 8533 372 2844 8534 310 2845 8535 359 2845 8536 360 2845 8537 338 2846 8538 337 2846 8539 386 2846 8540 324 2847 8541 373 2847 8542 374 2847 8543 312 2848 8544 311 2848 8545 360 2848 8546 338 2849 8547 387 2849 8548 388 2849 8549 326 2850 8550 325 2850 8551 374 2850 8552 312 2851 8553 361 2851 8554 362 2851 8555 340 2852 8556 339 2852 8557 388 2852 8558 326 2853 8559 375 2853 8560 376 2853 8561 314 2854 8562 313 2854 8563 362 2854 8564 340 2855 8565 389 2855 8566 390 2855 8567 328 2856 8568 327 2856 8569 376 2856 8570 314 2857 8571 363 2857 8572 364 2857 8573 342 2858 8574 341 2858 8575 390 2858 8576 328 2859 8577 377 2859 8578 378 2859 8579 315 2860 8580 364 2860 8581 365 2860 8582 342 2861 8583 391 2861 8584 392 2861 8585 303 2862 8586 302 2862 8587 351 2862 8588 330 2863 8589 329 2863 8590 378 2863 8591 317 2864 8592 316 2864 8593 365 2864 8594 344 2865 8595 343 2865 8596 392 2865 8597 304 2866 8598 303 2866 8599 352 2866 8600 330 2867 8601 379 2867 8602 380 2867 8603 317 2868 8604 366 2868 8605 367 2868 8606 344 2869 8607 393 2869 8608 394 2869 8609 304 2870 8610 353 2870 8611 354 2870 8612 332 2871 8613 331 2871 8614 380 2871 8615 319 2872 8616 318 2872 8617 367 2872 8618 345 2873 8619 394 2873 8620 395 2873 8621 305 2874 8622 354 2874 8623 355 2874 8624 332 2875 8625 381 2875 8626 382 2875 8627 320 2876 8628 319 2876 8629 368 2876 8630 347 2877 8631 346 2877 8632 395 2877 8633 307 2878 8634 306 2878 8635 355 2878 8636 333 2879 8637 382 2879 8638 383 2879 8639 320 2880 8640 369 2880 8641 370 2880 8642 348 2881 8643 347 2881 8644 396 2881 8645 308 2882 8646 307 2882 8647 356 2882 8648 335 2883 8649 334 2883 8650 383 2883 8651 377 2884 8652 376 2884 8653 425 2884 8654 363 2885 8655 412 2885 8656 413 2885 8657 391 2886 8658 390 2886 8659 439 2886 8660 377 2887 8661 426 2887 8662 427 2887 8663 364 2888 8664 413 2888 8665 414 2888 8666 391 2889 8667 440 2889 8668 441 2889 8669 352 2890 8670 351 2890 8671 400 2890 8672 379 2891 8673 378 2891 8674 427 2891 8675 365 2892 8676 414 2892 8677 415 2892 8678 393 2893 8679 392 2893 8680 441 2893 8681 353 2894 8682 352 2894 8683 401 2894 8684 379 2895 8685 428 2895 8686 429 2895 8687 366 2896 8688 415 2896 8689 416 2896 8690 393 2897 8691 442 2897 8692 443 2897 8693 353 2898 8694 402 2898 8695 403 2898 8696 381 2899 8697 380 2899 8698 429 2899 8699 368 2900 8700 367 2900 8701 416 2900 8702 395 2901 8703 394 2901 8704 443 2901 8705 355 2902 8706 354 2902 8707 403 2902 8708 381 2903 8709 430 2903 8710 431 2903 8711 369 2904 8712 368 2904 8713 417 2904 8714 395 2905 8715 444 2905 8716 445 2905 8717 355 2906 8718 404 2906 8719 405 2906 8720 382 2907 8721 431 2907 8722 432 2907 8723 369 2908 8724 418 2908 8725 419 2908 8726 396 2909 8727 445 2909 8728 446 2909 8729 357 2910 8730 356 2910 8731 405 2910 8732 384 2911 8733 383 2911 8734 432 2911 8735 371 2912 8736 370 2912 8737 419 2912 8738 397 2913 8739 446 2913 8740 447 2913 8741 357 2914 8742 406 2914 8743 407 2914 8744 385 2915 8745 384 2915 8746 433 2915 8747 371 2916 8748 420 2916 8749 421 2916 8750 398 2917 8751 447 2917 8752 448 2917 8753 359 2918 8754 358 2918 8755 407 2918 8756 386 2919 8757 385 2919 8758 434 2919 8759 373 2920 8760 372 2920 8761 421 2920 8762 359 2921 8763 408 2921 8764 409 2921 8765 387 2922 8766 386 2922 8767 435 2922 8768 373 2923 8769 422 2923 8770 423 2923 8771 361 2924 8772 360 2924 8773 409 2924 8774 387 2925 8775 436 2925 8776 437 2925 8777 375 2926 8778 374 2926 8779 423 2926 8780 361 2927 8781 410 2927 8782 411 2927 8783 389 2928 8784 388 2928 8785 437 2928 8786 375 2929 8787 424 2929 8788 425 2929 8789 363 2930 8790 362 2930 8791 411 2930 8792 389 2931 8793 438 2931 8794 439 2931 8795 418 2932 8796 467 2932 8797 468 2932 8798 445 2933 8799 494 2933 8800 495 2933 8801 406 2934 8802 405 2934 8803 454 2934 8804 432 2935 8805 481 2935 8806 482 2935 8807 420 2936 8808 419 2936 8809 468 2936 8810 446 2937 8811 495 2937 8812 496 2937 8813 406 2938 8814 455 2938 8815 456 2938 8816 433 2939 8817 482 2939 8818 483 2939 8819 420 2940 8820 469 2940 8821 470 2940 8822 447 2941 8823 496 2941 8824 497 2941 8825 408 2942 8826 407 2942 8827 456 2942 8828 435 2943 8829 434 2943 8830 483 2943 8831 422 2944 8832 421 2944 8833 470 2944 8834 408 2945 8835 457 2945 8836 458 2945 8837 436 2946 8838 435 2946 8839 484 2946 8840 422 2947 8841 471 2947 8842 472 2947 8843 410 2948 8844 409 2948 8845 458 2948 8846 436 2949 8847 485 2949 8848 486 2949 8849 424 2950 8850 423 2950 8851 472 2950 8852 410 2951 8853 459 2951 8854 460 2951 8855 438 2952 8856 437 2952 8857 486 2952 8858 424 2953 8859 473 2953 8860 474 2953 8861 412 2954 8862 411 2954 8863 460 2954 8864 438 2955 8865 487 2955 8866 488 2955 8867 426 2956 8868 425 2956 8869 474 2956 8870 412 2957 8871 461 2957 8872 462 2957 8873 440 2958 8874 439 2958 8875 488 2958 8876 426 2959 8877 475 2959 8878 476 2959 8879 413 2960 8880 462 2960 8881 463 2960 8882 440 2961 8883 489 2961 8884 490 2961 8885 401 2962 8886 400 2962 8887 449 2962 8888 428 2963 8889 427 2963 8890 476 2963 8891 414 2964 8892 463 2964 8893 464 2964 8894 442 2965 8895 441 2965 8896 490 2965 8897 402 2966 8898 401 2966 8899 450 2966 8900 428 2967 8901 477 2967 8902 478 2967 8903 416 2968 8904 415 2968 8905 464 2968 8906 442 2969 8907 491 2969 8908 492 2969 8909 402 2970 8910 451 2970 8911 452 2970 8912 430 2971 8913 429 2971 8914 478 2971 8915 417 2972 8916 416 2972 8917 465 2972 8918 444 2973 8919 443 2973 8920 492 2973 8921 404 2974 8922 403 2974 8923 452 2974 8924 430 2975 8925 479 2975 8926 480 2975 8927 418 2976 8928 417 2976 8929 466 2976 8930 444 2977 8931 493 2977 8932 494 2977 8933 404 2978 8934 453 2978 8935 454 2978 8936 431 2979 8937 480 2979 8938 481 2979 8939 473 2980 8940 522 2980 8941 523 2980 8942 461 2981 8943 460 2981 8944 509 2981 8945 487 2982 8946 536 2982 8947 537 2982 8948 475 2983 8949 474 2983 8950 523 2983 8951 461 2984 8952 510 2984 8953 511 2984 8954 489 2985 8955 488 2985 8956 537 2985 8957 475 2986 8958 524 2986 8959 525 2986 8960 462 2987 8961 511 2987 8962 512 2987 8963 489 2988 8964 538 2988 8965 539 2988 8966 450 2989 8967 449 2989 8968 498 2989 8969 477 2990 8970 476 2990 8971 525 2990 8972 463 2991 8973 512 2991 8974 513 2991 8975 491 2992 8976 490 2992 8977 539 2992 8978 451 2993 8979 450 2993 8980 499 2993 8981 477 2994 8982 526 2994 8983 527 2994 8984 464 2995 8985 513 2995 8986 514 2995 8987 491 2996 8988 540 2996 8989 541 2996 8990 452 2997 8991 451 2997 8992 500 2997 8993 479 2998 8994 478 2998 8995 527 2998 8996 466 2999 8997 465 2999 8998 514 2999 8999 493 3000 9000 492 3000 9001 541 3000 9002 453 3001 9003 452 3001 9004 501 3001 9005 479 3002 9006 528 3002 9007 529 3002 9008 467 3003 9009 466 3003 9010 515 3003 9011 493 3004 9012 542 3004 9013 543 3004 9014 453 3005 9015 502 3005 9016 503 3005 9017 480 3006 9018 529 3006 9019 530 3006 9020 467 3007 9021 516 3007 9022 517 3007 9023 494 3008 9024 543 3008 9025 544 3008 9026 455 3009 9027 454 3009 9028 503 3009 9029 482 3010 9030 481 3010 9031 530 3010 9032 469 3011 9033 468 3011 9034 517 3011 9035 495 3012 9036 544 3012 9037 545 3012 9038 455 3013 9039 504 3013 9040 505 3013 9041 483 3014 9042 482 3014 9043 531 3014 9044 469 3015 9045 518 3015 9046 519 3015 9047 496 3016 9048 545 3016 9049 546 3016 9050 457 3017 9051 456 3017 9052 505 3017 9053 484 3018 9054 483 3018 9055 532 3018 9056 471 3019 9057 470 3019 9058 519 3019 9059 457 3020 9060 506 3020 9061 507 3020 9062 485 3021 9063 484 3021 9064 533 3021 9065 471 3022 9066 520 3022 9067 521 3022 9068 459 3023 9069 458 3023 9070 507 3023 9071 485 3024 9072 534 3024 9073 535 3024 9074 473 3025 9075 472 3025 9076 521 3025 9077 459 3026 9078 508 3026 9079 509 3026 9080 487 3027 9081 486 3027 9082 535 3027 9083 516 3028 9084 515 3028 9085 564 3028 9086 542 3029 9087 591 3029 9088 592 3029 9089 502 3030 9090 551 3030 9091 552 3030 9092 529 3031 9093 578 3031 9094 579 3031 9095 516 3032 9096 565 3032 9097 566 3032 9098 543 3033 9099 592 3033 9100 593 3033 9101 504 3034 9102 503 3034 9103 552 3034 9104 531 3035 9105 530 3035 9106 579 3035 9107 518 3036 9108 517 3036 9109 566 3036 9110 544 3037 9111 593 3037 9112 594 3037 9113 504 3038 9114 553 3038 9115 554 3038 9116 532 3039 9117 531 3039 9118 580 3039 9119 518 3040 9120 567 3040 9121 568 3040 9122 545 3041 9123 594 3041 9124 595 3041 9125 506 3042 9126 505 3042 9127 554 3042 9128 533 3043 9129 532 3043 9130 581 3043 9131 520 3044 9132 519 3044 9133 568 3044 9134 506 3045 9135 555 3045 9136 556 3045 9137 534 3046 9138 533 3046 9139 582 3046 9140 520 3047 9141 569 3047 9142 570 3047 9143 508 3048 9144 507 3048 9145 556 3048 9146 534 3049 9147 583 3049 9148 584 3049 9149 522 3050 9150 521 3050 9151 570 3050 9152 508 3051 9153 557 3051 9154 558 3051 9155 536 3052 9156 535 3052 9157 584 3052 9158 522 3053 9159 571 3053 9160 572 3053 9161 510 3054 9162 509 3054 9163 558 3054 9164 536 3055 9165 585 3055 9166 586 3055 9167 524 3056 9168 523 3056 9169 572 3056 9170 510 3057 9171 559 3057 9172 560 3057 9173 538 3058 9174 537 3058 9175 586 3058 9176 524 3059 9177 573 3059 9178 574 3059 9179 511 3060 9180 560 3060 9181 561 3060 9182 538 3061 9183 587 3061 9184 588 3061 9185 499 3062 9186 498 3062 9187 547 3062 9188 526 3063 9189 525 3063 9190 574 3063 9191 512 3064 9192 561 3064 9193 562 3064 9194 540 3065 9195 539 3065 9196 588 3065 9197 500 3066 9198 499 3066 9199 548 3066 9200 526 3067 9201 575 3067 9202 576 3067 9203 513 3068 9204 562 3068 9205 563 3068 9206 540 3069 9207 589 3069 9208 590 3069 9209 501 3070 9210 500 3070 9211 549 3070 9212 528 3071 9213 527 3071 9214 576 3071 9215 515 3072 9216 514 3072 9217 563 3072 9218 542 3073 9219 541 3073 9220 590 3073 9221 502 3074 9222 501 3074 9223 550 3074 9224 528 3075 9225 577 3075 9226 578 3075 9227 571 3076 9228 570 3076 9229 619 3076 9230 557 3077 9231 606 3077 9232 607 3077 9233 585 3078 9234 584 3078 9235 633 3078 9236 571 3079 9237 620 3079 9238 621 3079 9239 559 3080 9240 558 3080 9241 607 3080 9242 585 3081 9243 634 3081 9244 635 3081 9245 573 3082 9246 572 3082 9247 621 3082 9248 559 3083 9249 608 3083 9250 609 3083 9251 587 3084 9252 586 3084 9253 635 3084 9254 573 3085 9255 622 3085 9256 623 3085 9257 560 3086 9258 609 3086 9259 610 3086 9260 587 3087 9261 636 3087 9262 637 3087 9263 548 3088 9264 547 3088 9265 596 3088 9266 575 3089 9267 574 3089 9268 623 3089 9269 561 3090 9270 610 3090 9271 611 3090 9272 589 3091 9273 588 3091 9274 637 3091 9275 549 3092 9276 548 3092 9277 597 3092 9278 575 3093 9279 624 3093 9280 625 3093 9281 562 3094 9282 611 3094 9283 612 3094 9284 589 3095 9285 638 3095 9286 639 3095 9287 549 3096 9288 598 3096 9289 599 3096 9290 577 3097 9291 576 3097 9292 625 3097 9293 564 3098 9294 563 3098 9295 612 3098 9296 591 3099 9297 590 3099 9298 639 3099 9299 551 3100 9300 550 3100 9301 599 3100 9302 577 3101 9303 626 3101 9304 627 3101 9305 565 3102 9306 564 3102 9307 613 3102 9308 591 3103 9309 640 3103 9310 641 3103 9311 551 3104 9312 600 3104 9313 601 3104 9314 578 3105 9315 627 3105 9316 628 3105 9317 565 3106 9318 614 3106 9319 615 3106 9320 593 3107 9321 592 3107 9322 641 3107 9323 553 3108 9324 552 3108 9325 601 3108 9326 580 3109 9327 579 3109 9328 628 3109 9329 567 3110 9330 566 3110 9331 615 3110 9332 593 3111 9333 642 3111 9334 643 3111 9335 553 3112 9336 602 3112 9337 603 3112 9338 581 3113 9339 580 3113 9340 629 3113 9341 567 3114 9342 616 3114 9343 617 3114 9344 594 3115 9345 643 3115 9346 644 3115 9347 555 3116 9348 554 3116 9349 603 3116 9350 582 3117 9351 581 3117 9352 630 3117 9353 569 3118 9354 568 3118 9355 617 3118 9356 555 3119 9357 604 3119 9358 605 3119 9359 583 3120 9360 582 3120 9361 631 3120 9362 569 3121 9363 618 3121 9364 619 3121 9365 557 3122 9366 556 3122 9367 605 3122 9368 583 3123 9369 632 3123 9370 633 3123 9371 613 3124 9372 612 3124 9373 661 3124 9374 640 3125 9375 639 3125 9376 688 3125 9377 600 3126 9378 599 3126 9379 648 3126 9380 626 3127 9381 675 3127 9382 676 3127 9383 614 3128 9384 613 3128 9385 662 3128 9386 640 3129 9387 689 3129 9388 690 3129 9389 600 3130 9390 649 3130 9391 650 3130 9392 627 3131 9393 676 3131 9394 677 3131 9395 614 3132 9396 663 3132 9397 664 3132 9398 641 3133 9399 690 3133 9400 691 3133 9401 602 3134 9402 601 3134 9403 650 3134 9404 629 3135 9405 628 3135 9406 677 3135 9407 616 3136 9408 615 3136 9409 664 3136 9410 642 3137 9411 691 3137 9412 692 3137 9413 602 3138 9414 651 3138 9415 652 3138 9416 630 3139 9417 629 3139 9418 678 3139 9419 616 3140 9420 665 3140 9421 666 3140 9422 643 3141 9423 692 3141 9424 693 3141 9425 604 3142 9426 603 3142 9427 652 3142 9428 631 3143 9429 630 3143 9430 679 3143 9431 618 3144 9432 617 3144 9433 666 3144 9434 604 3145 9435 653 3145 9436 654 3145 9437 632 3146 9438 631 3146 9439 680 3146 9440 618 3147 9441 667 3147 9442 668 3147 9443 606 3148 9444 605 3148 9445 654 3148 9446 632 3149 9447 681 3149 9448 682 3149 9449 620 3150 9450 619 3150 9451 668 3150 9452 606 3151 9453 655 3151 9454 656 3151 9455 634 3152 9456 633 3152 9457 682 3152 9458 620 3153 9459 669 3153 9460 670 3153 9461 608 3154 9462 607 3154 9463 656 3154 9464 634 3155 9465 683 3155 9466 684 3155 9467 622 3156 9468 621 3156 9469 670 3156 9470 608 3157 9471 657 3157 9472 658 3157 9473 636 3158 9474 635 3158 9475 684 3158 9476 622 3159 9477 671 3159 9478 672 3159 9479 609 3160 9480 658 3160 9481 659 3160 9482 636 3161 9483 685 3161 9484 686 3161 9485 596 3162 9486 645 3162 9487 646 3162 9488 624 3163 9489 623 3163 9490 672 3163 9491 610 3164 9492 659 3164 9493 660 3164 9494 638 3165 9495 637 3165 9496 686 3165 9497 598 3166 9498 597 3166 9499 646 3166 9500 624 3167 9501 673 3167 9502 674 3167 9503 611 3168 9504 660 3168 9505 661 3168 9506 638 3169 9507 687 3169 9508 688 3169 9509 599 3170 9510 598 3170 9511 647 3170 9512 626 3171 9513 625 3171 9514 674 3171 9515 667 3172 9516 716 3172 9517 717 3172 9518 655 3173 9519 654 3173 9520 703 3173 9521 681 3174 9522 730 3174 9523 731 3174 9524 669 3175 9525 668 3175 9526 717 3175 9527 655 3176 9528 704 3176 9529 705 3176 9530 683 3177 9531 682 3177 9532 731 3177 9533 669 3178 9534 718 3178 9535 719 3178 9536 657 3179 9537 656 3179 9538 705 3179 9539 683 3180 9540 732 3180 9541 733 3180 9542 671 3181 9543 670 3181 9544 719 3181 9545 657 3182 9546 706 3182 9547 707 3182 9548 685 3183 9549 684 3183 9550 733 3183 9551 671 3184 9552 720 3184 9553 721 3184 9554 658 3185 9555 707 3185 9556 708 3185 9557 685 3186 9558 734 3186 9559 735 3186 9560 645 3187 9561 694 3187 9562 695 3187 9563 673 3188 9564 672 3188 9565 721 3188 9566 659 3189 9567 708 3189 9568 709 3189 9569 687 3190 9570 686 3190 9571 735 3190 9572 646 3191 9573 695 3191 9574 696 3191 9575 673 3192 9576 722 3192 9577 723 3192 9578 661 3193 9579 660 3193 9580 709 3193 9581 687 3194 9582 736 3194 9583 737 3194 9584 647 3195 9585 696 3195 9586 697 3195 9587 675 3196 9588 674 3196 9589 723 3196 9590 662 3197 9591 661 3197 9592 710 3197 9593 689 3198 9594 688 3198 9595 737 3198 9596 649 3199 9597 648 3199 9598 697 3199 9599 675 3200 9600 724 3200 9601 725 3200 9602 663 3201 9603 662 3201 9604 711 3201 9605 689 3202 9606 738 3202 9607 739 3202 9608 649 3203 9609 698 3203 9610 699 3203 9611 676 3204 9612 725 3204 9613 726 3204 9614 663 3205 9615 712 3205 9616 713 3205 9617 691 3206 9618 690 3206 9619 739 3206 9620 651 3207 9621 650 3207 9622 699 3207 9623 677 3208 9624 726 3208 9625 727 3208 9626 665 3209 9627 664 3209 9628 713 3209 9629 691 3210 9630 740 3210 9631 741 3210 9632 651 3211 9633 700 3211 9634 701 3211 9635 679 3212 9636 678 3212 9637 727 3212 9638 665 3213 9639 714 3213 9640 715 3213 9641 693 3214 9642 692 3214 9643 741 3214 9644 653 3215 9645 652 3215 9646 701 3215 9647 680 3216 9648 679 3216 9649 728 3216 9650 667 3217 9651 666 3217 9652 715 3217 9653 653 3218 9654 702 3218 9655 703 3218 9656 681 3219 9657 680 3219 9658 729 3219 9659 710 3220 9660 709 3220 9661 758 3220 9662 736 3221 9663 785 3221 9664 786 3221 9665 696 3222 9666 745 3222 9667 746 3222 9668 724 3223 9669 723 3223 9670 772 3223 9671 711 3224 9672 710 3224 9673 759 3224 9674 738 3225 9675 737 3225 9676 786 3225 9677 698 3226 9678 697 3226 9679 746 3226 9680 724 3227 9681 773 3227 9682 774 3227 9683 712 3228 9684 711 3228 9685 760 3228 9686 738 3229 9687 787 3229 9688 788 3229 9689 698 3230 9690 747 3230 9691 748 3230 9692 725 3231 9693 774 3231 9694 775 3231 9695 712 3232 9696 761 3232 9697 762 3232 9698 739 3233 9699 788 3233 9700 789 3233 9701 700 3234 9702 699 3234 9703 748 3234 9704 726 3235 9705 775 3235 9706 776 3235 9707 714 3236 9708 713 3236 9709 762 3236 9710 740 3237 9711 789 3237 9712 790 3237 9713 700 3238 9714 749 3238 9715 750 3238 9716 728 3239 9717 727 3239 9718 776 3239 9719 714 3240 9720 763 3240 9721 764 3240 9722 741 3241 9723 790 3241 9724 791 3241 9725 702 3242 9726 701 3242 9727 750 3242 9728 729 3243 9729 728 3243 9730 777 3243 9731 716 3244 9732 715 3244 9733 764 3244 9734 702 3245 9735 751 3245 9736 752 3245 9737 730 3246 9738 729 3246 9739 778 3246 9740 716 3247 9741 765 3247 9742 766 3247 9743 704 3248 9744 703 3248 9745 752 3248 9746 730 3249 9747 779 3249 9748 780 3249 9749 718 3250 9750 717 3250 9751 766 3250 9752 704 3251 9753 753 3251 9754 754 3251 9755 732 3252 9756 731 3252 9757 780 3252 9758 718 3253 9759 767 3253 9760 768 3253 9761 706 3254 9762 705 3254 9763 754 3254 9764 732 3255 9765 781 3255 9766 782 3255 9767 720 3256 9768 719 3256 9769 768 3256 9770 706 3257 9771 755 3257 9772 756 3257 9773 734 3258 9774 733 3258 9775 782 3258 9776 720 3259 9777 769 3259 9778 770 3259 9779 707 3260 9780 756 3260 9781 757 3260 9782 734 3261 9783 783 3261 9784 784 3261 9785 695 3262 9786 694 3262 9787 743 3262 9788 722 3263 9789 721 3263 9790 770 3263 9791 708 3264 9792 757 3264 9793 758 3264 9794 736 3265 9795 735 3265 9796 784 3265 9797 696 3266 9798 695 3266 9799 744 3266 9800 722 3267 9801 771 3267 9802 772 3267 9803 765 3268 9804 764 3268 9805 813 3268 9806 751 3269 9807 800 3269 9808 801 3269 9809 779 3270 9810 778 3270 9811 827 3270 9812 765 3271 9813 814 3271 9814 815 3271 9815 753 3272 9816 752 3272 9817 801 3272 9818 779 3273 9819 828 3273 9820 829 3273 9821 767 3274 9822 766 3274 9823 815 3274 9824 753 3275 9825 802 3275 9826 803 3275 9827 781 3276 9828 780 3276 9829 829 3276 9830 767 3277 9831 816 3277 9832 817 3277 9833 755 3278 9834 754 3278 9835 803 3278 9836 781 3279 9837 830 3279 9838 831 3279 9839 769 3280 9840 768 3280 9841 817 3280 9842 755 3281 9843 804 3281 9844 805 3281 9845 783 3282 9846 782 3282 9847 831 3282 9848 769 3283 9849 818 3283 9850 819 3283 9851 756 3284 9852 805 3284 9853 806 3284 9854 783 3285 9855 832 3285 9856 833 3285 9857 744 3286 9858 743 3286 9859 792 3286 9860 771 3287 9861 770 3287 9862 819 3287 9863 757 3288 9864 806 3288 9865 807 3288 9866 785 3289 9867 784 3289 9868 833 3289 9869 745 3290 9870 744 3290 9871 793 3290 9872 771 3291 9873 820 3291 9874 821 3291 9875 759 3292 9876 758 3292 9877 807 3292 9878 785 3293 9879 834 3293 9880 835 3293 9881 745 3294 9882 794 3294 9883 795 3294 9884 773 3295 9885 772 3295 9886 821 3295 9887 760 3296 9888 759 3296 9889 808 3296 9890 786 3297 9891 835 3297 9892 836 3297 9893 747 3298 9894 746 3298 9895 795 3298 9896 773 3299 9897 822 3299 9898 823 3299 9899 761 3300 9900 760 3300 9901 809 3300 9902 787 3301 9903 836 3301 9904 837 3301 9905 748 3302 9906 747 3302 9907 796 3302 9908 774 3303 9909 823 3303 9910 824 3303 9911 761 3304 9912 810 3304 9913 811 3304 9914 789 3305 9915 788 3305 9916 837 3305 9917 749 3306 9918 748 3306 9919 797 3306 9920 775 3307 9921 824 3307 9922 825 3307 9923 763 3308 9924 762 3308 9925 811 3308 9926 789 3309 9927 838 3309 9928 839 3309 9929 749 3310 9930 798 3310 9931 799 3310 9932 777 3311 9933 776 3311 9934 825 3311 9935 763 3312 9936 812 3312 9937 813 3312 9938 790 3313 9939 839 3313 9940 840 3313 9941 751 3314 9942 750 3314 9943 799 3314 9944 778 3315 9945 777 3315 9946 826 3315 9947 832 3316 9948 831 3316 9949 880 3316 9950 818 3317 9951 867 3317 9952 868 3317 9953 805 3318 9954 854 3318 9955 855 3318 9956 832 3319 9957 881 3319 9958 882 3319 9959 793 3320 9960 792 3320 9961 841 3320 9962 820 3321 9963 819 3321 9964 868 3321 9965 806 3322 9966 855 3322 9967 856 3322 9968 834 3323 9969 833 3323 9970 882 3323 9971 794 3324 9972 793 3324 9973 842 3324 9974 820 3325 9975 869 3325 9976 870 3325 9977 808 3326 9978 807 3326 9979 856 3326 9980 834 3327 9981 883 3327 9982 884 3327 9983 794 3328 9984 843 3328 9985 844 3328 9986 822 3329 9987 821 3329 9988 870 3329 9989 809 3330 9990 808 3330 9991 857 3330 9992 835 3331 9993 884 3331 9994 885 3331 9995 796 3332 9996 795 3332 9997 844 3332 9998 822 3333 9999 871 3333 10000 872 3333 10001 810 3334 10002 809 3334 10003 858 3334 10004 836 3335 10005 885 3335 10006 886 3335 10007 797 3336 10008 796 3336 10009 845 3336 10010 823 3337 10011 872 3337 10012 873 3337 10013 810 3338 10014 859 3338 10015 860 3338 10016 838 3339 10017 837 3339 10018 886 3339 10019 798 3340 10020 797 3340 10021 846 3340 10022 824 3341 10023 873 3341 10024 874 3341 10025 812 3342 10026 811 3342 10027 860 3342 10028 838 3343 10029 887 3343 10030 888 3343 10031 798 3344 10032 847 3344 10033 848 3344 10034 826 3345 10035 825 3345 10036 874 3345 10037 812 3346 10038 861 3346 10039 862 3346 10040 839 3347 10041 888 3347 10042 889 3347 10043 800 3348 10044 799 3348 10045 848 3348 10046 827 3349 10047 826 3349 10048 875 3349 10049 814 3350 10050 813 3350 10051 862 3350 10052 800 3351 10053 849 3351 10054 850 3351 10055 828 3352 10056 827 3352 10057 876 3352 10058 814 3353 10059 863 3353 10060 864 3353 10061 802 3354 10062 801 3354 10063 850 3354 10064 828 3355 10065 877 3355 10066 878 3355 10067 816 3356 10068 815 3356 10069 864 3356 10070 802 3357 10071 851 3357 10072 852 3357 10073 830 3358 10074 829 3358 10075 878 3358 10076 816 3359 10077 865 3359 10078 866 3359 10079 804 3360 10080 803 3360 10081 852 3360 10082 830 3361 10083 879 3361 10084 880 3361 10085 818 3362 10086 817 3362 10087 866 3362 10088 804 3363 10089 853 3363 10090 854 3363 10091 847 3364 10092 846 3364 10093 895 3364 10094 873 3365 10095 922 3365 10096 923 3365 10097 861 3366 10098 860 3366 10099 909 3366 10100 888 3367 10101 887 3367 10102 936 3367 10103 847 3368 10104 896 3368 10105 897 3368 10106 875 3369 10107 874 3369 10108 923 3369 10109 861 3370 10110 910 3370 10111 911 3370 10112 888 3371 10113 937 3371 10114 938 3371 10115 849 3372 10116 848 3372 10117 897 3372 10118 876 3373 10119 875 3373 10120 924 3373 10121 863 3374 10122 862 3374 10123 911 3374 10124 849 3375 10125 898 3375 10126 899 3375 10127 877 3376 10128 876 3376 10129 925 3376 10130 863 3377 10131 912 3377 10132 913 3377 10133 851 3378 10134 850 3378 10135 899 3378 10136 877 3379 10137 926 3379 10138 927 3379 10139 865 3380 10140 864 3380 10141 913 3380 10142 851 3381 10143 900 3381 10144 901 3381 10145 879 3382 10146 878 3382 10147 927 3382 10148 865 3383 10149 914 3383 10150 915 3383 10151 853 3384 10152 852 3384 10153 901 3384 10154 879 3385 10155 928 3385 10156 929 3385 10157 867 3386 10158 866 3386 10159 915 3386 10160 853 3387 10161 902 3387 10162 903 3387 10163 881 3388 10164 880 3388 10165 929 3388 10166 867 3389 10167 916 3389 10168 917 3389 10169 854 3390 10170 903 3390 10171 904 3390 10172 881 3391 10173 930 3391 10174 931 3391 10175 842 3392 10176 841 3392 10177 890 3392 10178 869 3393 10179 868 3393 10180 917 3393 10181 855 3394 10182 904 3394 10183 905 3394 10184 883 3395 10185 882 3395 10186 931 3395 10187 842 3396 10188 891 3396 10189 892 3396 10190 869 3397 10191 918 3397 10192 919 3397 10193 857 3398 10194 856 3398 10195 905 3398 10196 883 3399 10197 932 3399 10198 933 3399 10199 844 3400 10200 843 3400 10201 892 3400 10202 871 3401 10203 870 3401 10204 919 3401 10205 858 3402 10206 857 3402 10207 906 3402 10208 884 3403 10209 933 3403 10210 934 3403 10211 845 3404 10212 844 3404 10213 893 3404 10214 871 3405 10215 920 3405 10216 921 3405 10217 859 3406 10218 858 3406 10219 907 3406 10220 885 3407 10221 934 3407 10222 935 3407 10223 846 3408 10224 845 3408 10225 894 3408 10226 872 3409 10227 921 3409 10228 922 3409 10229 859 3410 10230 908 3410 10231 909 3410 10232 886 3411 10233 935 3411 10234 936 3411 10235 928 3412 10236 977 3412 10237 978 3412 10238 916 3413 10239 915 3413 10240 964 3413 10241 902 3414 10242 951 3414 10243 952 3414 10244 930 3415 10245 929 3415 10246 978 3415 10247 916 3416 10248 965 3416 10249 966 3416 10250 903 3417 10251 952 3417 10252 953 3417 10253 930 3418 10254 979 3418 10255 980 3418 10256 891 3419 10257 890 3419 10258 939 3419 10259 918 3420 10260 917 3420 10261 966 3420 10262 904 3421 10263 953 3421 10264 954 3421 10265 932 3422 10266 931 3422 10267 980 3422 10268 892 3423 10269 891 3423 10270 940 3423 10271 918 3424 10272 967 3424 10273 968 3424 10274 905 3425 10275 954 3425 10276 955 3425 10277 932 3426 10278 981 3426 10279 982 3426 10280 892 3427 10281 941 3427 10282 942 3427 10283 920 3428 10284 919 3428 10285 968 3428 10286 907 3429 10287 906 3429 10288 955 3429 10289 933 3430 10290 982 3430 10291 983 3430 10292 894 3431 10293 893 3431 10294 942 3431 10295 920 3432 10296 969 3432 10297 970 3432 10298 908 3433 10299 907 3433 10300 956 3433 10301 934 3434 10302 983 3434 10303 984 3434 10304 895 3435 10305 894 3435 10306 943 3435 10307 921 3436 10308 970 3436 10309 971 3436 10310 908 3437 10311 957 3437 10312 958 3437 10313 936 3438 10314 935 3438 10315 984 3438 10316 896 3439 10317 895 3439 10318 944 3439 10319 923 3440 10320 922 3440 10321 971 3440 10322 910 3441 10323 909 3441 10324 958 3441 10325 936 3442 10326 985 3442 10327 986 3442 10328 896 3443 10329 945 3443 10330 946 3443 10331 924 3444 10332 923 3444 10333 972 3444 10334 910 3445 10335 959 3445 10336 960 3445 10337 937 3446 10338 986 3446 10339 987 3446 10340 898 3447 10341 897 3447 10342 946 3447 10343 925 3448 10344 924 3448 10345 973 3448 10346 912 3449 10347 911 3449 10348 960 3449 10349 898 3450 10350 947 3450 10351 948 3450 10352 926 3451 10353 925 3451 10354 974 3451 10355 912 3452 10356 961 3452 10357 962 3452 10358 900 3453 10359 899 3453 10360 948 3453 10361 926 3454 10362 975 3454 10363 976 3454 10364 914 3455 10365 913 3455 10366 962 3455 10367 900 3456 10368 949 3456 10369 950 3456 10370 928 3457 10371 927 3457 10372 976 3457 10373 914 3458 10374 963 3458 10375 964 3458 10376 902 3459 10377 901 3459 10378 950 3459 10379 944 3460 10380 943 3460 10381 992 3460 10382 970 3461 10383 1019 3461 10384 1020 3461 10385 957 3462 10386 1006 3462 10387 1007 3462 10388 984 3463 10389 1033 3463 10390 1034 3463 10391 945 3464 10392 944 3464 10393 993 3464 10394 972 3465 10395 971 3465 10396 1020 3465 10397 959 3466 10398 958 3466 10399 1007 3466 10400 985 3467 10401 1034 3467 10402 1035 3467 10403 945 3468 10404 994 3468 10405 995 3468 10406 973 3469 10407 972 3469 10408 1021 3469 10409 959 3470 10410 1008 3470 10411 1009 3470 10412 986 3471 10413 1035 3471 10414 1036 3471 10415 947 3472 10416 946 3472 10417 995 3472 10418 974 3473 10419 973 3473 10420 1022 3473 10421 961 3474 10422 960 3474 10423 1009 3474 10424 947 3475 10425 996 3475 10426 997 3475 10427 975 3476 10428 974 3476 10429 1023 3476 10430 961 3477 10431 1010 3477 10432 1011 3477 10433 949 3478 10434 948 3478 10435 997 3478 10436 975 3479 10437 1024 3479 10438 1025 3479 10439 963 3480 10440 962 3480 10441 1011 3480 10442 949 3481 10443 998 3481 10444 999 3481 10445 976 3482 10446 1025 3482 10447 1026 3482 10448 963 3483 10449 1012 3483 10450 1013 3483 10451 951 3484 10452 950 3484 10453 999 3484 10454 977 3485 10455 1026 3485 10456 1027 3485 10457 965 3486 10458 964 3486 10459 1013 3486 10460 951 3487 10461 1000 3487 10462 1001 3487 10463 979 3488 10464 978 3488 10465 1027 3488 10466 965 3489 10467 1014 3489 10468 1015 3489 10469 952 3490 10470 1001 3490 10471 1002 3490 10472 979 3491 10473 1028 3491 10474 1029 3491 10475 940 3492 10476 939 3492 10477 988 3492 10478 967 3493 10479 966 3493 10480 1015 3493 10481 953 3494 10482 1002 3494 10483 1003 3494 10484 981 3495 10485 980 3495 10486 1029 3495 10487 940 3496 10488 989 3496 10489 990 3496 10490 967 3497 10491 1016 3497 10492 1017 3497 10493 954 3498 10494 1003 3498 10495 1004 3498 10496 981 3499 10497 1030 3499 10498 1031 3499 10499 941 3500 10500 990 3500 10501 991 3500 10502 969 3501 10503 968 3501 10504 1017 3501 10505 956 3502 10506 955 3502 10507 1004 3502 10508 982 3503 10509 1031 3503 10510 1032 3503 10511 942 3504 10512 991 3504 10513 992 3504 10514 969 3505 10515 1018 3505 10516 1019 3505 10517 957 3506 10518 956 3506 10519 1005 3506 10520 983 3507 10521 1032 3507 10522 1033 3507 10523 1025 3508 10524 1074 3508 10525 1075 3508 10526 1012 3509 10527 1061 3509 10528 1062 3509 10529 1000 3510 10530 999 3510 10531 1048 3510 10532 1026 3511 10533 1075 3511 10534 1076 3511 10535 1014 3512 10536 1013 3512 10537 1062 3512 10538 1000 3513 10539 1049 3513 10540 1050 3513 10541 1028 3514 10542 1027 3514 10543 1076 3514 10544 1014 3515 10545 1063 3515 10546 1064 3515 10547 1002 3516 10548 1001 3516 10549 1050 3516 10550 1028 3517 10551 1077 3517 10552 1078 3517 10553 989 3518 10554 988 3518 10555 1037 3518 10556 1016 3519 10557 1015 3519 10558 1064 3519 10559 1002 3520 10560 1051 3520 10561 1052 3520 10562 1030 3521 10563 1029 3521 10564 1078 3521 10565 990 3522 10566 989 3522 10567 1038 3522 10568 1016 3523 10569 1065 3523 10570 1066 3523 10571 1003 3524 10572 1052 3524 10573 1053 3524 10574 1030 3525 10575 1079 3525 10576 1080 3525 10577 990 3526 10578 1039 3526 10579 1040 3526 10580 1018 3527 10581 1017 3527 10582 1066 3527 10583 1005 3528 10584 1004 3528 10585 1053 3528 10586 1031 3529 10587 1080 3529 10588 1081 3529 10589 991 3530 10590 1040 3530 10591 1041 3530 10592 1018 3531 10593 1067 3531 10594 1068 3531 10595 1006 3532 10596 1005 3532 10597 1054 3532 10598 1033 3533 10599 1032 3533 10600 1081 3533 10601 993 3534 10602 992 3534 10603 1041 3534 10604 1019 3535 10605 1068 3535 10606 1069 3535 10607 1006 3536 10608 1055 3536 10609 1056 3536 10610 1034 3537 10611 1033 3537 10612 1082 3537 10613 994 3538 10614 993 3538 10615 1042 3538 10616 1021 3539 10617 1020 3539 10618 1069 3539 10619 1008 3540 10620 1007 3540 10621 1056 3540 10622 1034 3541 10623 1083 3541 10624 1084 3541 10625 994 3542 10626 1043 3542 10627 1044 3542 10628 1022 3543 10629 1021 3543 10630 1070 3543 10631 1008 3544 10632 1057 3544 10633 1058 3544 10634 1035 3545 10635 1084 3545 10636 1085 3545 10637 996 3546 10638 995 3546 10639 1044 3546 10640 1022 3547 10641 1071 3547 10642 1072 3547 10643 1010 3548 10644 1009 3548 10645 1058 3548 10646 996 3549 10647 1045 3549 10648 1046 3549 10649 1024 3550 10650 1023 3550 10651 1072 3550 10652 1010 3551 10653 1059 3551 10654 1060 3551 10655 998 3552 10656 997 3552 10657 1046 3552 10658 1024 3553 10659 1073 3553 10660 1074 3553 10661 1012 3554 10662 1011 3554 10663 1060 3554 10664 999 3555 10665 998 3555 10666 1047 3555 10667 1041 3556 10668 1040 3556 10669 1089 3556 10670 1067 3557 10671 1116 3557 10672 1117 3557 10673 1055 3558 10674 1054 3558 10675 1103 3558 10676 1081 3559 10677 1130 3559 10678 1131 3559 10679 1042 3560 10680 1041 3560 10681 1090 3560 10682 1068 3561 10683 1117 3561 10684 1118 3561 10685 1055 3562 10686 1104 3562 10687 1105 3562 10688 1082 3563 10689 1131 3563 10690 1132 3563 10691 1043 3564 10692 1042 3564 10693 1091 3564 10694 1070 3565 10695 1069 3565 10696 1118 3565 10697 1057 3566 10698 1056 3566 10699 1105 3566 10700 1083 3567 10701 1132 3567 10702 1133 3567 10703 1043 3568 10704 1092 3568 10705 1093 3568 10706 1071 3569 10707 1070 3569 10708 1119 3569 10709 1057 3570 10710 1106 3570 10711 1107 3570 10712 1084 3571 10713 1133 3571 10714 1134 3571 10715 1045 3572 10716 1044 3572 10717 1093 3572 10718 1071 3573 10719 1120 3573 10720 1121 3573 10721 1059 3574 10722 1058 3574 10723 1107 3574 10724 1045 3575 10725 1094 3575 10726 1095 3575 10727 1072 3576 10728 1121 3576 10729 1122 3576 10730 1059 3577 10731 1108 3577 10732 1109 3577 10733 1047 3578 10734 1046 3578 10735 1095 3578 10736 1073 3579 10737 1122 3579 10738 1123 3579 10739 1061 3580 10740 1060 3580 10741 1109 3580 10742 1047 3581 10743 1096 3581 10744 1097 3581 10745 1074 3582 10746 1123 3582 10747 1124 3582 10748 1061 3583 10749 1110 3583 10750 1111 3583 10751 1048 3584 10752 1097 3584 10753 1098 3584 10754 1075 3585 10755 1124 3585 10756 1125 3585 10757 1063 3586 10758 1062 3586 10759 1111 3586 10760 1050 3587 10761 1049 3587 10762 1098 3587 10763 1077 3588 10764 1076 3588 10765 1125 3588 10766 1063 3589 10767 1112 3589 10768 1113 3589 10769 1051 3590 10770 1050 3590 10771 1099 3590 10772 1077 3591 10773 1126 3591 10774 1127 3591 10775 1038 3592 10776 1037 3592 10777 1086 3592 10778 1065 3593 10779 1064 3593 10780 1113 3593 10781 1051 3594 10782 1100 3594 10783 1101 3594 10784 1079 3595 10785 1078 3595 10786 1127 3595 10787 1038 3596 10788 1087 3596 10789 1088 3596 10790 1065 3597 10791 1114 3597 10792 1115 3597 10793 1052 3598 10794 1101 3598 10795 1102 3598 10796 1079 3599 10797 1128 3599 10798 1129 3599 10799 1040 3600 10800 1039 3600 10801 1088 3600 10802 1067 3601 10803 1066 3601 10804 1115 3601 10805 1054 3602 10806 1053 3602 10807 1102 3602 10808 1080 3603 10809 1129 3603 10810 1130 3603 10811 1123 3604 10812 1122 3604 10813 1171 3604 10814 1110 3605 10815 1109 3605 10816 1158 3605 10817 1097 3606 10818 1096 3606 10819 1145 3606 10820 1123 3607 10821 1172 3607 10822 1173 3607 10823 1110 3608 10824 1159 3608 10825 1160 3608 10826 1097 3609 10827 1146 3609 10828 1147 3609 10829 1124 3610 10830 1173 3610 10831 1174 3610 10832 1112 3611 10833 1111 3611 10834 1160 3611 10835 1099 3612 10836 1098 3612 10837 1147 3612 10838 1126 3613 10839 1125 3613 10840 1174 3613 10841 1112 3614 10842 1161 3614 10843 1162 3614 10844 1100 3615 10845 1099 3615 10846 1148 3615 10847 1126 3616 10848 1175 3616 10849 1176 3616 10850 1087 3617 10851 1086 3617 10852 1135 3617 10853 1114 3618 10854 1113 3618 10855 1162 3618 10856 1100 3619 10857 1149 3619 10858 1150 3619 10859 1127 3620 10860 1176 3620 10861 1177 3620 10862 1088 3621 10863 1087 3621 10864 1136 3621 10865 1114 3622 10866 1163 3622 10867 1164 3622 10868 1101 3623 10869 1150 3623 10870 1151 3623 10871 1128 3624 10872 1177 3624 10873 1178 3624 10874 1088 3625 10875 1137 3625 10876 1138 3625 10877 1116 3626 10878 1115 3626 10879 1164 3626 10880 1103 3627 10881 1102 3627 10882 1151 3627 10883 1129 3628 10884 1178 3628 10885 1179 3628 10886 1090 3629 10887 1089 3629 10888 1138 3629 10889 1116 3630 10890 1165 3630 10891 1166 3630 10892 1104 3631 10893 1103 3631 10894 1152 3631 10895 1130 3632 10896 1179 3632 10897 1180 3632 10898 1091 3633 10899 1090 3633 10900 1139 3633 10901 1117 3634 10902 1166 3634 10903 1167 3634 10904 1104 3635 10905 1153 3635 10906 1154 3635 10907 1132 3636 10908 1131 3636 10909 1180 3636 10910 1092 3637 10911 1091 3637 10912 1140 3637 10913 1119 3638 10914 1118 3638 10915 1167 3638 10916 1106 3639 10917 1105 3639 10918 1154 3639 10919 1132 3640 10920 1181 3640 10921 1182 3640 10922 1092 3641 10923 1141 3641 10924 1142 3641 10925 1120 3642 10926 1119 3642 10927 1168 3642 10928 1106 3643 10929 1155 3643 10930 1156 3643 10931 1133 3644 10932 1182 3644 10933 1183 3644 10934 1094 3645 10935 1093 3645 10936 1142 3645 10937 1120 3646 10938 1169 3646 10939 1170 3646 10940 1108 3647 10941 1107 3647 10942 1156 3647 10943 1094 3648 10944 1143 3648 10945 1144 3648 10946 1121 3649 10947 1170 3649 10948 1171 3649 10949 1108 3650 10950 1157 3650 10951 1158 3650 10952 1096 3651 10953 1095 3651 10954 1144 3651 10955 1137 3652 10956 1186 3652 10957 1187 3652 10958 1165 3653 10959 1164 3653 10960 1213 3653 10961 1152 3654 10962 1151 3654 10963 1200 3654 10964 1178 3655 10965 1227 3655 10966 1228 3655 10967 1139 3656 10968 1138 3656 10969 1187 3656 10970 1165 3657 10971 1214 3657 10972 1215 3657 10973 1152 3658 10974 1201 3658 10975 1202 3658 10976 1179 3659 10977 1228 3659 10978 1229 3659 10979 1140 3660 10980 1139 3660 10981 1188 3660 10982 1166 3661 10983 1215 3661 10984 1216 3661 10985 1153 3662 10986 1202 3662 10987 1203 3662 10988 1181 3663 10989 1180 3663 10990 1229 3663 10991 1141 3664 10992 1140 3664 10993 1189 3664 10994 1168 3665 10995 1167 3665 10996 1216 3665 10997 1155 3666 10998 1154 3666 10999 1203 3666 11000 1182 3667 11001 1181 3667 11002 1230 3667 11003 1142 3668 11004 1141 3668 11005 1190 3668 11006 1169 3669 11007 1168 3669 11008 1217 3669 11009 1155 3670 11010 1204 3670 11011 1205 3670 11012 1182 3671 11013 1231 3671 11014 1232 3671 11015 1143 3672 11016 1142 3672 11017 1191 3672 11018 1169 3673 11019 1218 3673 11020 1219 3673 11021 1157 3674 11022 1156 3674 11023 1205 3674 11024 1143 3675 11025 1192 3675 11026 1193 3675 11027 1170 3676 11028 1219 3676 11029 1220 3676 11030 1157 3677 11031 1206 3677 11032 1207 3677 11033 1145 3678 11034 1144 3678 11035 1193 3678 11036 1171 3679 11037 1220 3679 11038 1221 3679 11039 1159 3680 11040 1158 3680 11041 1207 3680 11042 1146 3681 11043 1145 3681 11044 1194 3681 11045 1172 3682 11046 1221 3682 11047 1222 3682 11048 1159 3683 11049 1208 3683 11050 1209 3683 11051 1146 3684 11052 1195 3684 11053 1196 3684 11054 1173 3685 11055 1222 3685 11056 1223 3685 11057 1161 3686 11058 1160 3686 11059 1209 3686 11060 1148 3687 11061 1147 3687 11062 1196 3687 11063 1175 3688 11064 1174 3688 11065 1223 3688 11066 1161 3689 11067 1210 3689 11068 1211 3689 11069 1149 3690 11070 1148 3690 11071 1197 3690 11072 1175 3691 11073 1224 3691 11074 1225 3691 11075 1136 3692 11076 1135 3692 11077 1184 3692 11078 1163 3693 11079 1162 3693 11080 1211 3693 11081 1149 3694 11082 1198 3694 11083 1199 3694 11084 1176 3695 11085 1225 3695 11086 1226 3695 11087 1136 3696 11088 1185 3696 11089 1186 3696 11090 1163 3697 11091 1212 3697 11092 1213 3697 11093 1150 3698 11094 1199 3698 11095 1200 3698 11096 1177 3699 11097 1226 3699 11098 1227 3699 11099 1219 3700 11100 1268 3700 11101 1269 3700 11102 1206 3701 11103 1255 3701 11104 1256 3701 11105 1194 3702 11106 1193 3702 11107 1242 3702 11108 1220 3703 11109 1269 3703 11110 1270 3703 11111 1208 3704 11112 1207 3704 11113 1256 3704 11114 1195 3705 11115 1194 3705 11116 1243 3705 11117 1221 3706 11118 1270 3706 11119 1271 3706 11120 1208 3707 11121 1257 3707 11122 1258 3707 11123 1196 3708 11124 1195 3708 11125 1244 3708 11126 1222 3709 11127 1271 3709 11128 1272 3709 11129 1210 3710 11130 1209 3710 11131 1258 3710 11132 1197 3711 11133 1196 3711 11134 1245 3711 11135 1224 3712 11136 1223 3712 11137 1272 3712 11138 1210 3713 11139 1259 3713 11140 1260 3713 11141 1198 3714 11142 1197 3714 11143 1246 3714 11144 1224 3715 11145 1273 3715 11146 1274 3715 11147 1185 3716 11148 1184 3716 11149 1233 3716 11150 1212 3717 11151 1211 3717 11152 1260 3717 11153 1198 3718 11154 1247 3718 11155 1248 3718 11156 1226 3719 11157 1225 3719 11158 1274 3719 11159 1186 3720 11160 1185 3720 11161 1234 3720 11162 1212 3721 11163 1261 3721 11164 1262 3721 11165 1199 3722 11166 1248 3722 11167 1249 3722 11168 1226 3723 11169 1275 3723 11170 1276 3723 11171 1186 3724 11172 1235 3724 11173 1236 3724 11174 1214 3725 11175 1213 3725 11176 1262 3725 11177 1201 3726 11178 1200 3726 11179 1249 3726 11180 1227 3727 11181 1276 3727 11182 1277 3727 11183 1187 3728 11184 1236 3728 11185 1237 3728 11186 1214 3729 11187 1263 3729 11188 1264 3729 11189 1202 3730 11190 1201 3730 11191 1250 3730 11192 1228 3731 11193 1277 3731 11194 1278 3731 11195 1189 3732 11196 1188 3732 11197 1237 3732 11198 1215 3733 11199 1264 3733 11200 1265 3733 11201 1202 3734 11202 1251 3734 11203 1252 3734 11204 1230 3735 11205 1229 3735 11206 1278 3735 11207 1189 3736 11208 1238 3736 11209 1239 3736 11210 1217 3737 11211 1216 3737 11212 1265 3737 11213 1204 3738 11214 1203 3738 11215 1252 3738 11216 1230 3739 11217 1279 3739 11218 1280 3739 11219 1190 3740 11220 1239 3740 11221 1240 3740 11222 1218 3741 11223 1217 3741 11224 1266 3741 11225 1204 3742 11226 1253 3742 11227 1254 3742 11228 1231 3743 11229 1280 3743 11230 1281 3743 11231 1192 3744 11232 1191 3744 11233 1240 3744 11234 1218 3745 11235 1267 3745 11236 1268 3745 11237 1206 3746 11238 1205 3746 11239 1254 3746 11240 1192 3747 11241 1241 3747 11242 1242 3747 11243 1234 3748 11244 1283 3748 11245 1284 3748 11246 1261 3749 11247 1310 3749 11248 1311 3749 11249 1248 3750 11250 1297 3750 11251 1298 3750 11252 1276 3751 11253 1275 3751 11254 1324 3751 11255 1235 3752 11256 1284 3752 11257 1285 3752 11258 1263 3753 11259 1262 3753 11260 1311 3753 11261 1250 3754 11262 1249 3754 11263 1298 3754 11264 1276 3755 11265 1325 3755 11266 1326 3755 11267 1237 3756 11268 1236 3756 11269 1285 3756 11270 1263 3757 11271 1312 3757 11272 1313 3757 11273 1251 3758 11274 1250 3758 11275 1299 3758 11276 1277 3759 11277 1326 3759 11278 1327 3759 11279 1238 3760 11280 1237 3760 11281 1286 3760 11282 1264 3761 11283 1313 3761 11284 1314 3761 11285 1251 3762 11286 1300 3762 11287 1301 3762 11288 1279 3763 11289 1278 3763 11290 1327 3763 11291 1238 3764 11292 1287 3764 11293 1288 3764 11294 1266 3765 11295 1265 3765 11296 1314 3765 11297 1253 3766 11298 1252 3766 11299 1301 3766 11300 1280 3767 11301 1279 3767 11302 1328 3767 11303 1240 3768 11304 1239 3768 11305 1288 3768 11306 1267 3769 11307 1266 3769 11308 1315 3769 11309 1253 3770 11310 1302 3770 11311 1303 3770 11312 1280 3771 11313 1329 3771 11314 1330 3771 11315 1241 3772 11316 1240 3772 11317 1289 3772 11318 1267 3773 11319 1316 3773 11320 1317 3773 11321 1255 3774 11322 1254 3774 11323 1303 3774 11324 1241 3775 11325 1290 3775 11326 1291 3775 11327 1268 3776 11328 1317 3776 11329 1318 3776 11330 1255 3777 11331 1304 3777 11332 1305 3777 11333 1243 3778 11334 1242 3778 11335 1291 3778 11336 1270 3779 11337 1269 3779 11338 1318 3779 11339 1257 3780 11340 1256 3780 11341 1305 3780 11342 1243 3781 11343 1292 3781 11344 1293 3781 11345 1271 3782 11346 1270 3782 11347 1319 3782 11348 1257 3783 11349 1306 3783 11350 1307 3783 11351 1244 3784 11352 1293 3784 11353 1294 3784 11354 1271 3785 11355 1320 3785 11356 1321 3785 11357 1259 3786 11358 1258 3786 11359 1307 3786 11360 1246 3787 11361 1245 3787 11362 1294 3787 11363 1273 3788 11364 1272 3788 11365 1321 3788 11366 1259 3789 11367 1308 3789 11368 1309 3789 11369 1247 3790 11370 1246 3790 11371 1295 3790 11372 1273 3791 11373 1322 3791 11374 1323 3791 11375 1234 3792 11376 1233 3792 11377 1282 3792 11378 1261 3793 11379 1260 3793 11380 1309 3793 11381 1247 3794 11382 1296 3794 11383 1297 3794 11384 1274 3795 11385 1323 3795 11386 1324 3795 11387 1316 3796 11388 1365 3796 11389 1366 3796 11390 1304 3797 11391 1303 3797 11392 1352 3797 11393 1290 3798 11394 1339 3798 11395 1340 3798 11396 1317 3799 11397 1366 3799 11398 1367 3799 11399 1304 3800 11400 1353 3800 11401 1354 3800 11402 1292 3801 11403 1291 3801 11404 1340 3801 11405 1318 3802 11406 1367 3802 11407 1368 3802 11408 1306 3803 11409 1305 3803 11410 1354 3803 11411 1293 3804 11412 1292 3804 11413 1341 3804 11414 1319 3805 11415 1368 3805 11416 1369 3805 11417 1306 3806 11418 1355 3806 11419 1356 3806 11420 1294 3807 11421 1293 3807 11422 1342 3807 11423 1320 3808 11424 1369 3808 11425 1370 3808 11426 1308 3809 11427 1307 3809 11428 1356 3809 11429 1295 3810 11430 1294 3810 11431 1343 3810 11432 1322 3811 11433 1321 3811 11434 1370 3811 11435 1308 3812 11436 1357 3812 11437 1358 3812 11438 1296 3813 11439 1295 3813 11440 1344 3813 11441 1322 3814 11442 1371 3814 11443 1372 3814 11444 1283 3815 11445 1282 3815 11446 1331 3815 11447 1310 3816 11448 1309 3816 11449 1358 3816 11450 1296 3817 11451 1345 3817 11452 1346 3817 11453 1324 3818 11454 1323 3818 11455 1372 3818 11456 1284 3819 11457 1283 3819 11458 1332 3819 11459 1310 3820 11460 1359 3820 11461 1360 3820 11462 1297 3821 11463 1346 3821 11464 1347 3821 11465 1325 3822 11466 1324 3822 11467 1373 3822 11468 1284 3823 11469 1333 3823 11470 1334 3823 11471 1312 3824 11472 1311 3824 11473 1360 3824 11474 1299 3825 11475 1298 3825 11476 1347 3825 11477 1325 3826 11478 1374 3826 11479 1375 3826 11480 1286 3827 11481 1285 3827 11482 1334 3827 11483 1312 3828 11484 1361 3828 11485 1362 3828 11486 1299 3829 11487 1348 3829 11488 1349 3829 11489 1326 3830 11490 1375 3830 11491 1376 3830 11492 1287 3831 11493 1286 3831 11494 1335 3831 11495 1313 3832 11496 1362 3832 11497 1363 3832 11498 1300 3833 11499 1349 3833 11500 1350 3833 11501 1328 3834 11502 1327 3834 11503 1376 3834 11504 1287 3835 11505 1336 3835 11506 1337 3835 11507 1315 3836 11508 1314 3836 11509 1363 3836 11510 1302 3837 11511 1301 3837 11512 1350 3837 11513 1328 3838 11514 1377 3838 11515 1378 3838 11516 1288 3839 11517 1337 3839 11518 1338 3839 11519 1316 3840 11520 1315 3840 11521 1364 3840 11522 1302 3841 11523 1351 3841 11524 1352 3841 11525 1329 3842 11526 1378 3842 11527 1379 3842 11528 1290 3843 11529 1289 3843 11530 1338 3843 11531 1332 3844 11532 1331 3844 11533 1380 3844 11534 1359 3845 11535 1358 3845 11536 1407 3845 11537 1345 3846 11538 1394 3846 11539 1395 3846 11540 1373 3847 11541 1372 3847 11542 1421 3847 11543 1332 3848 11544 1381 3848 11545 1382 3848 11546 1359 3849 11547 1408 3849 11548 1409 3849 11549 1346 3850 11550 1395 3850 11551 1396 3850 11552 1373 3851 11553 1422 3851 11554 1423 3851 11555 1333 3852 11556 1382 3852 11557 1383 3852 11558 1361 3853 11559 1360 3853 11560 1409 3853 11561 1348 3854 11562 1347 3854 11563 1396 3854 11564 1374 3855 11565 1423 3855 11566 1424 3855 11567 1335 3856 11568 1334 3856 11569 1383 3856 11570 1361 3857 11571 1410 3857 11572 1411 3857 11573 1349 3858 11574 1348 3858 11575 1397 3858 11576 1375 3859 11577 1424 3859 11578 1425 3859 11579 1336 3860 11580 1335 3860 11581 1384 3860 11582 1362 3861 11583 1411 3861 11584 1412 3861 11585 1349 3862 11586 1398 3862 11587 1399 3862 11588 1377 3863 11589 1376 3863 11590 1425 3863 11591 1336 3864 11592 1385 3864 11593 1386 3864 11594 1364 3865 11595 1363 3865 11596 1412 3865 11597 1351 3866 11598 1350 3866 11599 1399 3866 11600 1378 3867 11601 1377 3867 11602 1426 3867 11603 1337 3868 11604 1386 3868 11605 1387 3868 11606 1365 3869 11607 1364 3869 11608 1413 3869 11609 1351 3870 11610 1400 3870 11611 1401 3870 11612 1378 3871 11613 1427 3871 11614 1428 3871 11615 1339 3872 11616 1338 3872 11617 1387 3872 11618 1365 3873 11619 1414 3873 11620 1415 3873 11621 1353 3874 11622 1352 3874 11623 1401 3874 11624 1339 3875 11625 1388 3875 11626 1389 3875 11627 1366 3876 11628 1415 3876 11629 1416 3876 11630 1353 3877 11631 1402 3877 11632 1403 3877 11633 1341 3878 11634 1340 3878 11635 1389 3878 11636 1367 3879 11637 1416 3879 11638 1417 3879 11639 1355 3880 11640 1354 3880 11641 1403 3880 11642 1341 3881 11643 1390 3881 11644 1391 3881 11645 1369 3882 11646 1368 3882 11647 1417 3882 11648 1355 3883 11649 1404 3883 11650 1405 3883 11651 1343 3884 11652 1342 3884 11653 1391 3884 11654 1369 3885 11655 1418 3885 11656 1419 3885 11657 1357 3886 11658 1356 3886 11659 1405 3886 11660 1344 3887 11661 1343 3887 11662 1392 3887 11663 1371 3888 11664 1370 3888 11665 1419 3888 11666 1357 3889 11667 1406 3889 11668 1407 3889 11669 1345 3890 11670 1344 3890 11671 1393 3890 11672 1371 3891 11673 1420 3891 11674 1421 3891 11675 1414 3892 11676 1413 3892 11677 1462 3892 11678 1400 3893 11679 1449 3893 11680 1450 3893 11681 1427 3894 11682 1476 3894 11683 1477 3894 11684 1388 3895 11685 1387 3895 11686 1436 3895 11687 1414 3896 11688 1463 3896 11689 1464 3896 11690 1402 3897 11691 1401 3897 11692 1450 3897 11693 1388 3898 11694 1437 3898 11695 1438 3898 11696 1415 3899 11697 1464 3899 11698 1465 3899 11699 1402 3900 11700 1451 3900 11701 1452 3900 11702 1390 3901 11703 1389 3901 11704 1438 3901 11705 1417 3902 11706 1416 3902 11707 1465 3902 11708 1404 3903 11709 1403 3903 11710 1452 3903 11711 1390 3904 11712 1439 3904 11713 1440 3904 11714 1418 3905 11715 1417 3905 11716 1466 3905 11717 1404 3906 11718 1453 3906 11719 1454 3906 11720 1391 3907 11721 1440 3907 11722 1441 3907 11723 1418 3908 11724 1467 3908 11725 1468 3908 11726 1406 3909 11727 1405 3909 11728 1454 3909 11729 1393 3910 11730 1392 3910 11731 1441 3910 11732 1420 3911 11733 1419 3911 11734 1468 3911 11735 1406 3912 11736 1455 3912 11737 1456 3912 11738 1394 3913 11739 1393 3913 11740 1442 3913 11741 1420 3914 11742 1469 3914 11743 1470 3914 11744 1381 3915 11745 1380 3915 11746 1429 3915 11747 1408 3916 11748 1407 3916 11749 1456 3916 11750 1394 3917 11751 1443 3917 11752 1444 3917 11753 1422 3918 11754 1421 3918 11755 1470 3918 11756 1382 3919 11757 1381 3919 11758 1430 3919 11759 1408 3920 11760 1457 3920 11761 1458 3920 11762 1395 3921 11763 1444 3921 11764 1445 3921 11765 1422 3922 11766 1471 3922 11767 1472 3922 11768 1382 3923 11769 1431 3923 11770 1432 3923 11771 1410 3924 11772 1409 3924 11773 1458 3924 11774 1397 3925 11775 1396 3925 11776 1445 3925 11777 1423 3926 11778 1472 3926 11779 1473 3926 11780 1383 3927 11781 1432 3927 11782 1433 3927 11783 1410 3928 11784 1459 3928 11785 1460 3928 11786 1398 3929 11787 1397 3929 11788 1446 3929 11789 1424 3930 11790 1473 3930 11791 1474 3930 11792 1385 3931 11793 1384 3931 11794 1433 3931 11795 1411 3932 11796 1460 3932 11797 1461 3932 11798 1398 3933 11799 1447 3933 11800 1448 3933 11801 1426 3934 11802 1425 3934 11803 1474 3934 11804 1386 3935 11805 1385 3935 11806 1434 3935 11807 1413 3936 11808 1412 3936 11809 1461 3936 11810 1400 3937 11811 1399 3937 11812 1448 3937 11813 1426 3938 11814 1475 3938 11815 1476 3938 11816 1386 3939 11817 1435 3939 11818 1436 3939 11819 1455 3940 11820 1504 3940 11821 1505 3940 11822 1443 3941 11823 1442 3941 11824 1491 3941 11825 1469 3942 11826 1518 3942 11827 1519 3942 11828 1430 3943 11829 1429 3943 11830 1478 3943 11831 1457 3944 11832 1456 3944 11833 1505 3944 11834 1443 3945 11835 1492 3945 11836 1493 3945 11837 1471 3946 11838 1470 3946 11839 1519 3946 11840 1430 3947 11841 1479 3947 11842 1480 3947 11843 1457 3948 11844 1506 3948 11845 1507 3948 11846 1444 3949 11847 1493 3949 11848 1494 3949 11849 1471 3950 11850 1520 3950 11851 1521 3950 11852 1431 3951 11853 1480 3951 11854 1481 3951 11855 1459 3952 11856 1458 3952 11857 1507 3952 11858 1446 3953 11859 1445 3953 11860 1494 3953 11861 1472 3954 11862 1521 3954 11863 1522 3954 11864 1432 3955 11865 1481 3955 11866 1482 3955 11867 1459 3956 11868 1508 3956 11869 1509 3956 11870 1446 3957 11871 1495 3957 11872 1496 3957 11873 1473 3958 11874 1522 3958 11875 1523 3958 11876 1434 3959 11877 1433 3959 11878 1482 3959 11879 1460 3960 11880 1509 3960 11881 1510 3960 11882 1447 3961 11883 1496 3961 11884 1497 3961 11885 1475 3962 11886 1474 3962 11887 1523 3962 11888 1435 3963 11889 1434 3963 11890 1483 3963 11891 1462 3964 11892 1461 3964 11893 1510 3964 11894 1449 3965 11895 1448 3965 11896 1497 3965 11897 1475 3966 11898 1524 3966 11899 1525 3966 11900 1435 3967 11901 1484 3967 11902 1485 3967 11903 1463 3968 11904 1462 3968 11905 1511 3968 11906 1449 3969 11907 1498 3969 11908 1499 3969 11909 1476 3970 11910 1525 3970 11911 1526 3970 11912 1437 3971 11913 1436 3971 11914 1485 3971 11915 1463 3972 11916 1512 3972 11917 1513 3972 11918 1451 3973 11919 1450 3973 11920 1499 3973 11921 1437 3974 11922 1486 3974 11923 1487 3974 11924 1464 3975 11925 1513 3975 11926 1514 3975 11927 1451 3976 11928 1500 3976 11929 1501 3976 11930 1439 3977 11931 1438 3977 11932 1487 3977 11933 1466 3978 11934 1465 3978 11935 1514 3978 11936 1453 3979 11937 1452 3979 11938 1501 3979 11939 1439 3980 11940 1488 3980 11941 1489 3980 11942 1467 3981 11943 1466 3981 11944 1515 3981 11945 1453 3982 11946 1502 3982 11947 1503 3982 11948 1440 3983 11949 1489 3983 11950 1490 3983 11951 1467 3984 11952 1516 3984 11953 1517 3984 11954 1455 3985 11955 1454 3985 11956 1503 3985 11957 1442 3986 11958 1441 3986 11959 1490 3986 11960 1469 3987 11961 1468 3987 11962 1517 3987 11963 1510 3988 11964 1559 3988 11965 1560 3988 11966 1498 3989 11967 1497 3989 11968 1546 3989 11969 1524 3990 11970 1573 3990 11971 1574 3990 11972 1484 3991 11973 1533 3991 11974 1534 3991 11975 1512 3992 11976 1511 3992 11977 1560 3992 11978 1498 3993 11979 1547 3993 11980 1548 3993 11981 1525 3994 11982 1574 3994 11983 1575 3994 11984 1486 3995 11985 1485 3995 11986 1534 3995 11987 1513 3996 11988 1512 3996 11989 1561 3996 11990 1500 3997 11991 1499 3997 11992 1548 3997 11993 1486 3998 11994 1535 3998 11995 1536 3998 11996 1513 3999 11997 1562 3999 11998 1563 3999 11999 1500 4000 12000 1549 4000 12001 1550 4000 12002 1488 4001 12003 1487 4001 12004 1536 4001 12005 1514 4002 12006 1563 4002 12007 1564 4002 12008 1502 4003 12009 1501 4003 12010 1550 4003 12011 1488 4004 12012 1537 4004 12013 1538 4004 12014 1516 4005 12015 1515 4005 12016 1564 4005 12017 1502 4006 12018 1551 4006 12019 1552 4006 12020 1490 4007 12021 1489 4007 12022 1538 4007 12023 1516 4008 12024 1565 4008 12025 1566 4008 12026 1504 4009 12027 1503 4009 12028 1552 4009 12029 1491 4010 12030 1490 4010 12031 1539 4010 12032 1518 4011 12033 1517 4011 12034 1566 4011 12035 1504 4012 12036 1553 4012 12037 1554 4012 12038 1491 4013 12039 1540 4013 12040 1541 4013 12041 1518 4014 12042 1567 4014 12043 1568 4014 12044 1479 4015 12045 1478 4015 12046 1527 4015 12047 1506 4016 12048 1505 4016 12049 1554 4016 12050 1492 4017 12051 1541 4017 12052 1542 4017 12053 1520 4018 12054 1519 4018 12055 1568 4018 12056 1480 4019 12057 1479 4019 12058 1528 4019 12059 1506 4020 12060 1555 4020 12061 1556 4020 12062 1494 4021 12063 1493 4021 12064 1542 4021 12065 1520 4022 12066 1569 4022 12067 1570 4022 12068 1480 4023 12069 1529 4023 12070 1530 4023 12071 1508 4024 12072 1507 4024 12073 1556 4024 12074 1495 4025 12075 1494 4025 12076 1543 4025 12077 1521 4026 12078 1570 4026 12079 1571 4026 12080 1482 4027 12081 1481 4027 12082 1530 4027 12083 1509 4028 12084 1508 4028 12085 1557 4028 12086 1495 4029 12087 1544 4029 12088 1545 4029 12089 1522 4030 12090 1571 4030 12091 1572 4030 12092 1483 4031 12093 1482 4031 12094 1531 4031 12095 1509 4032 12096 1558 4032 12097 1559 4032 12098 1496 4033 12099 1545 4033 12100 1546 4033 12101 1523 4034 12102 1572 4034 12103 1573 4034 12104 1484 4035 12105 1483 4035 12106 1532 4035 12107 1553 4036 12108 1552 4036 12109 1601 4036 12110 1540 4037 12111 1539 4037 12112 1588 4037 12113 1567 4038 12114 1566 4038 12115 1615 4038 12116 1553 4039 12117 1602 4039 12118 1603 4039 12119 1540 4040 12120 1589 4040 12121 1590 4040 12122 1567 4041 12123 1616 4041 12124 1617 4041 12125 1528 4042 12126 1527 4042 12127 1576 4042 12128 1555 4043 12129 1554 4043 12130 1603 4043 12131 1541 4044 12132 1590 4044 12133 1591 4044 12134 1569 4045 12135 1568 4045 12136 1617 4045 12137 1529 4046 12138 1528 4046 12139 1577 4046 12140 1555 4047 12141 1604 4047 12142 1605 4047 12143 1543 4048 12144 1542 4048 12145 1591 4048 12146 1569 4049 12147 1618 4049 12148 1619 4049 12149 1529 4050 12150 1578 4050 12151 1579 4050 12152 1557 4051 12153 1556 4051 12154 1605 4051 12155 1544 4052 12156 1543 4052 12157 1592 4052 12158 1570 4053 12159 1619 4053 12160 1620 4053 12161 1531 4054 12162 1530 4054 12163 1579 4054 12164 1558 4055 12165 1557 4055 12166 1606 4055 12167 1544 4056 12168 1593 4056 12169 1594 4056 12170 1571 4057 12171 1620 4057 12172 1621 4057 12173 1532 4058 12174 1531 4058 12175 1580 4058 12176 1558 4059 12177 1607 4059 12178 1608 4059 12179 1545 4060 12180 1594 4060 12181 1595 4060 12182 1573 4061 12183 1572 4061 12184 1621 4061 12185 1533 4062 12186 1532 4062 12187 1581 4062 12188 1559 4063 12189 1608 4063 12190 1609 4063 12191 1547 4064 12192 1546 4064 12193 1595 4064 12194 1573 4065 12195 1622 4065 12196 1623 4065 12197 1533 4066 12198 1582 4066 12199 1583 4066 12200 1561 4067 12201 1560 4067 12202 1609 4067 12203 1547 4068 12204 1596 4068 12205 1597 4068 12206 1574 4069 12207 1623 4069 12208 1624 4069 12209 1535 4070 12210 1534 4070 12211 1583 4070 12212 1562 4071 12213 1561 4071 12214 1610 4071 12215 1549 4072 12216 1548 4072 12217 1597 4072 12218 1535 4073 12219 1584 4073 12220 1585 4073 12221 1562 4074 12222 1611 4074 12223 1612 4074 12224 1549 4075 12225 1598 4075 12226 1599 4075 12227 1537 4076 12228 1536 4076 12229 1585 4076 12230 1563 4077 12231 1612 4077 12232 1613 4077 12233 1551 4078 12234 1550 4078 12235 1599 4078 12236 1537 4079 12237 1586 4079 12238 1587 4079 12239 1565 4080 12240 1564 4080 12241 1613 4080 12242 1551 4081 12243 1600 4081 12244 1601 4081 12245 1539 4082 12246 1538 4082 12247 1587 4082 12248 1565 4083 12249 1614 4083 12250 1615 4083 12251 1593 4084 12252 1592 4084 12253 1641 4084 12254 1619 4085 12255 1668 4085 12256 1669 4085 12257 1580 4086 12258 1579 4086 12259 1628 4086 12260 1607 4087 12261 1606 4087 12262 1655 4087 12263 1593 4088 12264 1642 4088 12265 1643 4088 12266 1620 4089 12267 1669 4089 12268 1670 4089 12269 1581 4090 12270 1580 4090 12271 1629 4090 12272 1607 4091 12273 1656 4091 12274 1657 4091 12275 1594 4092 12276 1643 4092 12277 1644 4092 12278 1622 4093 12279 1621 4093 12280 1670 4093 12281 1582 4094 12282 1581 4094 12283 1630 4094 12284 1608 4095 12285 1657 4095 12286 1658 4095 12287 1596 4096 12288 1595 4096 12289 1644 4096 12290 1622 4097 12291 1671 4097 12292 1672 4097 12293 1582 4098 12294 1631 4098 12295 1632 4098 12296 1610 4099 12297 1609 4099 12298 1658 4099 12299 1596 4100 12300 1645 4100 12301 1646 4100 12302 1623 4101 12303 1672 4101 12304 1673 4101 12305 1584 4102 12306 1583 4102 12307 1632 4102 12308 1611 4103 12309 1610 4103 12310 1659 4103 12311 1598 4104 12312 1597 4104 12313 1646 4104 12314 1584 4105 12315 1633 4105 12316 1634 4105 12317 1611 4106 12318 1660 4106 12319 1661 4106 12320 1598 4107 12321 1647 4107 12322 1648 4107 12323 1586 4108 12324 1585 4108 12325 1634 4108 12326 1612 4109 12327 1661 4109 12328 1662 4109 12329 1600 4110 12330 1599 4110 12331 1648 4110 12332 1586 4111 12333 1635 4111 12334 1636 4111 12335 1614 4112 12336 1613 4112 12337 1662 4112 12338 1600 4113 12339 1649 4113 12340 1650 4113 12341 1588 4114 12342 1587 4114 12343 1636 4114 12344 1614 4115 12345 1663 4115 12346 1664 4115 12347 1602 4116 12348 1601 4116 12349 1650 4116 12350 1589 4117 12351 1588 4117 12352 1637 4117 12353 1616 4118 12354 1615 4118 12355 1664 4118 12356 1602 4119 12357 1651 4119 12358 1652 4119 12359 1589 4120 12360 1638 4120 12361 1639 4120 12362 1616 4121 12363 1665 4121 12364 1666 4121 12365 1577 4122 12366 1576 4122 12367 1625 4122 12368 1604 4123 12369 1603 4123 12370 1652 4123 12371 1590 4124 12372 1639 4124 12373 1640 4124 12374 1618 4125 12375 1617 4125 12376 1666 4125 12377 1577 4126 12378 1626 4126 12379 1627 4126 12380 1604 4127 12381 1653 4127 12382 1654 4127 12383 1592 4128 12384 1591 4128 12385 1640 4128 12386 1618 4129 12387 1667 4129 12388 1668 4129 12389 1578 4130 12390 1627 4130 12391 1628 4130 12392 1606 4131 12393 1605 4131 12394 1654 4131 12395 1635 4132 12396 1634 4132 12397 1683 4132 12398 1661 4133 12399 1710 4133 12400 1711 4133 12401 1649 4134 12402 1648 4134 12403 1697 4134 12404 1635 4135 12405 1684 4135 12406 1685 4135 12407 1663 4136 12408 1662 4136 12409 1711 4136 12410 1649 4137 12411 1698 4137 12412 1699 4137 12413 1637 4138 12414 1636 4138 12415 1685 4138 12416 1663 4139 12417 1712 4139 12418 1713 4139 12419 1651 4140 12420 1650 4140 12421 1699 4140 12422 1638 4141 12423 1637 4141 12424 1686 4141 12425 1665 4142 12426 1664 4142 12427 1713 4142 12428 1651 4143 12429 1700 4143 12430 1701 4143 12431 1638 4144 12432 1687 4144 12433 1688 4144 12434 1665 4145 12435 1714 4145 12436 1715 4145 12437 1626 4146 12438 1625 4146 12439 1674 4146 12440 1653 4147 12441 1652 4147 12442 1701 4147 12443 1639 4148 12444 1688 4148 12445 1689 4148 12446 1667 4149 12447 1666 4149 12448 1715 4149 12449 1627 4150 12450 1626 4150 12451 1675 4150 12452 1653 4151 12453 1702 4151 12454 1703 4151 12455 1641 4152 12456 1640 4152 12457 1689 4152 12458 1667 4153 12459 1716 4153 12460 1717 4153 12461 1627 4154 12462 1676 4154 12463 1677 4154 12464 1655 4155 12465 1654 4155 12466 1703 4155 12467 1642 4156 12468 1641 4156 12469 1690 4156 12470 1668 4157 12471 1717 4157 12472 1718 4157 12473 1628 4158 12474 1677 4158 12475 1678 4158 12476 1656 4159 12477 1655 4159 12478 1704 4159 12479 1642 4160 12480 1691 4160 12481 1692 4160 12482 1669 4161 12483 1718 4161 12484 1719 4161 12485 1630 4162 12486 1629 4162 12487 1678 4162 12488 1656 4163 12489 1705 4163 12490 1706 4163 12491 1643 4164 12492 1692 4164 12493 1693 4164 12494 1671 4165 12495 1670 4165 12496 1719 4165 12497 1631 4166 12498 1630 4166 12499 1679 4166 12500 1657 4167 12501 1706 4167 12502 1707 4167 12503 1645 4168 12504 1644 4168 12505 1693 4168 12506 1671 4169 12507 1720 4169 12508 1721 4169 12509 1631 4170 12510 1680 4170 12511 1681 4170 12512 1659 4171 12513 1658 4171 12514 1707 4171 12515 1645 4172 12516 1694 4172 12517 1695 4172 12518 1672 4173 12519 1721 4173 12520 1722 4173 12521 1633 4174 12522 1632 4174 12523 1681 4174 12524 1660 4175 12525 1659 4175 12526 1708 4175 12527 1647 4176 12528 1646 4176 12529 1695 4176 12530 1633 4177 12531 1682 4177 12532 1683 4177 12533 1660 4178 12534 1709 4178 12535 1710 4178 12536 1647 4179 12537 1696 4179 12538 1697 4179 12539 1690 4180 12540 1689 4180 12541 1739 4180 12542 1716 4181 12543 1766 4181 12544 1767 4181 12545 1676 4182 12546 1726 4182 12547 1727 4182 12548 1704 4183 12549 1703 4183 12550 1753 4183 12551 1691 4184 12552 1690 4184 12553 1740 4184 12554 1717 4185 12555 1767 4185 12556 1768 4185 12557 1678 4186 12558 1677 4186 12559 1727 4186 12560 1705 4187 12561 1704 4187 12562 1754 4187 12563 1691 4188 12564 1741 4188 12565 1742 4188 12566 1718 4189 12567 1768 4189 12568 1769 4189 12569 1678 4190 12570 1728 4190 12571 1729 4190 12572 1705 4191 12573 1755 4191 12574 1756 4191 12575 1692 4192 12576 1742 4192 12577 1743 4192 12578 1720 4193 12579 1719 4193 12580 1769 4193 12581 1680 4194 12582 1679 4194 12583 1729 4194 12584 1706 4195 12585 1756 4195 12586 1757 4195 12587 1694 4196 12588 1693 4196 12589 1743 4196 12590 1720 4197 12591 1770 4197 12592 1771 4197 12593 1680 4198 12594 1730 4198 12595 1731 4198 12596 1708 4199 12597 1707 4199 12598 1757 4199 12599 1694 4200 12600 1744 4200 12601 1745 4200 12602 1721 4201 12603 1771 4201 12604 1772 4201 12605 1682 4202 12606 1681 4202 12607 1731 4202 12608 1709 4203 12609 1708 4203 12610 1758 4203 12611 1696 4204 12612 1695 4204 12613 1745 4204 12614 1682 4205 12615 1732 4205 12616 1733 4205 12617 1709 4206 12618 1759 4206 12619 1760 4206 12620 1696 4207 12621 1746 4207 12622 1747 4207 12623 1684 4208 12624 1683 4208 12625 1733 4208 12626 1710 4209 12627 1760 4209 12628 1761 4209 12629 1698 4210 12630 1697 4210 12631 1747 4210 12632 1684 4211 12633 1734 4211 12634 1735 4211 12635 1712 4212 12636 1711 4212 12637 1761 4212 12638 1698 4213 12639 1748 4213 12640 1749 4213 12641 1686 4214 12642 1685 4214 12643 1735 4214 12644 1712 4215 12645 1762 4215 12646 1763 4215 12647 1700 4216 12648 1699 4216 12649 1749 4216 12650 1687 4217 12651 1686 4217 12652 1736 4217 12653 1714 4218 12654 1713 4218 12655 1763 4218 12656 1700 4219 12657 1750 4219 12658 1751 4219 12659 1687 4220 12660 1737 4220 12661 1738 4220 12662 1714 4221 12663 1764 4221 12664 1765 4221 12665 1675 4222 12666 1674 4222 12667 1724 4222 12668 1702 4223 12669 1701 4223 12670 1751 4223 12671 1688 4224 12672 1738 4224 12673 1739 4224 12674 1716 4225 12675 1715 4225 12676 1765 4225 12677 1676 4226 12678 1675 4226 12679 1725 4226 12680 1702 4227 12681 1752 4227 12682 1753 4227 12683 1732 4228 12684 1781 4228 12685 1782 4228 12686 1759 4229 12687 1808 4229 12688 1809 4229 12689 1746 4230 12690 1795 4230 12691 1796 4230 12692 1734 4231 12693 1733 4231 12694 1782 4231 12695 1760 4232 12696 1809 4232 12697 1810 4232 12698 1748 4233 12699 1747 4233 12700 1796 4233 12701 1734 4234 12702 1783 4234 12703 1784 4234 12704 1762 4235 12705 1761 4235 12706 1810 4235 12707 1748 4236 12708 1797 4236 12709 1798 4236 12710 1736 4237 12711 1735 4237 12712 1784 4237 12713 1762 4238 12714 1811 4238 12715 1812 4238 12716 1750 4239 12717 1749 4239 12718 1798 4239 12719 1737 4240 12720 1736 4240 12721 1785 4240 12722 1764 4241 12723 1763 4241 12724 1812 4241 12725 1750 4242 12726 1799 4242 12727 1800 4242 12728 1737 4243 12729 1786 4243 12730 1787 4243 12731 1764 4244 12732 1813 4244 12733 1814 4244 12734 1725 4245 12735 1724 4245 12736 1773 4245 12737 1752 4246 12738 1751 4246 12739 1800 4246 12740 1738 4247 12741 1787 4247 12742 1788 4247 12743 1766 4248 12744 1765 4248 12745 1814 4248 12746 1726 4249 12747 1725 4249 12748 1774 4249 12749 1752 4250 12750 1801 4250 12751 1802 4250 12752 1740 4251 12753 1739 4251 12754 1788 4251 12755 1766 4252 12756 1815 4252 12757 1816 4252 12758 1726 4253 12759 1775 4253 12760 1776 4253 12761 1754 4254 12762 1753 4254 12763 1802 4254 12764 1741 4255 12765 1740 4255 12766 1789 4255 12767 1767 4256 12768 1816 4256 12769 1817 4256 12770 1727 4257 12771 1776 4257 12772 1777 4257 12773 1755 4258 12774 1754 4258 12775 1803 4258 12776 1741 4259 12777 1790 4259 12778 1791 4259 12779 1769 4260 12780 1768 4260 12781 1817 4260 12782 1728 4261 12783 1777 4261 12784 1778 4261 12785 1755 4262 12786 1804 4262 12787 1805 4262 12788 1742 4263 12789 1791 4263 12790 1792 4263 12791 1770 4264 12792 1769 4264 12793 1818 4264 12794 1730 4265 12795 1729 4265 12796 1778 4265 12797 1756 4266 12798 1805 4266 12799 1806 4266 12800 1744 4267 12801 1743 4267 12802 1792 4267 12803 1770 4268 12804 1819 4268 12805 1820 4268 12806 1730 4269 12807 1779 4269 12808 1780 4269 12809 1758 4270 12810 1757 4270 12811 1806 4270 12812 1744 4271 12813 1793 4271 12814 1794 4271 12815 1771 4272 12816 1820 4272 12817 1821 4272 12818 1732 4273 12819 1731 4273 12820 1780 4273 12821 1759 4274 12822 1758 4274 12823 1807 4274 12824 1746 4275 12825 1745 4275 12826 1794 4275 12827 1787 4276 12828 1836 4276 12829 1837 4276 12830 1815 4277 12831 1814 4277 12832 1863 4277 12833 1775 4278 12834 1774 4278 12835 1823 4278 12836 1801 4279 12837 1850 4279 12838 1851 4279 12839 1789 4280 12840 1788 4280 12841 1837 4280 12842 1815 4281 12843 1864 4281 12844 1865 4281 12845 1775 4282 12846 1824 4282 12847 1825 4282 12848 1803 4283 12849 1802 4283 12850 1851 4283 12851 1790 4284 12852 1789 4284 12853 1838 4284 12854 1817 4285 12855 1816 4285 12856 1865 4285 12857 1777 4286 12858 1776 4286 12859 1825 4286 12860 1804 4287 12861 1803 4287 12862 1852 4287 12863 1790 4288 12864 1839 4288 12865 1840 4288 12866 1817 4289 12867 1866 4289 12868 1867 4289 12869 1777 4290 12870 1826 4290 12871 1827 4290 12872 1804 4291 12873 1853 4291 12874 1854 4291 12875 1791 4292 12876 1840 4292 12877 1841 4292 12878 1819 4293 12879 1818 4293 12880 1867 4293 12881 1779 4294 12882 1778 4294 12883 1827 4294 12884 1805 4295 12885 1854 4295 12886 1855 4295 12887 1793 4296 12888 1792 4296 12889 1841 4296 12890 1819 4297 12891 1868 4297 12892 1869 4297 12893 1779 4298 12894 1828 4298 12895 1829 4298 12896 1807 4299 12897 1806 4299 12898 1855 4299 12899 1793 4300 12900 1842 4300 12901 1843 4300 12902 1820 4301 12903 1869 4301 12904 1870 4301 12905 1781 4302 12906 1780 4302 12907 1829 4302 12908 1808 4303 12909 1807 4303 12910 1856 4303 12911 1795 4304 12912 1794 4304 12913 1843 4304 12914 1781 4305 12915 1830 4305 12916 1831 4305 12917 1808 4306 12918 1857 4306 12919 1858 4306 12920 1795 4307 12921 1844 4307 12922 1845 4307 12923 1783 4308 12924 1782 4308 12925 1831 4308 12926 1809 4309 12927 1858 4309 12928 1859 4309 12929 1797 4310 12930 1796 4310 12931 1845 4310 12932 1783 4311 12933 1832 4311 12934 1833 4311 12935 1811 4312 12936 1810 4312 12937 1859 4312 12938 1797 4313 12939 1846 4313 12940 1847 4313 12941 1785 4314 12942 1784 4314 12943 1833 4314 12944 1811 4315 12945 1860 4315 12946 1861 4315 12947 1799 4316 12948 1798 4316 12949 1847 4316 12950 1786 4317 12951 1785 4317 12952 1834 4317 12953 1813 4318 12954 1812 4318 12955 1861 4318 12956 1799 4319 12957 1848 4319 12958 1849 4319 12959 1786 4320 12960 1835 4320 12961 1836 4320 12962 1813 4321 12963 1862 4321 12964 1863 4321 12965 1774 4322 12966 1773 4322 12967 1822 4322 12968 1801 4323 12969 1800 4323 12970 1849 4323 12971 1869 4324 12972 1918 4324 12973 1919 4324 12974 1830 4325 12975 1829 4325 12976 1878 4325 12977 1857 4326 12978 1856 4326 12979 1905 4326 12980 1844 4327 12981 1843 4327 12982 1892 4327 12983 1830 4328 12984 1879 4328 12985 1880 4328 12986 1857 4329 12987 1906 4329 12988 1907 4329 12989 1844 4330 12990 1893 4330 12991 1894 4330 12992 1832 4331 12993 1831 4331 12994 1880 4331 12995 1858 4332 12996 1907 4332 12997 1908 4332 12998 1846 4333 12999 1845 4333 13000 1894 4333 13001 1832 4334 13002 1881 4334 13003 1882 4334 13004 1860 4335 13005 1859 4335 13006 1908 4335 13007 1846 4336 13008 1895 4336 13009 1896 4336 13010 1834 4337 13011 1833 4337 13012 1882 4337 13013 1860 4338 13014 1909 4338 13015 1910 4338 13016 1848 4339 13017 1847 4339 13018 1896 4339 13019 1835 4340 13020 1834 4340 13021 1883 4340 13022 1862 4341 13023 1861 4341 13024 1910 4341 13025 1848 4342 13026 1897 4342 13027 1898 4342 13028 1835 4343 13029 1884 4343 13030 1885 4343 13031 1862 4344 13032 1911 4344 13033 1912 4344 13034 1823 4345 13035 1822 4345 13036 1871 4345 13037 1850 4346 13038 1849 4346 13039 1898 4346 13040 1836 4347 13041 1885 4347 13042 1886 4347 13043 1864 4348 13044 1863 4348 13045 1912 4348 13046 1824 4349 13047 1823 4349 13048 1872 4349 13049 1850 4350 13050 1899 4350 13051 1900 4350 13052 1838 4351 13053 1837 4351 13054 1886 4351 13055 1864 4352 13056 1913 4352 13057 1914 4352 13058 1824 4353 13059 1873 4353 13060 1874 4353 13061 1852 4354 13062 1851 4354 13063 1900 4354 13064 1839 4355 13065 1838 4355 13066 1887 4355 13067 1865 4356 13068 1914 4356 13069 1915 4356 13070 1826 4357 13071 1825 4357 13072 1874 4357 13073 1853 4358 13074 1852 4358 13075 1901 4358 13076 1839 4359 13077 1888 4359 13078 1889 4359 13079 1866 4360 13080 1915 4360 13081 1916 4360 13082 1827 4361 13083 1826 4361 13084 1875 4361 13085 1853 4362 13086 1902 4362 13087 1903 4362 13088 1840 4363 13089 1889 4363 13090 1890 4363 13091 1868 4364 13092 1867 4364 13093 1916 4364 13094 1828 4365 13095 1827 4365 13096 1876 4365 13097 1854 4366 13098 1903 4366 13099 1904 4366 13100 1842 4367 13101 1841 4367 13102 1890 4367 13103 1868 4368 13104 1917 4368 13105 1918 4368 13106 1828 4369 13107 1877 4369 13108 1878 4369 13109 1856 4370 13110 1855 4370 13111 1904 4370 13112 1842 4371 13113 1891 4371 13114 1892 4371 13115 1884 4372 13116 1933 4372 13117 1934 4372 13118 1911 4373 13119 1960 4373 13120 1961 4373 13121 1872 4374 13122 1871 4374 13123 1920 4374 13124 1899 4375 13125 1898 4375 13126 1947 4375 13127 1885 4376 13128 1934 4376 13129 1935 4376 13130 1913 4377 13131 1912 4377 13132 1961 4377 13133 1873 4378 13134 1872 4378 13135 1921 4378 13136 1899 4379 13137 1948 4379 13138 1949 4379 13139 1887 4380 13140 1886 4380 13141 1935 4380 13142 1913 4381 13143 1962 4381 13144 1963 4381 13145 1873 4382 13146 1922 4382 13147 1923 4382 13148 1901 4383 13149 1900 4383 13150 1949 4383 13151 1888 4384 13152 1887 4384 13153 1936 4384 13154 1914 4385 13155 1963 4385 13156 1964 4385 13157 1875 4386 13158 1874 4386 13159 1923 4386 13160 1902 4387 13161 1901 4387 13162 1950 4387 13163 1888 4388 13164 1937 4388 13165 1938 4388 13166 1915 4389 13167 1964 4389 13168 1965 4389 13169 1876 4390 13170 1875 4390 13171 1924 4390 13172 1902 4391 13173 1951 4391 13174 1952 4391 13175 1889 4392 13176 1938 4392 13177 1939 4392 13178 1917 4393 13179 1916 4393 13180 1965 4393 13181 1877 4394 13182 1876 4394 13183 1925 4394 13184 1903 4395 13185 1952 4395 13186 1953 4395 13187 1891 4396 13188 1890 4396 13189 1939 4396 13190 1917 4397 13191 1966 4397 13192 1967 4397 13193 1877 4398 13194 1926 4398 13195 1927 4398 13196 1905 4399 13197 1904 4399 13198 1953 4399 13199 1891 4400 13200 1940 4400 13201 1941 4400 13202 1918 4401 13203 1967 4401 13204 1968 4401 13205 1879 4402 13206 1878 4402 13207 1927 4402 13208 1906 4403 13209 1905 4403 13210 1954 4403 13211 1893 4404 13212 1892 4404 13213 1941 4404 13214 1879 4405 13215 1928 4405 13216 1929 4405 13217 1906 4406 13218 1955 4406 13219 1956 4406 13220 1893 4407 13221 1942 4407 13222 1943 4407 13223 1881 4408 13224 1880 4408 13225 1929 4408 13226 1907 4409 13227 1956 4409 13228 1957 4409 13229 1895 4410 13230 1894 4410 13231 1943 4410 13232 1881 4411 13233 1930 4411 13234 1931 4411 13235 1909 4412 13236 1908 4412 13237 1957 4412 13238 1895 4413 13239 1944 4413 13240 1945 4413 13241 1883 4414 13242 1882 4414 13243 1931 4414 13244 1909 4415 13245 1958 4415 13246 1959 4415 13247 1897 4416 13248 1896 4416 13249 1945 4416 13250 1884 4417 13251 1883 4417 13252 1932 4417 13253 1911 4418 13254 1910 4418 13255 1959 4418 13256 1897 4419 13257 1946 4419 13258 1947 4419 13259 1966 4420 13260 2015 4420 13261 2016 4420 13262 1926 4421 13263 1975 4421 13264 1976 4421 13265 1954 4422 13266 1953 4422 13267 2002 4422 13268 1940 4423 13269 1989 4423 13270 1990 4423 13271 1967 4424 13272 2016 4424 13273 2017 4424 13274 1928 4425 13275 1927 4425 13276 1976 4425 13277 1955 4426 13278 1954 4426 13279 2003 4426 13280 1942 4427 13281 1941 4427 13282 1990 4427 13283 1928 4428 13284 1977 4428 13285 1978 4428 13286 1955 4429 13287 2004 4429 13288 2005 4429 13289 1942 4430 13290 1991 4430 13291 1992 4430 13292 1930 4431 13293 1929 4431 13294 1978 4431 13295 1956 4432 13296 2005 4432 13297 2006 4432 13298 1944 4433 13299 1943 4433 13300 1992 4433 13301 1930 4434 13302 1979 4434 13303 1980 4434 13304 1958 4435 13305 1957 4435 13306 2006 4435 13307 1944 4436 13308 1993 4436 13309 1994 4436 13310 1932 4437 13311 1931 4437 13312 1980 4437 13313 1958 4438 13314 2007 4438 13315 2008 4438 13316 1946 4439 13317 1945 4439 13318 1994 4439 13319 1933 4440 13320 1932 4440 13321 1981 4440 13322 1960 4441 13323 1959 4441 13324 2008 4441 13325 1946 4442 13326 1995 4442 13327 1996 4442 13328 1933 4443 13329 1982 4443 13330 1983 4443 13331 1960 4444 13332 2009 4444 13333 2010 4444 13334 1921 4445 13335 1920 4445 13336 1969 4445 13337 1948 4446 13338 1947 4446 13339 1996 4446 13340 1934 4447 13341 1983 4447 13342 1984 4447 13343 1962 4448 13344 1961 4448 13345 2010 4448 13346 1922 4449 13347 1921 4449 13348 1970 4449 13349 1948 4450 13350 1997 4450 13351 1998 4450 13352 1936 4451 13353 1935 4451 13354 1984 4451 13355 1962 4452 13356 2011 4452 13357 2012 4452 13358 1922 4453 13359 1971 4453 13360 1972 4453 13361 1950 4454 13362 1949 4454 13363 1998 4454 13364 1937 4455 13365 1936 4455 13366 1985 4455 13367 1963 4456 13368 2012 4456 13369 2013 4456 13370 1924 4457 13371 1923 4457 13372 1972 4457 13373 1951 4458 13374 1950 4458 13375 1999 4458 13376 1937 4459 13377 1986 4459 13378 1987 4459 13379 1964 4460 13380 2013 4460 13381 2014 4460 13382 1925 4461 13383 1924 4461 13384 1973 4461 13385 1951 4462 13386 2000 4462 13387 2001 4462 13388 1938 4463 13389 1987 4463 13390 1988 4463 13391 1966 4464 13392 1965 4464 13393 2014 4464 13394 1926 4465 13395 1925 4465 13396 1974 4465 13397 1952 4466 13398 2001 4466 13399 2002 4466 13400 1940 4467 13401 1939 4467 13402 1988 4467 13403 1982 4468 13404 1981 4468 13405 2030 4468 13406 2009 4469 13407 2008 4469 13408 2057 4469 13409 1995 4470 13410 2044 4470 13411 2045 4470 13412 1982 4471 13413 2031 4471 13414 2032 4471 13415 2009 4472 13416 2058 4472 13417 2059 4472 13418 1970 4473 13419 1969 4473 13420 2018 4473 13421 1997 4474 13422 1996 4474 13423 2045 4474 13424 1983 4475 13425 2032 4475 13426 2033 4475 13427 2011 4476 13428 2010 4476 13429 2059 4476 13430 1971 4477 13431 1970 4477 13432 2019 4477 13433 1997 4478 13434 2046 4478 13435 2047 4478 13436 1985 4479 13437 1984 4479 13438 2033 4479 13439 2011 4480 13440 2060 4480 13441 2061 4480 13442 1971 4481 13443 2020 4481 13444 2021 4481 13445 1999 4482 13446 1998 4482 13447 2047 4482 13448 1986 4483 13449 1985 4483 13450 2034 4483 13451 2012 4484 13452 2061 4484 13453 2062 4484 13454 1973 4485 13455 1972 4485 13456 2021 4485 13457 2000 4486 13458 1999 4486 13459 2048 4486 13460 1986 4487 13461 2035 4487 13462 2036 4487 13463 2013 4488 13464 2062 4488 13465 2063 4488 13466 1974 4489 13467 1973 4489 13468 2022 4489 13469 2000 4490 13470 2049 4490 13471 2050 4490 13472 1987 4491 13473 2036 4491 13474 2037 4491 13475 2015 4492 13476 2014 4492 13477 2063 4492 13478 1975 4493 13479 1974 4493 13480 2023 4493 13481 2001 4494 13482 2050 4494 13483 2051 4494 13484 1989 4495 13485 1988 4495 13486 2037 4495 13487 2015 4496 13488 2064 4496 13489 2065 4496 13490 1975 4497 13491 2024 4497 13492 2025 4497 13493 2003 4498 13494 2002 4498 13495 2051 4498 13496 1989 4499 13497 2038 4499 13498 2039 4499 13499 2016 4500 13500 2065 4500 13501 2066 4500 13502 1977 4501 13503 1976 4501 13504 2025 4501 13505 2004 4502 13506 2003 4502 13507 2052 4502 13508 1991 4503 13509 1990 4503 13510 2039 4503 13511 1977 4504 13512 2026 4504 13513 2027 4504 13514 2004 4505 13515 2053 4505 13516 2054 4505 13517 1991 4506 13518 2040 4506 13519 2041 4506 13520 1979 4507 13521 1978 4507 13522 2027 4507 13523 2005 4508 13524 2054 4508 13525 2055 4508 13526 1993 4509 13527 1992 4509 13528 2041 4509 13529 1979 4510 13530 2028 4510 13531 2029 4510 13532 2007 4511 13533 2006 4511 13534 2055 4511 13535 1993 4512 13536 2042 4512 13537 2043 4512 13538 1981 4513 13539 1980 4513 13540 2029 4513 13541 2007 4514 13542 2056 4514 13543 2057 4514 13544 1995 4515 13545 1994 4515 13546 2043 4515 13547 2064 4516 13548 2063 4516 13549 2112 4516 13550 2024 4517 13551 2023 4517 13552 2072 4517 13553 2050 4518 13554 2099 4518 13555 2100 4518 13556 2038 4519 13557 2037 4519 13558 2086 4519 13559 2064 4520 13560 2113 4520 13561 2114 4520 13562 2024 4521 13563 2073 4521 13564 2074 4521 13565 2052 4522 13566 2051 4522 13567 2100 4522 13568 2038 4523 13569 2087 4523 13570 2088 4523 13571 2065 4524 13572 2114 4524 13573 2115 4524 13574 2026 4525 13575 2025 4525 13576 2074 4525 13577 2053 4526 13578 2052 4526 13579 2101 4526 13580 2040 4527 13581 2039 4527 13582 2088 4527 13583 2026 4528 13584 2075 4528 13585 2076 4528 13586 2053 4529 13587 2102 4529 13588 2103 4529 13589 2040 4530 13590 2089 4530 13591 2090 4530 13592 2028 4531 13593 2027 4531 13594 2076 4531 13595 2054 4532 13596 2103 4532 13597 2104 4532 13598 2042 4533 13599 2041 4533 13600 2090 4533 13601 2028 4534 13602 2077 4534 13603 2078 4534 13604 2056 4535 13605 2055 4535 13606 2104 4535 13607 2042 4536 13608 2091 4536 13609 2092 4536 13610 2029 4537 13611 2078 4537 13612 2079 4537 13613 2056 4538 13614 2105 4538 13615 2106 4538 13616 2044 4539 13617 2043 4539 13618 2092 4539 13619 2031 4540 13620 2030 4540 13621 2079 4540 13622 2058 4541 13623 2057 4541 13624 2106 4541 13625 2044 4542 13626 2093 4542 13627 2094 4542 13628 2031 4543 13629 2080 4543 13630 2081 4543 13631 2058 4544 13632 2107 4544 13633 2108 4544 13634 2019 4545 13635 2018 4545 13636 2067 4545 13637 2046 4546 13638 2045 4546 13639 2094 4546 13640 2032 4547 13641 2081 4547 13642 2082 4547 13643 2060 4548 13644 2059 4548 13645 2108 4548 13646 2020 4549 13647 2019 4549 13648 2068 4549 13649 2046 4550 13650 2095 4550 13651 2096 4550 13652 2034 4551 13653 2033 4551 13654 2082 4551 13655 2060 4552 13656 2109 4552 13657 2110 4552 13658 2020 4553 13659 2069 4553 13660 2070 4553 13661 2048 4554 13662 2047 4554 13663 2096 4554 13664 2035 4555 13665 2034 4555 13666 2083 4555 13667 2061 4556 13668 2110 4556 13669 2111 4556 13670 2022 4557 13671 2021 4557 13672 2070 4557 13673 2049 4558 13674 2048 4558 13675 2097 4558 13676 2035 4559 13677 2084 4559 13678 2085 4559 13679 2062 4560 13680 2111 4560 13681 2112 4560 13682 2023 4561 13683 2022 4561 13684 2071 4561 13685 2049 4562 13686 2098 4562 13687 2099 4562 13688 2036 4563 13689 2085 4563 13690 2086 4563 13691 2078 4564 13692 2127 4564 13693 2128 4564 13694 2105 4565 13695 2154 4565 13696 2155 4565 13697 2093 4566 13698 2092 4566 13699 2141 4566 13700 2080 4567 13701 2079 4567 13702 2128 4567 13703 2107 4568 13704 2106 4568 13705 2155 4568 13706 2093 4569 13707 2142 4569 13708 2143 4569 13709 2080 4570 13710 2129 4570 13711 2130 4570 13712 2107 4571 13713 2156 4571 13714 2157 4571 13715 2068 4572 13716 2067 4572 13717 2116 4572 13718 2095 4573 13719 2094 4573 13720 2143 4573 13721 2081 4574 13722 2130 4574 13723 2131 4574 13724 2109 4575 13725 2108 4575 13726 2157 4575 13727 2069 4576 13728 2068 4576 13729 2117 4576 13730 2095 4577 13731 2144 4577 13732 2145 4577 13733 2083 4578 13734 2082 4578 13735 2131 4578 13736 2109 4579 13737 2158 4579 13738 2159 4579 13739 2069 4580 13740 2118 4580 13741 2119 4580 13742 2097 4581 13743 2096 4581 13744 2145 4581 13745 2084 4582 13746 2083 4582 13747 2132 4582 13748 2110 4583 13749 2159 4583 13750 2160 4583 13751 2071 4584 13752 2070 4584 13753 2119 4584 13754 2098 4585 13755 2097 4585 13756 2146 4585 13757 2084 4586 13758 2133 4586 13759 2134 4586 13760 2111 4587 13761 2160 4587 13762 2161 4587 13763 2072 4588 13764 2071 4588 13765 2120 4588 13766 2098 4589 13767 2147 4589 13768 2148 4589 13769 2085 4590 13770 2134 4590 13771 2135 4590 13772 2113 4591 13773 2112 4591 13774 2161 4591 13775 2073 4592 13776 2072 4592 13777 2121 4592 13778 2099 4593 13779 2148 4593 13780 2149 4593 13781 2087 4594 13782 2086 4594 13783 2135 4594 13784 2113 4595 13785 2162 4595 13786 2163 4595 13787 2073 4596 13788 2122 4596 13789 2123 4596 13790 2101 4597 13791 2100 4597 13792 2149 4597 13793 2087 4598 13794 2136 4598 13795 2137 4598 13796 2114 4599 13797 2163 4599 13798 2164 4599 13799 2075 4600 13800 2074 4600 13801 2123 4600 13802 2102 4601 13803 2101 4601 13804 2150 4601 13805 2089 4602 13806 2088 4602 13807 2137 4602 13808 2075 4603 13809 2124 4603 13810 2125 4603 13811 2102 4604 13812 2151 4604 13813 2152 4604 13814 2089 4605 13815 2138 4605 13816 2139 4605 13817 2077 4606 13818 2076 4606 13819 2125 4606 13820 2104 4607 13821 2103 4607 13822 2152 4607 13823 2091 4608 13824 2090 4608 13825 2139 4608 13826 2078 4609 13827 2077 4609 13828 2126 4609 13829 2104 4610 13830 2153 4610 13831 2154 4610 13832 2091 4611 13833 2140 4611 13834 2141 4611 13835 2160 4612 13836 2209 4612 13837 2210 4612 13838 2121 4613 13839 2120 4613 13840 2169 4613 13841 2147 4614 13842 2196 4614 13843 2197 4614 13844 2134 4615 13845 2183 4615 13846 2184 4615 13847 2162 4616 13848 2161 4616 13849 2210 4616 13850 2122 4617 13851 2121 4617 13852 2170 4617 13853 2149 4618 13854 2148 4618 13855 2197 4618 13856 2136 4619 13857 2135 4619 13858 2184 4619 13859 2162 4620 13860 2211 4620 13861 2212 4620 13862 2122 4621 13863 2171 4621 13864 2172 4621 13865 2150 4622 13866 2149 4622 13867 2198 4622 13868 2136 4623 13869 2185 4623 13870 2186 4623 13871 2163 4624 13872 2212 4624 13873 2213 4624 13874 2124 4625 13875 2123 4625 13876 2172 4625 13877 2151 4626 13878 2150 4626 13879 2199 4626 13880 2138 4627 13881 2137 4627 13882 2186 4627 13883 2124 4628 13884 2173 4628 13885 2174 4628 13886 2151 4629 13887 2200 4629 13888 2201 4629 13889 2138 4630 13890 2187 4630 13891 2188 4630 13892 2126 4631 13893 2125 4631 13894 2174 4631 13895 2153 4632 13896 2152 4632 13897 2201 4632 13898 2140 4633 13899 2139 4633 13900 2188 4633 13901 2126 4634 13902 2175 4634 13903 2176 4634 13904 2153 4635 13905 2202 4635 13906 2203 4635 13907 2140 4636 13908 2189 4636 13909 2190 4636 13910 2127 4637 13911 2176 4637 13912 2177 4637 13913 2154 4638 13914 2203 4638 13915 2204 4638 13916 2142 4639 13917 2141 4639 13918 2190 4639 13919 2129 4640 13920 2128 4640 13921 2177 4640 13922 2156 4641 13923 2155 4641 13924 2204 4641 13925 2142 4642 13926 2191 4642 13927 2192 4642 13928 2129 4643 13929 2178 4643 13930 2179 4643 13931 2156 4644 13932 2205 4644 13933 2206 4644 13934 2117 4645 13935 2116 4645 13936 2165 4645 13937 2144 4646 13938 2143 4646 13939 2192 4646 13940 2130 4647 13941 2179 4647 13942 2180 4647 13943 2158 4648 13944 2157 4648 13945 2206 4648 13946 2118 4649 13947 2117 4649 13948 2166 4649 13949 2144 4650 13950 2193 4650 13951 2194 4650 13952 2131 4651 13953 2180 4651 13954 2181 4651 13955 2158 4652 13956 2207 4652 13957 2208 4652 13958 2118 4653 13959 2167 4653 13960 2168 4653 13961 2146 4654 13962 2145 4654 13963 2194 4654 13964 2133 4655 13965 2132 4655 13966 2181 4655 13967 2159 4656 13968 2208 4656 13969 2209 4656 13970 2120 4657 13971 2119 4657 13972 2168 4657 13973 2147 4658 13974 2146 4658 13975 2195 4658 13976 2133 4659 13977 2182 4659 13978 2183 4659 13979 2176 4660 13980 2175 4660 13981 2224 4660 13982 2202 4661 13983 2251 4661 13984 2252 4661 13985 2189 4662 13986 2238 4662 13987 2239 4662 13988 2176 4663 13989 2225 4663 13990 2226 4663 13991 2203 4664 13992 2252 4664 13993 2253 4664 13994 2191 4665 13995 2190 4665 13996 2239 4665 13997 2178 4666 13998 2177 4666 13999 2226 4666 14000 2205 4667 14001 2204 4667 14002 2253 4667 14003 2191 4668 14004 2240 4668 14005 2241 4668 14006 2178 4669 14007 2227 4669 14008 2228 4669 14009 2205 4670 14010 2254 4670 14011 2255 4670 14012 2166 4671 14013 2165 4671 14014 2214 4671 14015 2193 4672 14016 2192 4672 14017 2241 4672 14018 2179 4673 14019 2228 4673 14020 2229 4673 14021 2207 4674 14022 2206 4674 14023 2255 4674 14024 2167 4675 14025 2166 4675 14026 2215 4675 14027 2193 4676 14028 2242 4676 14029 2243 4676 14030 2180 4677 14031 2229 4677 14032 2230 4677 14033 2207 4678 14034 2256 4678 14035 2257 4678 14036 2167 4679 14037 2216 4679 14038 2217 4679 14039 2195 4680 14040 2194 4680 14041 2243 4680 14042 2182 4681 14043 2181 4681 14044 2230 4681 14045 2208 4682 14046 2257 4682 14047 2258 4682 14048 2169 4683 14049 2168 4683 14050 2217 4683 14051 2196 4684 14052 2195 4684 14053 2244 4684 14054 2182 4685 14055 2231 4685 14056 2232 4685 14057 2209 4686 14058 2258 4686 14059 2259 4686 14060 2170 4687 14061 2169 4687 14062 2218 4687 14063 2196 4688 14064 2245 4688 14065 2246 4688 14066 2183 4689 14067 2232 4689 14068 2233 4689 14069 2211 4690 14070 2210 4690 14071 2259 4690 14072 2171 4691 14073 2170 4691 14074 2219 4691 14075 2198 4692 14076 2197 4692 14077 2246 4692 14078 2185 4693 14079 2184 4693 14080 2233 4693 14081 2211 4694 14082 2260 4694 14083 2261 4694 14084 2171 4695 14085 2220 4695 14086 2221 4695 14087 2199 4696 14088 2198 4696 14089 2247 4696 14090 2185 4697 14091 2234 4697 14092 2235 4697 14093 2212 4698 14094 2261 4698 14095 2262 4698 14096 2173 4699 14097 2172 4699 14098 2221 4699 14099 2200 4700 14100 2199 4700 14101 2248 4700 14102 2187 4701 14103 2186 4701 14104 2235 4701 14105 2173 4702 14106 2222 4702 14107 2223 4702 14108 2200 4703 14109 2249 4703 14110 2250 4703 14111 2187 4704 14112 2236 4704 14113 2237 4704 14114 2175 4705 14115 2174 4705 14116 2223 4705 14117 2202 4706 14118 2201 4706 14119 2250 4706 14120 2189 4707 14121 2188 4707 14122 2237 4707 14123 2257 4708 14124 2306 4708 14125 2307 4708 14126 2218 4709 14127 2217 4709 14128 2266 4709 14129 2245 4710 14130 2244 4710 14131 2293 4710 14132 2231 4711 14133 2280 4711 14134 2281 4711 14135 2258 4712 14136 2307 4712 14137 2308 4712 14138 2219 4713 14139 2218 4713 14140 2267 4713 14141 2245 4714 14142 2294 4714 14143 2295 4714 14144 2232 4715 14145 2281 4715 14146 2282 4715 14147 2260 4716 14148 2259 4716 14149 2308 4716 14150 2220 4717 14151 2219 4717 14152 2268 4717 14153 2247 4718 14154 2246 4718 14155 2295 4718 14156 2234 4719 14157 2233 4719 14158 2282 4719 14159 2260 4720 14160 2309 4720 14161 2310 4720 14162 2220 4721 14163 2269 4721 14164 2270 4721 14165 2248 4722 14166 2247 4722 14167 2296 4722 14168 2234 4723 14169 2283 4723 14170 2284 4723 14171 2261 4724 14172 2310 4724 14173 2311 4724 14174 2222 4725 14175 2221 4725 14176 2270 4725 14177 2249 4726 14178 2248 4726 14179 2297 4726 14180 2236 4727 14181 2235 4727 14182 2284 4727 14183 2222 4728 14184 2271 4728 14185 2272 4728 14186 2249 4729 14187 2298 4729 14188 2299 4729 14189 2236 4730 14190 2285 4730 14191 2286 4730 14192 2224 4731 14193 2223 4731 14194 2272 4731 14195 2251 4732 14196 2250 4732 14197 2299 4732 14198 2238 4733 14199 2237 4733 14200 2286 4733 14201 2225 4734 14202 2224 4734 14203 2273 4734 14204 2251 4735 14205 2300 4735 14206 2301 4735 14207 2238 4736 14208 2287 4736 14209 2288 4736 14210 2225 4737 14211 2274 4737 14212 2275 4737 14213 2252 4738 14214 2301 4738 14215 2302 4738 14216 2240 4739 14217 2239 4739 14218 2288 4739 14219 2227 4740 14220 2226 4740 14221 2275 4740 14222 2254 4741 14223 2253 4741 14224 2302 4741 14225 2240 4742 14226 2289 4742 14227 2290 4742 14228 2227 4743 14229 2276 4743 14230 2277 4743 14231 2254 4744 14232 2303 4744 14233 2304 4744 14234 2215 4745 14235 2214 4745 14236 2263 4745 14237 2242 4746 14238 2241 4746 14239 2290 4746 14240 2228 4747 14241 2277 4747 14242 2278 4747 14243 2256 4748 14244 2255 4748 14245 2304 4748 14246 2216 4749 14247 2215 4749 14248 2264 4749 14249 2242 4750 14250 2291 4750 14251 2292 4750 14252 2229 4751 14253 2278 4751 14254 2279 4751 14255 2256 4752 14256 2305 4752 14257 2306 4752 14258 2216 4753 14259 2265 4753 14260 2266 4753 14261 2244 4754 14262 2243 4754 14263 2292 4754 14264 2231 4755 14265 2230 4755 14266 2279 4755 14267 2273 4756 14268 2272 4756 14269 2321 4756 14270 2300 4757 14271 2299 4757 14272 2348 4757 14273 2287 4758 14274 2286 4758 14275 2335 4758 14276 2274 4759 14277 2273 4759 14278 2322 4759 14279 2300 4760 14280 2349 4760 14281 2350 4760 14282 2287 4761 14283 2336 4761 14284 2337 4761 14285 2274 4762 14286 2323 4762 14287 2324 4762 14288 2301 4763 14289 2350 4763 14290 2351 4763 14291 2289 4764 14292 2288 4764 14293 2337 4764 14294 2276 4765 14295 2275 4765 14296 2324 4765 14297 2303 4766 14298 2302 4766 14299 2351 4766 14300 2289 4767 14301 2338 4767 14302 2339 4767 14303 2276 4768 14304 2325 4768 14305 2326 4768 14306 2303 4769 14307 2352 4769 14308 2353 4769 14309 2264 4770 14310 2263 4770 14311 2312 4770 14312 2290 4771 14313 2339 4771 14314 2340 4771 14315 2277 4772 14316 2326 4772 14317 2327 4772 14318 2305 4773 14319 2304 4773 14320 2353 4773 14321 2265 4774 14322 2264 4774 14323 2313 4774 14324 2291 4775 14325 2340 4775 14326 2341 4775 14327 2278 4776 14328 2327 4776 14329 2328 4776 14330 2305 4777 14331 2354 4777 14332 2355 4777 14333 2265 4778 14334 2314 4778 14335 2315 4778 14336 2293 4779 14337 2292 4779 14338 2341 4779 14339 2280 4780 14340 2279 4780 14341 2328 4780 14342 2306 4781 14343 2355 4781 14344 2356 4781 14345 2267 4782 14346 2266 4782 14347 2315 4782 14348 2294 4783 14349 2293 4783 14350 2342 4783 14351 2280 4784 14352 2329 4784 14353 2330 4784 14354 2307 4785 14355 2356 4785 14356 2357 4785 14357 2268 4786 14358 2267 4786 14359 2316 4786 14360 2294 4787 14361 2343 4787 14362 2344 4787 14363 2281 4788 14364 2330 4788 14365 2331 4788 14366 2309 4789 14367 2308 4789 14368 2357 4789 14369 2269 4790 14370 2268 4790 14371 2317 4790 14372 2296 4791 14373 2295 4791 14374 2344 4791 14375 2283 4792 14376 2282 4792 14377 2331 4792 14378 2309 4793 14379 2358 4793 14380 2359 4793 14381 2269 4794 14382 2318 4794 14383 2319 4794 14384 2297 4795 14385 2296 4795 14386 2345 4795 14387 2283 4796 14388 2332 4796 14389 2333 4796 14390 2310 4797 14391 2359 4797 14392 2360 4797 14393 2271 4798 14394 2270 4798 14395 2319 4798 14396 2298 4799 14397 2297 4799 14398 2346 4799 14399 2285 4800 14400 2284 4800 14401 2333 4800 14402 2271 4801 14403 2320 4801 14404 2321 4801 14405 2298 4802 14406 2347 4802 14407 2348 4802 14408 2285 4803 14409 2334 4803 14410 2335 4803 14411 2354 4804 14412 2403 4804 14413 2404 4804 14414 2314 4805 14415 2363 4805 14416 2364 4805 14417 2342 4806 14418 2341 4806 14419 2390 4806 14420 2329 4807 14421 2328 4807 14422 2377 4807 14423 2355 4808 14424 2404 4808 14425 2405 4808 14426 2316 4809 14427 2315 4809 14428 2364 4809 14429 2343 4810 14430 2342 4810 14431 2391 4810 14432 2329 4811 14433 2378 4811 14434 2379 4811 14435 2356 4812 14436 2405 4812 14437 2406 4812 14438 2317 4813 14439 2316 4813 14440 2365 4813 14441 2343 4814 14442 2392 4814 14443 2393 4814 14444 2330 4815 14445 2379 4815 14446 2380 4815 14447 2358 4816 14448 2357 4816 14449 2406 4816 14450 2318 4817 14451 2317 4817 14452 2366 4817 14453 2345 4818 14454 2344 4818 14455 2393 4818 14456 2332 4819 14457 2331 4819 14458 2380 4819 14459 2358 4820 14460 2407 4820 14461 2408 4820 14462 2318 4821 14463 2367 4821 14464 2368 4821 14465 2346 4822 14466 2345 4822 14467 2394 4822 14468 2332 4823 14469 2381 4823 14470 2382 4823 14471 2359 4824 14472 2408 4824 14473 2409 4824 14474 2320 4825 14475 2319 4825 14476 2368 4825 14477 2347 4826 14478 2346 4826 14479 2395 4826 14480 2334 4827 14481 2333 4827 14482 2382 4827 14483 2320 4828 14484 2369 4828 14485 2370 4828 14486 2347 4829 14487 2396 4829 14488 2397 4829 14489 2334 4830 14490 2383 4830 14491 2384 4830 14492 2322 4831 14493 2321 4831 14494 2370 4831 14495 2349 4832 14496 2348 4832 14497 2397 4832 14498 2336 4833 14499 2335 4833 14500 2384 4833 14501 2323 4834 14502 2322 4834 14503 2371 4834 14504 2349 4835 14505 2398 4835 14506 2399 4835 14507 2336 4836 14508 2385 4836 14509 2386 4836 14510 2323 4837 14511 2372 4837 14512 2373 4837 14513 2350 4838 14514 2399 4838 14515 2400 4838 14516 2338 4839 14517 2337 4839 14518 2386 4839 14519 2325 4840 14520 2324 4840 14521 2373 4840 14522 2352 4841 14523 2351 4841 14524 2400 4841 14525 2338 4842 14526 2387 4842 14527 2388 4842 14528 2325 4843 14529 2374 4843 14530 2375 4843 14531 2352 4844 14532 2401 4844 14533 2402 4844 14534 2313 4845 14535 2312 4845 14536 2361 4845 14537 2340 4846 14538 2339 4846 14539 2388 4846 14540 2326 4847 14541 2375 4847 14542 2376 4847 14543 2354 4848 14544 2353 4848 14545 2402 4848 14546 2314 4849 14547 2313 4849 14548 2362 4849 14549 2340 4850 14550 2389 4850 14551 2390 4850 14552 2327 4851 14553 2376 4851 14554 2377 4851 14555 2369 4852 14556 1 4852 14557 2417 4852 14558 2378 4853 14559 2424 4853 14560 2425 4853 14561 2405 4854 14562 2448 4854 14563 2449 4854 14564 2392 4855 14565 2438 4855 14566 2439 4855 14567 2371 4856 14568 2370 4856 14569 2417 4856 14570 2379 4857 14571 2425 4857 14572 2426 4857 14573 2407 4858 14574 2406 4858 14575 2449 4858 14576 2394 4859 14577 2393 4859 14578 2439 4859 14579 2372 4860 14580 2371 4860 14581 2418 4860 14582 2381 4861 14583 2380 4861 14584 2426 4861 14585 2408 4862 14586 2407 4862 14587 6 4862 14588 2395 4863 14589 2394 4863 14590 2440 4863 14591 2372 4864 14592 2419 4864 14593 2420 4864 14594 2381 4865 14595 2427 4865 14596 2428 4865 14597 2408 4866 14598 2450 4866 14599 2451 4866 14600 2396 4867 14601 2395 4867 14602 2441 4867 14603 2374 4868 14604 2373 4868 14605 2420 4868 14606 2383 4869 14607 2382 4869 14608 2428 4869 14609 2396 4870 14610 3 4870 14611 2442 4870 14612 2374 4871 14613 2 4871 14614 2421 4871 14615 2383 4872 14616 2429 4872 14617 2430 4872 14618 2362 4873 14619 2361 4873 14620 2410 4873 14621 2398 4874 14622 2397 4874 14623 2442 4874 14624 2375 4875 14625 2421 4875 14626 2422 4875 14627 2385 4876 14628 2384 4876 14629 2430 4876 14630 2362 4877 14631 2411 4877 14632 2412 4877 14633 2398 4878 14634 2443 4878 14635 2444 4878 14636 2385 4879 14637 2431 4879 14638 2432 4879 14639 2363 4880 14640 2412 4880 14641 2413 4880 14642 2399 4881 14643 2444 4881 14644 2445 4881 14645 2387 4882 14646 2386 4882 14647 2432 4882 14648 2365 4883 14649 2364 4883 14650 2413 4883 14651 2401 4884 14652 2400 4884 14653 2445 4884 14654 2387 4885 14655 2433 4885 14656 2434 4885 14657 2366 4886 14658 2365 4886 14659 2414 4886 14660 2401 4887 14661 4 4887 14662 2446 4887 14663 2389 4888 14664 2388 4888 14665 2434 4888 14666 2366 4889 14667 2415 4889 14668 0 4889 14669 2403 4890 14670 2402 4890 14671 2446 4890 14672 2389 4891 14673 2435 4891 14674 2436 4891 14675 2367 4892 14676 0 4892 14677 2416 4892 14678 2376 4893 14679 2422 4893 14680 2423 4893 14681 2404 4894 14682 2403 4894 14683 5 4894 14684 2391 4895 14685 2390 4895 14686 2436 4895 14687 2369 4896 14688 2368 4896 14689 2416 4896 14690 2378 4897 14691 2377 4897 14692 2423 4897 14693 2404 4898 14694 2447 4898 14695 2448 4898 14696 2392 4899 14697 2391 4899 14698 2437 4899 14699</p>
        </triangles>
      </mesh>
    </geometry>
  </library_geometries>
  <library_visual_scenes>
    <visual_scene id="Scene" name="Scene">
      <node id="Sphere" name="Sphere" type="NODE">
        <matrix sid="transform">1 0 0 0 0 1 0 0 0 0 1 0 0 0 0 1</matrix>
        <instance_geometry url="#Sphere_001-mesh" name="Sphere">
          <bind_material>
            <technique_common>
              <instance_material symbol="Material_003-material" target="#Material_003-material">
                <bind_vertex_input semantic="UVMap" input_semantic="TEXCOORD" input_set="0"/>
              </instance_material>
            </technique_common>
          </bind_material>
        </instance_geometry>
      </node>
    </visual_scene>
  </library_visual_scenes>
  <scene>
    <instance_visual_scene url="#Scene"/>
  </scene>
</COLLADA>